Lot URL,Lot/Inv #,Est. Retail value,Sale date,Year,Make,Model,Engine type,Cylinders,VIN,Title code,Odometer,Odometer description,Damage description,Current bid,My bid,Item number,Sale name,Auto grade,Sale light,Announcements
https://www.copart.com/lot/87300915/salvage-2019-nissan-versa-s-al-tanner,87300915,"10,899 USD",11/03/2025 08:00 pm CST,2019,NISS,VERSA S,1.6L  4,4,3N1CN7AP8KL******,CERT OF TITLE-SALVAGE TITLE,"101,330 N",NOT ACTUAL,REAR END,175 USD,0 USD,2173,AL - TANNER,0,N/A,N/A
https://www.copart.com/lot/87260425/salvage-2016-toyota-rav4-xle-al-montgomery,87260425,$1 USD,11/03/2025 08:00 pm CST,2016,TOYT,RAV4 XLE,2.5L  4,4,JTMWFREV6GD******,CERT OF TITLE-SALVAGE TITLE,0 N,NOT ACTUAL,FRONT END,"2,800 USD",0 USD,5037,AL - MONTGOMERY,0,N/A,N/A
https://www.copart.com/lot/87049425/clean-title-2020-chevrolet-tahoe-police-al-tanner,87049425,"12,664 USD",11/03/2025 08:00 pm CST,2020,CHEV,TAHOE POLI,5.3L  8,8,1GNLCDEC8LR******,CERTIFICATE OF TITLE (P),"184,657 A",ACTUAL,SIDE,"5,200 USD",0 USD,2172,AL - TANNER,0,N/A,N/A
https://www.copart.com/lot/86801945/clean-title-2017-mitsubishi-mirage-es-al-tanner,86801945,$1 USD,11/03/2025 08:00 pm CST,2017,MITS,MIRAGE ES,1.2L  3,3,ML32A3HJ5HH******,CERTIFICATE OF TITLE (P),"114,846 A",ACTUAL,REAR END,900 USD,0 USD,2016,AL - TANNER,0,N/A,N/A
https://www.copart.com/lot/86455965/clean-title-2015-kia-forte-lx-al-tanner,86455965,$1 USD,11/03/2025 08:00 pm CST,2015,KIA,FORTE LX,1.8L  4,4,KNAFK4A69F5******,CERTIFICATE OF TITLE,"173,419 A",ACTUAL,MECHANICAL,550 USD,0 USD,4068,AL - TANNER,0,N/A,N/A
https://www.copart.com/lot/86100825/clean-title-2016-subaru-crosstrek-limited-al-tanner,86100825,$1 USD,11/03/2025 08:00 pm CST,2016,SUBA,CROSSTREK,2.0L  4,4,JF2GPANC0G8******,CERT OF TITLE-REBUILT,"133,878 A",ACTUAL,MINOR DENT/SCRATCHES,"2,950 USD",0 USD,5098,AL - TANNER,0,N/A,N/A
https://www.copart.com/lot/85739045/salvage-2020-ford-ranger-xl-al-montgomery,85739045,"19,866 USD",11/03/2025 08:00 pm CST,2020,FORD,RANGER XL,2.3L  4,4,1FTER4EH7LL******,CERT OF TITLE-SALVAGE TITLE,0 N,NOT ACTUAL,ALL OVER,"1,400 USD",0 USD,4109,AL - MONTGOMERY,0,N/A,N/A
https://www.copart.com/lot/85697485/clean-title-2023-chevrolet-suburban-k1500-high-country-al-montgomery,85697485,$1 USD,11/03/2025 08:00 pm CST,2023,CHEV,SUBURBAN K,6.2L  8,8,1GNSKGKL4PR******,CERTIFICATE OF TITLE (P),"24,229 A",ACTUAL,REAR END,"31,500 USD",0 USD,3080,AL - MONTGOMERY,0,N/A,N/A
https://www.copart.com/lot/84616705/2017-nissan-sentra-s-al-dothan,84616705,"9,541 USD",11/03/2025 08:00 pm CST,2017,NISS,SENTRA S,1.8L  4,4,3N1AB7AP8HY******,CERTIFICATE OF DESTRUCTION,"176,813 A",ACTUAL,FRONT END,425 USD,0 USD,5155,AL - DOTHAN,0,N/A,N/A
https://www.copart.com/lot/83067344/salvage-2015-mazda-mx-5-miata-grand-touring-al-montgomery,83067344,"17,218 USD",11/03/2025 08:00 pm CST,2015,MAZD,MX-5 MIATA,2.0L  4,4,JM1NC2PF3F0******,CERT OF TITLE-SALVAGE TITLE,"63,007 A",ACTUAL,MECHANICAL,"1,350 USD",0 USD,3002,AL - MONTGOMERY,0,N/A,N/A
https://www.copart.com/lot/82056885/salvage-2017-honda-pilot-exl-al-montgomery,82056885,"15,012 USD",11/03/2025 08:00 pm CST,2017,HOND,PILOT EXL,3.5L  6,6,5FNYF6H57HB******,CERT OF TITLE-SALVAGE TITLE,0 N,NOT ACTUAL,FRONT END,725 USD,0 USD,4075,AL - MONTGOMERY,0,N/A,N/A
https://www.copart.com/lot/80823725/salvage-2018-ram-1500-st-al-dothan,80823725,"15,972 USD",11/03/2025 08:00 pm CST,2018,RAM,1500 ST,5.7L  8,8,3C6JR6DT6JG******,CERT OF TITLE-SALVAGE TITLE,"255,056 A",ACTUAL,FRONT END,400 USD,0 USD,5114,AL - DOTHAN,0,N/A,N/A
https://www.copart.com/lot/67139625/clean-title-2018-chevrolet-express-g3500-ls-al-montgomery,67139625,"14,566 USD",11/03/2025 08:00 pm CST,2018,CHEV,EXPRESS G3,4.3L  6,6,1GAZGNFPXJ1******,CERTIFICATE OF TITLE,"345,589 A",ACTUAL,MINOR DENT/SCRATCHES,"6,500 USD",0 USD,2046,AL - MONTGOMERY,0,N/A,N/A
https://www.copart.com/lot/67139205/clean-title-2020-chevrolet-express-g3500-ls-al-montgomery,67139205,"19,688 USD",11/03/2025 08:00 pm CST,2020,CHEV,EXPRESS G3,4.3L  6,6,1GAZGNFP8L1******,CERTIFICATE OF TITLE,"277,535 A",ACTUAL,MECHANICAL,"6,200 USD",0 USD,2085,AL - MONTGOMERY,0,N/A,N/A
https://www.copart.com/lot/67138765/clean-title-2019-chevrolet-express-g3500-ls-al-montgomery,67138765,"15,886 USD",11/03/2025 08:00 pm CST,2019,CHEV,EXPRESS G3,4.3L  6,6,1GAZGNFP5K1******,CERTIFICATE OF TITLE,"271,218 A",ACTUAL,MECHANICAL,"5,400 USD",0 USD,5016,AL - MONTGOMERY,0,N/A,N/A
https://www.copart.com/lot/87471635/salvage-2025-chevrolet-silverado-c1500-al-mobile,87471635,"28,000 USD",11/04/2025 11:00 am CST,2025,CHEV,SILVERADO,5.3L  8,8,3GCNAAED2SG******,CERT OF TITLE - SALVAGE (P),"1,910 A",ACTUAL,,"1,750 USD",0 USD,5332,AL - MOBILE,1.3,N/A,N/A
https://www.copart.com/lot/87110615/clean-title-2021-kia-sorento-lx-al-dothan,87110615,"19,725 USD",11/04/2025 11:00 am CST,2021,KIA,SORENTO LX,2.5L  4,4,5XYRG4LC9MG******,CERTIFICATE OF TITLE,"122,998 A",ACTUAL,,225 USD,0 USD,3214,AL - DOTHAN,3.7,RED LIGHT,"Other,Emission"
https://www.copart.com/lot/86877705/clean-title-2025-toyota-camry-xse-al-birmingham,86877705,$1 USD,11/04/2025 11:00 am CST,2025,TOYT,CAMRY XSE,2.5L  4,4,4T1DAACK6SU******,CERTIFICATE OF TITLE,0 N,NOT ACTUAL,,175 USD,0 USD,5032,AL - BIRMINGHAM,0,N/A,N/A
https://www.copart.com/lot/86311435/clean-title-2020-chevrolet-silverado-c1500-custom-al-birmingham,86311435,"28,950 USD",11/04/2025 11:00 am CST,2020,CHEV,SILVERADO C1500 CUSTOM,4.3L  6,6,1GCPWBEH0LZ******,CERTIFICATE OF VEHICLE TITLE,"128,262 A",ACTUAL,,175 USD,0 USD,3213,AL - BIRMINGHAM,4.6,RED LIGHT,N/A
https://www.copart.com/lot/86138675/clean-title-2024-toyota-corolla-night-shade-al-mobile-south,86138675,"19,380 USD",11/04/2025 11:00 am CST,2024,TOYT,COROLLA NI,2.0L  4,4,5YFB4MCE8RP******,CERTIFICATE OF TITLE,"27,115 N",NOT ACTUAL,,250 USD,0 USD,5030,AL - MOBILE SOUTH,3.3,N/A,Other
https://www.copart.com/lot/85815335/clean-title-2021-kia-telluride-s-al-birmingham,85815335,$1 USD,11/04/2025 11:00 am CST,2021,KIA,TELLURIDE,3.8L  6,6,5XYP64HC9MG******,CERTIFICATE OF TITLE,"75,890 A",ACTUAL,,200 USD,0 USD,5185,AL - BIRMINGHAM,0,RED LIGHT,N/A
https://www.copart.com/lot/85583395/clean-title-2018-chevrolet-silverado-c2500-heavy-duty-al-birmingham,85583395,"21,460 USD",11/04/2025 11:00 am CST,2018,CHEV,SILVERADO C2500 HEAVY DUTY,6.0L  8,8,1GC2CUEG1JZ******,CERTIFICATE OF TITLE,"239,316 A",ACTUAL,,175 USD,0 USD,4130,AL - BIRMINGHAM,2.8,RED LIGHT,"Safety,Comfort,Emission"
https://www.copart.com/lot/84567105/clean-title-2020-chevrolet-equinox-ls-al-birmingham,84567105,"17,425 USD",11/04/2025 11:00 am CST,2020,CHEV,EQUINOX LS,1.5L  4,4,3GNAXHEVXLS******,CERTIFICATE OF TITLE,"92,600 A",ACTUAL,,0 USD,0 USD,4112,AL - BIRMINGHAM,1.4,RED LIGHT,Other
https://www.copart.com/lot/82093135/clean-title-2015-nissan-pathfinder-s-al-montgomery,82093135,$1 USD,11/04/2025 11:00 am CST,2015,NISS,PATHFINDER,3.5L  6,6,5N1AR2MN9FC******,CERTIFICATE OF TITLE,"168,137 A",ACTUAL,,0 USD,0 USD,4095,AL - MONTGOMERY,3.4,RED LIGHT,N/A
https://www.copart.com/lot/81152015/clean-title-2020-dodge-charger-sxt-al-birmingham,81152015,"21,925 USD",11/04/2025 11:00 am CST,2020,DODG,CHARGER SXT,3.6L  6,6,2C3CDXBG6LH******,CERTIFICATE OF TITLE,"123,023 A",ACTUAL,,0 USD,0 USD,3198,AL - BIRMINGHAM,3.6,RED LIGHT,N/A
https://www.copart.com/lot/80842705/clean-title-2021-ford-f150-super-cab-al-birmingham,80842705,$1 USD,11/04/2025 11:00 am CST,2021,FORD,F150 SUPER CAB,5.0L  8,8,1FTEX1C56MK******,CERTIFICATE OF TITLE,"139,406 A",ACTUAL,,"5,500 USD",0 USD,4023,AL - BIRMINGHAM,2.9,RED LIGHT,"Safety,Other"
https://www.copart.com/lot/80541125/clean-title-2022-ram-1500-big-hornlone-star-al-birmingham,80541125,"37,325 USD",11/04/2025 11:00 am CST,2022,RAM,1500 BIG H,5.7L  8,8,1C6RREBT5NN******,CERTIFICATE OF TITLE,"114,307 A",ACTUAL,,175 USD,0 USD,4110,AL - BIRMINGHAM,1.3,RED LIGHT,Other
https://www.copart.com/lot/80163755/clean-title-2022-toyota-camry-se-al-montgomery,80163755,"26,800 USD",11/04/2025 11:00 am CST,2022,TOYT,CAMRY SE,2.5L  4,4,4T1G11AK6NU******,CERTIFICATE OF TITLE,"57,186 A",ACTUAL,,80 USD,0 USD,6078,AL - MONTGOMERY,0,RED LIGHT,N/A
https://www.copart.com/lot/80100135/clean-title-2022-ram-1500-classic-tradesman-al-tanner,80100135,$1 USD,11/04/2025 11:00 am CST,2022,RAM,1500 CLASS,3.6L  6,6,3C6RR7KG3NG******,CERTIFICATE OF TITLE,"79,743 A",ACTUAL,MINOR DENT/SCRATCHES,"8,000 USD",0 USD,0,AL - TANNER,4.1,N/A,N/A
https://www.copart.com/lot/70668605/clean-title-2023-toyota-corolla-le-al-montgomery,70668605,"24,350 USD",11/04/2025 11:00 am CST,2023,TOYT,COROLLA LE,2.0L  4,4,5YFB4MDE3PP******,CERTIFICATE OF TITLE,"56,704 A",ACTUAL,,60 USD,0 USD,4107,AL - MONTGOMERY,1.3,RED LIGHT,N/A
https://www.copart.com/lot/65696665/clean-title-2017-chevrolet-equinox-premier-al-birmingham,65696665,$1 USD,11/04/2025 11:00 am CST,2017,CHEV,EQUINOX PR,3.6L  6,6,2GNFLGE38H6******,CERTIFICATE OF TITLE,"90,482 A",ACTUAL,,0 USD,0 USD,5051,AL - BIRMINGHAM,1.5,RED LIGHT,N/A
https://www.copart.com/lot/65366355/clean-title-2023-toyota-corolla-le-al-mobile-south,65366355,$1 USD,11/04/2025 11:00 am CST,2023,TOYT,COROLLA LE,2.0L  4,4,5YFB4MDE1PP******,CERTIFICATE OF TITLE,"63,260 A",ACTUAL,,"10,500 USD",0 USD,48,AL - MOBILE SOUTH,4.3,GREEN LIGHT,Other
https://www.copart.com/lot/91296095/clean-title-2020-subaru-forester-limited-al-birmingham,91296095,$1 USD,11/04/2025 12:00 pm CST,2020,SUBA,FORESTER L,2.5L  4,4,JF2SKASC1LH******,CERTIFICATE OF TITLE (P),"127,500 A",ACTUAL,NORMAL WEAR,0 USD,0 USD,0,AL - BIRMINGHAM,0,N/A,N/A
https://www.copart.com/lot/91102955/clean-title-2015-chevrolet-silverado-c1500-al-birmingham,91102955,"15,075 USD",11/04/2025 12:00 pm CST,2015,CHEV,SILVERADO,5.3L  8,8,3GCPCPECXFG******,CERT OF TITLE-REBUILT,"163,677 A",ACTUAL,FRONT END,0 USD,0 USD,4030,AL - BIRMINGHAM,0,N/A,N/A
https://www.copart.com/lot/90941675/clean-title-2017-honda-civic-lx-al-birmingham,90941675,"7,500 USD",11/04/2025 12:00 pm CST,2017,HOND,CIVIC LX,2.0L  4,4,2HGFC2F52HH******,CERTIFICATE OF TITLE (P),"136,599 A",ACTUAL,NORMAL WEAR,"2,000 USD",0 USD,3294,AL - BIRMINGHAM,0,N/A,N/A
https://www.copart.com/lot/90938885/clean-title-2019-honda-civic-lx-al-birmingham,90938885,"5,500 USD",11/04/2025 12:00 pm CST,2019,HOND,CIVIC LX,2.0L  4,4,19XFC2F63KE******,CERTIFICATE OF TITLE (P),"169,082 A",ACTUAL,SIDE,0 USD,0 USD,3253,AL - BIRMINGHAM,0,N/A,N/A
https://www.copart.com/lot/90903805/clean-title-2017-hyundai-tucson-limited-al-birmingham,90903805,"2,000 USD",11/04/2025 12:00 pm CST,2017,HYUN,TUCSON LIM,1.6L  4,4,KM8J33A27HU******,CERTIFICATE OF TITLE,"154,472 A",ACTUAL,FRONT END,0 USD,0 USD,0,AL - BIRMINGHAM,0,N/A,N/A
https://www.copart.com/lot/90854895/clean-title-2016-ford-transit-connect-xlt-al-birmingham,90854895,"16,575 USD",11/04/2025 12:00 pm CST,2016,FORD,TRANSIT CO,2.5L  4,4,NM0LS7F76G1******,CERTIFICATE OF TITLE,0 N,NOT ACTUAL,MECHANICAL,0 USD,0 USD,0,AL - BIRMINGHAM,0,N/A,N/A
https://www.copart.com/lot/90844845/clean-title-2016-hyundai-santa-fe-sport-al-mobile-south,90844845,"2,000 USD",11/04/2025 12:00 pm CST,2016,HYUN,SANTA FE S,2.0L  4,4,5XYZW4LA5GG******,CERTIFICATE OF TITLE,0 N,NOT ACTUAL,NORMAL WEAR,750 USD,0 USD,52,AL - MOBILE SOUTH,0,N/A,N/A
https://www.copart.com/lot/90842725/clean-title-2016-nissan-sentra-s-al-birmingham,90842725,"7,650 USD",11/04/2025 12:00 pm CST,2016,NISS,SENTRA S,1.8L  4,4,3N1AB7AP0GY******,CERTIFICATE OF TITLE,"123,661 A",ACTUAL,FRONT END,0 USD,0 USD,0,AL - BIRMINGHAM,0,N/A,N/A
https://www.copart.com/lot/90790565/clean-title-2015-honda-accord-sport-al-birmingham,90790565,"10,324 USD",11/04/2025 12:00 pm CST,2015,HOND,ACCORD SPO,2.4L  4,4,1HGCR2F58FA******,CERTIFICATE OF TITLE,"146,508 A",ACTUAL,FRONT END,275 USD,0 USD,3337,AL - BIRMINGHAM,0,N/A,N/A
https://www.copart.com/lot/90700255/clean-title-2018-hyundai-santa-fe-sport-al-birmingham,90700255,"3,315 USD",11/04/2025 12:00 pm CST,2018,HYUN,SANTA FE S,2.4L  4,4,5NMZT3LB0JH******,CERTIFICATE OF TITLE,"121,508 A",ACTUAL,UNDERCARRIAGE,0 USD,0 USD,4092,AL - BIRMINGHAM,0,N/A,N/A
https://www.copart.com/lot/90628235/salvage-2018-audi-a6-prestige-al-birmingham,90628235,"28,706 USD",11/04/2025 12:00 pm CST,2018,AUDI,A6 PRESTIG,3.0L  6,6,WAUH3AFC5JN******,CERT OF TITLE-SALVAGE TITLE,"78,691 A",ACTUAL,MINOR DENT/SCRATCHES,225 USD,0 USD,38,AL - BIRMINGHAM,0,N/A,N/A
https://www.copart.com/lot/90509045/clean-title-2016-mercedes-benz-sprinter-2500-al-birmingham,90509045,"2,340 USD",11/04/2025 12:00 pm CST,2016,MERZ,SPRINTER 2,2.1L  4,4,WD3PE7DD6GP******,CERTIFICATE OF TITLE,"677,037 A",ACTUAL,UNDERCARRIAGE,0 USD,0 USD,3297,AL - BIRMINGHAM,0,N/A,N/A
https://www.copart.com/lot/90345295/clean-title-2015-acura-tlx-tech-al-birmingham,90345295,"15,270 USD",11/04/2025 12:00 pm CST,2015,ACUR,TLX TECH,2.4L  4,4,19UUB1F55FA******,CERTIFICATE OF TITLE,"89,191 A",ACTUAL,FRONT END,0 USD,0 USD,4087,AL - BIRMINGHAM,0,N/A,N/A
https://www.copart.com/lot/90272285/clean-title-2016-mazda-cx-5-touring-al-birmingham,90272285,"12,348 USD",11/04/2025 12:00 pm CST,2016,MAZD,CX-5 TOURI,2.5L  4,4,JM3KE2CY9G0******,CERTIFICATE OF TITLE,"107,971 A",ACTUAL,MECHANICAL,450 USD,0 USD,79,AL - BIRMINGHAM,0,N/A,N/A
https://www.copart.com/lot/90259775/clean-title-2017-nissan-pathfinder-s-al-mobile-south,90259775,"3,185 USD",11/04/2025 12:00 pm CST,2017,NISS,PATHFINDER,3.5L  6,6,5N1DR2MNXHC******,CERTIFICATE OF TITLE,"131,652 A",ACTUAL,BIOHAZARD/CHEMICAL,0 USD,0 USD,2515,AL - MOBILE SOUTH,0,N/A,N/A
https://www.copart.com/lot/90259415/salvage-2017-hyundai-santa-fe-sport-al-birmingham,90259415,"14,033 USD",11/04/2025 12:00 pm CST,2017,HYUN,SANTA FE S,2.4L  4,4,5XYZU3LB9HG******,CERT OF TITLE-SALVAGE TITLE,"105,767 A",ACTUAL,FRONT END,0 USD,0 USD,2298,AL - BIRMINGHAM,0,N/A,N/A
https://www.copart.com/lot/90226975/clean-title-2017-mercedes-benz-c-300-al-mobile-south,90226975,"16,100 USD",11/04/2025 12:00 pm CST,2017,MERZ,C 300,2.0L  4,4,55SWF4JB7HU******,CERTIFICATE OF TITLE,0 N,NOT ACTUAL,FRONT END,250 USD,0 USD,2523,AL - MOBILE SOUTH,0,N/A,N/A
https://www.copart.com/lot/90061815/salvage-2019-toyota-camry-le-al-mobile-south,90061815,"21,211 USD",11/04/2025 12:00 pm CST,2019,TOYT,CAMRY LE,2.5L  4,4,4T1B31HK6KU******,CERT OF TITLE SLVG REBUILDABLE,"76,314 A",ACTUAL,FRONT END,0 USD,0 USD,2509,AL - MOBILE SOUTH,0,N/A,N/A
https://www.copart.com/lot/90043625/clean-title-2015-ford-f150-supercrew-al-birmingham,90043625,"11,900 USD",11/04/2025 12:00 pm CST,2015,FORD,F150 SUPER,3.5L  6,6,1FTEW1C80FK******,CERTIFICATE OF TITLE,"316,683 A",ACTUAL,NORMAL WEAR,0 USD,0 USD,0,AL - BIRMINGHAM,0,N/A,N/A
https://www.copart.com/lot/89906815/salvage-2021-honda-passport-exl-al-birmingham,89906815,"18,929 USD",11/04/2025 12:00 pm CST,2021,HOND,PASSPORT E,3.5L  6,6,5FNYF8H55MB******,CERT OF TITLE-SALVAGE TITLE,"110,545 A",ACTUAL,TOP/ROOF,0 USD,0 USD,0,AL - BIRMINGHAM,0,N/A,N/A
https://www.copart.com/lot/89885875/salvage-2016-volkswagen-beetle-se-al-birmingham,89885875,"10,002 USD",11/04/2025 12:00 pm CST,2016,VOLK,BEETLE SE,1.8L  4,4,3VWJ17AT7GM******,CERT OF TITLE-SALVAGE TITLE,"114,532 A",ACTUAL,FRONT END,175 USD,0 USD,3267,AL - BIRMINGHAM,0,N/A,N/A
https://www.copart.com/lot/89867265/salvage-2021-toyota-highlander-xle-al-birmingham,89867265,"31,760 USD",11/04/2025 12:00 pm CST,2021,TOYT,HIGHLANDER,3.5L  6,6,5TDGZRBH2MS******,CERT OF TITLE-SALVAGE TITLE,"40,721 A",ACTUAL,FRONT END,175 USD,0 USD,4019,AL - BIRMINGHAM,0,N/A,N/A
https://www.copart.com/lot/89857445/clean-title-2020-hyundai-santa-fe-limited-al-birmingham,89857445,$1 USD,11/04/2025 12:00 pm CST,2020,HYUN,SANTA FE L,2.4L  4,4,5NMS53AD7LH******,CERTIFICATE OF TITLE (P),"122,817 A",ACTUAL,MINOR DENT/SCRATCHES,"13,100 USD",0 USD,60,AL - BIRMINGHAM,0,N/A,N/A
https://www.copart.com/lot/89845405/clean-title-2019-ram-1500-big-hornlone-star-al-birmingham,89845405,"19,800 USD",11/04/2025 12:00 pm CST,2019,RAM,1500 BIG H,5.7L  8,8,1C6RREFT8KN******,CERTIFICATE OF TITLE,"118,989 A",ACTUAL,SIDE,250 USD,0 USD,0,AL - BIRMINGHAM,0,N/A,N/A
https://www.copart.com/lot/89841325/clean-title-2018-kia-sorento-lx-al-mobile-south,89841325,$1 USD,11/04/2025 12:00 pm CST,2018,KIA,SORENTO LX,2.4L  4,4,5XYPG4A33JG******,CERTIFICATE OF TITLE (P),"153,855 A",ACTUAL,MINOR DENT/SCRATCHES,"1,000 USD",0 USD,50,AL - MOBILE SOUTH,0,N/A,N/A
https://www.copart.com/lot/89841185/clean-title-2016-jeep-cherokee-limited-al-mobile-south,89841185,$1 USD,11/04/2025 12:00 pm CST,2016,JEP,CHEROKEE L,3.2L  6,6,1C4PJMDSXGW******,CERTIFICATE OF TITLE (P),"207,430 A",ACTUAL,MINOR DENT/SCRATCHES,"1,000 USD",0 USD,61,AL - MOBILE SOUTH,0,N/A,N/A
https://www.copart.com/lot/89821155/clean-title-2019-ford-f150-supercrew-al-birmingham,89821155,$1 USD,11/04/2025 12:00 pm CST,2019,FORD,F150 SUPER,5.0L  8,8,1FTEW1C54KK******,CERTIFICATE OF TITLE (P),"246,175 A",ACTUAL,MINOR DENT/SCRATCHES,"4,000 USD",0 USD,65,AL - BIRMINGHAM,0,N/A,N/A
https://www.copart.com/lot/89817755/clean-title-2016-mercedes-benz-gle-400-4matic-al-birmingham,89817755,$1 USD,11/04/2025 12:00 pm CST,2016,MERZ,GLE 400 4M,3.0L  6,6,4JGDA5GB3GA******,CERTIFICATE OF TITLE (P),"82,292 A",ACTUAL,MINOR DENT/SCRATCHES,"5,500 USD",0 USD,52,AL - BIRMINGHAM,0,N/A,N/A
https://www.copart.com/lot/89692935/salvage-2016-hyundai-elantra-se-al-birmingham,89692935,"4,017 USD",11/04/2025 12:00 pm CST,2016,HYUN,ELANTRA SE,1.8L  4,4,5NPDH4AE6GH******,CERT OF TITLE-SALVAGE TITLE,"171,980 A",ACTUAL,FRONT END,0 USD,0 USD,3350,AL - BIRMINGHAM,0,N/A,N/A
https://www.copart.com/lot/89689325/salvage-2023-hyundai-santa-fe-sel-al-birmingham,89689325,$1 USD,11/04/2025 12:00 pm CST,2023,HYUN,SANTA FE S,2.5L  4,4,5NMS24AJ2PH******,CERT OF TITLE-SALVAGE TITLE,"30,650 A",ACTUAL,FRONT END,"6,400 USD",0 USD,74,AL - BIRMINGHAM,0,N/A,N/A
https://www.copart.com/lot/89687545/salvage-2015-toyota-scion-tc-al-birmingham,89687545,"5,716 USD",11/04/2025 12:00 pm CST,2015,TOYT,SCION TC,2.5L  4,4,JTKJF5C77FJ******,CERT OF TITLE-SALVAGE TITLE,"169,342 A",ACTUAL,FRONT END,0 USD,0 USD,2319,AL - BIRMINGHAM,0,N/A,N/A
https://www.copart.com/lot/89550505/clean-title-2017-hyundai-accent-se-al-birmingham,89550505,"9,593 USD",11/04/2025 12:00 pm CST,2017,HYUN,ACCENT SE,1.6L  4,4,KMHCT4AE1HU******,CERTIFICATE OF TITLE,"48,328 A",ACTUAL,FRONT END,0 USD,0 USD,2301,AL - BIRMINGHAM,0,N/A,N/A
https://www.copart.com/lot/89487045/salvage-2023-nissan-altima-sr-al-mobile-south,89487045,"26,198 USD",11/04/2025 12:00 pm CST,2023,NISS,ALTIMA SR,2.5L  4,4,1N4BL4CV0PN******,CERT OF TITLE SLVG REBUILDABLE,"18,058 A",ACTUAL,REAR END,0 USD,0 USD,41,AL - MOBILE SOUTH,0,N/A,N/A
https://www.copart.com/lot/89449075/salvage-2016-honda-hr-v-ex-al-birmingham,89449075,"9,974 USD",11/04/2025 12:00 pm CST,2016,HOND,HR-V EX,1.8L  4,4,3CZRU5H52GM******,CERT OF TITLE-SALVAGE TITLE,"148,070 A",ACTUAL,FRONT END,0 USD,0 USD,4507,AL - BIRMINGHAM,0,N/A,N/A
https://www.copart.com/lot/87382285/clean-title-2017-audi-q7-premium-plus-al-birmingham,87382285,$1 USD,11/04/2025 12:00 pm CST,2017,AUDI,Q7 PREMIUM,3.0L  6,6,WA1LAAF75HD******,CERTIFICATE OF TITLE (P),"154,235 A",ACTUAL,MINOR DENT/SCRATCHES,"6,300 USD",0 USD,83,AL - BIRMINGHAM,0,N/A,N/A
https://www.copart.com/lot/87293755/clean-title-2016-land-rover-discovery-sport-hse-al-birmingham,87293755,"8,275 USD",11/04/2025 12:00 pm CST,2016,LAND,DISCOVERY,2.0L  4,4,SALCR2BG2GH******,CERTIFICATE OF TITLE,"138,367 A",ACTUAL,NORMAL WEAR,175 USD,0 USD,2317,AL - BIRMINGHAM,0,N/A,N/A
https://www.copart.com/lot/87293585/clean-title-2020-ford-fusion-sel-al-birmingham,87293585,"15,600 USD",11/04/2025 12:00 pm CST,2020,FORD,FUSION SEL,1.5L  4,4,3FA6P0CD4LR******,CERTIFICATE OF TITLE,"94,167 A",ACTUAL,NORMAL WEAR,0 USD,0 USD,0,AL - BIRMINGHAM,0,N/A,N/A
https://www.copart.com/lot/87293455/clean-title-2019-toyota-corolla-l-al-birmingham,87293455,"15,600 USD",11/04/2025 12:00 pm CST,2019,TOYT,COROLLA L,1.8L  4,4,5YFBURHE3KP******,CERTIFICATE OF TITLE,"164,352 A",ACTUAL,REAR END,0 USD,0 USD,2258,AL - BIRMINGHAM,0,N/A,N/A
https://www.copart.com/lot/87290065/clean-title-2017-hyundai-santa-fe-sport-al-birmingham,87290065,"9,150 USD",11/04/2025 12:00 pm CST,2017,HYUN,SANTA FE S,2.4L  4,4,5XYZT3LB3HG******,CERTIFICATE OF TITLE,"223,854 A",ACTUAL,NORMAL WEAR,0 USD,0 USD,0,AL - BIRMINGHAM,0,N/A,N/A
https://www.copart.com/lot/87288565/2015-chevrolet-camaro-lt-al-birmingham,87288565,"13,060 USD",11/04/2025 12:00 pm CST,2015,CHEV,CAMARO LT,3.6L  6,6,2G1FF3D37F9******,CERT OF TITLE-PARTS ONLY SALVG,"85,691 A",ACTUAL,FRONT END,0 USD,0 USD,2346,AL - BIRMINGHAM,0,N/A,N/A
https://www.copart.com/lot/87288095/salvage-2017-chevrolet-silverado-k1500-lt-al-mobile-south,87288095,"20,355 USD",11/04/2025 12:00 pm CST,2017,CHEV,SILVERADO,5.3L  8,8,3GCUKREC1HG******,CERT OF TITLE SLVG REBUILDABLE,"125,899 A",ACTUAL,SIDE,250 USD,0 USD,2526,AL - MOBILE SOUTH,0,N/A,N/A
https://www.copart.com/lot/87247455/salvage-2021-toyota-tacoma-double-cab-al-birmingham,87247455,"35,190 USD",11/04/2025 12:00 pm CST,2021,TOYT,TACOMA DOU,3.5L  6,6,5TFCZ5AN7MX******,CERT OF TITLE-SALVAGE TITLE,"76,862 A",ACTUAL,UNDERCARRIAGE,"7,500 USD",0 USD,4501,AL - BIRMINGHAM,0,N/A,N/A
https://www.copart.com/lot/87243115/salvage-2023-toyota-gr-86-al-birmingham,87243115,"28,274 USD",11/04/2025 12:00 pm CST,2023,TOYT,GR 86,2.4L  4,4,JF1ZNBC15P8******,CERT OF TITLE-SALVAGE TITLE,0 N,NOT ACTUAL,FRONT END,"3,400 USD",0 USD,55,AL - BIRMINGHAM,0,N/A,N/A
https://www.copart.com/lot/87243075/clean-title-2016-dodge-charger-se-al-mobile-south,87243075,"4,095 USD",11/04/2025 12:00 pm CST,2016,DODG,CHARGER SE,3.6L  6,6,2C3CDXBG0GH******,CERTIFICATE OF TITLE,"194,290 A",ACTUAL,SIDE,0 USD,0 USD,2024,AL - MOBILE SOUTH,0,N/A,N/A
https://www.copart.com/lot/87233165/salvage-2022-volkswagen-atlas-sel-r-line-al-birmingham,87233165,"25,295 USD",11/04/2025 12:00 pm CST,2022,VOLK,ATLAS SEL,3.6L  6,6,1V2AR2CAXNC******,CERT OF TITLE-SALVAGE TITLE,"85,035 A",ACTUAL,SIDE,175 USD,0 USD,12,AL - BIRMINGHAM,0,N/A,N/A
https://www.copart.com/lot/87210205/clean-title-2018-hyundai-tucson-se-al-birmingham,87210205,"11,800 USD",11/04/2025 12:00 pm CST,2018,HYUN,TUCSON SE,2.0L  4,4,KM8J23A42JU******,CERTIFICATE OF TITLE,"161,201 A",ACTUAL,NORMAL WEAR,575 USD,0 USD,61,AL - BIRMINGHAM,0,N/A,N/A
https://www.copart.com/lot/87127025/clean-title-2016-kia-optima-lx-al-mobile-south,87127025,"1,950 USD",11/04/2025 12:00 pm CST,2016,KIA,OPTIMA LX,2.4L  4,4,5XXGT4L39GG******,CERTIFICATE OF TITLE,"220,695 A",ACTUAL,MECHANICAL,0 USD,0 USD,2530,AL - MOBILE SOUTH,0,N/A,N/A
https://www.copart.com/lot/87125645/clean-title-2017-nissan-rogue-s-al-birmingham,87125645,"2,145 USD",11/04/2025 12:00 pm CST,2017,NISS,ROGUE S,2.5L  4,4,JN8AT2MT8HW******,CERTIFICATE OF TITLE,"205,512 A",ACTUAL,UNDERCARRIAGE,0 USD,0 USD,4509,AL - BIRMINGHAM,0,N/A,N/A
https://www.copart.com/lot/87108015/clean-title-2022-tesla-model-3-al-birmingham,87108015,"28,850 USD",11/04/2025 12:00 pm CST,2022,TESL,MODEL 3,,,5YJ3E1EA3NF******,CERTIFICATE OF TITLE,"82,147 N",NOT ACTUAL,MINOR DENT/SCRATCHES,0 USD,0 USD,4053,AL - BIRMINGHAM,0,N/A,N/A
https://www.copart.com/lot/87101735/salvage-2026-chevrolet-tahoe-k1500-premier-al-birmingham,87101735,"81,486 USD",11/04/2025 12:00 pm CST,2026,CHEV,TAHOE K150,3.0L  6,6,1GNS6SK89TR******,CERT OF TITLE-SALVAGE TITLE,0 N,NOT ACTUAL,SIDE,0 USD,0 USD,0,AL - BIRMINGHAM,0,N/A,N/A
https://www.copart.com/lot/87085015/salvage-2016-jeep-compass-latitude-al-birmingham,87085015,"6,742 USD",11/04/2025 12:00 pm CST,2016,JEP,COMPASS LATITUDE,2.0L  4,4,1C4NJCEA9GD******,CERT OF TITLE-SALVAGE TITLE,"131,108 A",ACTUAL,ALL OVER,0 USD,0 USD,3356,AL - BIRMINGHAM,0,N/A,N/A
https://www.copart.com/lot/87077745/salvage-2016-ford-f150-supercrew-al-birmingham,87077745,"18,890 USD",11/04/2025 12:00 pm CST,2016,FORD,F150 SUPER,5.0L  8,8,1FTFW1EF5GF******,CERT OF TITLE-SALVAGE TITLE,"116,294 A",ACTUAL,SIDE,175 USD,0 USD,2267,AL - BIRMINGHAM,0,N/A,N/A
https://www.copart.com/lot/87067795/2023-kia-forte-lx-al-mobile-south,87067795,"16,434 USD",11/04/2025 12:00 pm CST,2023,KIA,FORTE LX,2  L  4,4,3KPF24AD3PE******,CERTIFICATE OF DESTRUCTION,"54,059 A",ACTUAL,FRONT END,0 USD,0 USD,7,AL - MOBILE SOUTH,0,N/A,N/A
https://www.copart.com/lot/87057565/salvage-2018-chevrolet-spark-1lt-al-mobile-south,87057565,"8,922 USD",11/04/2025 12:00 pm CST,2018,CHEV,SPARK 1LT,1.4L  4,4,KL8CD6SA6JC******,CERT OF TITLE SLVG REBUILDABLE,"71,985 A",ACTUAL,FRONT END,0 USD,0 USD,5,AL - MOBILE SOUTH,0,N/A,N/A
https://www.copart.com/lot/87021425/clean-title-2016-mercedes-benz-c-300-al-mobile-south,87021425,"11,700 USD",11/04/2025 12:00 pm CST,2016,MERZ,C 300,2.0L  4,4,55SWF4JB8GU******,CERTIFICATE OF TITLE,"159,678 A",ACTUAL,NORMAL WEAR,0 USD,0 USD,60,AL - MOBILE SOUTH,0,N/A,N/A
https://www.copart.com/lot/87016175/clean-title-2025-chevrolet-corvette-z06-3lz-al-birmingham,87016175,"136,437 USD",11/04/2025 12:00 pm CST,2025,CHEV,CORVETTE Z,5.5L  8,8,1G1YF2D31S5******,CERTIFICATE OF TITLE,182 A,ACTUAL,FRONT END,"37,500 USD",0 USD,17,AL - BIRMINGHAM,0,N/A,N/A
https://www.copart.com/lot/87015275/salvage-2015-nissan-armada-platinum-al-birmingham,87015275,"9,474 USD",11/04/2025 12:00 pm CST,2015,NISS,ARMADA PLATINUM,5.6L  8,8,5N1BA0NF1FN******,CERT OF TITLE-SALVAGE TITLE,"139,903 A",ACTUAL,REAR END,0 USD,0 USD,3272,AL - BIRMINGHAM,0,N/A,N/A
https://www.copart.com/lot/87001505/salvage-2020-kia-sportage-lx-al-birmingham,87001505,"15,135 USD",11/04/2025 12:00 pm CST,2020,KIA,SPORTAGE L,2.4L  4,4,KNDPM3AC6L7******,CERT OF TITLE-SALVAGE TITLE,0 N,NOT ACTUAL,FRONT END,0 USD,0 USD,0,AL - BIRMINGHAM,0,N/A,N/A
https://www.copart.com/lot/86809375/salvage-2025-honda-accord-hybrid-sport-al-mobile-south,86809375,"31,715 USD",11/04/2025 12:00 pm CST,2025,HOND,ACCORD HYB,2.0L  4,4,1HGCY2F51SA******,CERT OF TITLE SLVG REBUILDABLE,"7,637 A",ACTUAL,REAR END,0 USD,0 USD,74,AL - MOBILE SOUTH,0,N/A,N/A
https://www.copart.com/lot/86770315/clean-title-2015-kia-sorento-lx-al-birmingham,86770315,$1 USD,11/04/2025 12:00 pm CST,2015,KIA,SORENTO LX,2.4L  4,4,5XYKT3A67FG******,CERTIFICATE OF TITLE,"195,900 A",ACTUAL,REAR END,0 USD,0 USD,3262,AL - BIRMINGHAM,0,N/A,N/A
https://www.copart.com/lot/86714295/clean-title-2015-nissan-pathfinder-s-al-birmingham,86714295,$1 USD,11/04/2025 12:00 pm CST,2015,NISS,PATHFINDER,3.5L  6,6,5N1AR2MN3FC******,CERTIFICATE OF TITLE (P),"276,374 A",ACTUAL,REAR END,0 USD,0 USD,3270,AL - BIRMINGHAM,0,N/A,N/A
https://www.copart.com/lot/86695975/salvage-2017-chevrolet-colorado-al-mobile-south,86695975,"19,057 USD",11/04/2025 12:00 pm CST,2017,CHEV,COLORADO,3.6L  6,6,1GCGSBEN3H1******,CERT OF TITLE SLVG REBUILDABLE,"75,690 A",ACTUAL,FRONT END,0 USD,0 USD,2022,AL - MOBILE SOUTH,0,N/A,N/A
https://www.copart.com/lot/86645165/clean-title-2015-toyota-sienna-sport-al-birmingham,86645165,"17,677 USD",11/04/2025 12:00 pm CST,2015,TOYT,SIENNA SPO,3.5L  6,6,5TDXK3DC7FS******,CERTIFICATE OF TITLE,"76,119 A",ACTUAL,SIDE,"6,300 USD",0 USD,4,AL - BIRMINGHAM,0,N/A,N/A
https://www.copart.com/lot/86606655/clean-title-2020-hyundai-tucson-limited-al-birmingham,86606655,"16,400 USD",11/04/2025 12:00 pm CST,2020,HYUN,TUCSON LIM,2.0L  4,4,KM8J33A42LU******,CERTIFICATE OF TITLE,"137,242 A",ACTUAL,NORMAL WEAR,"2,700 USD",0 USD,2281,AL - BIRMINGHAM,0,N/A,N/A
https://www.copart.com/lot/86606635/clean-title-2019-hyundai-elantra-sel-al-birmingham,86606635,"10,975 USD",11/04/2025 12:00 pm CST,2019,HYUN,ELANTRA SE,2.0L  4,4,KMHD84LF6KU******,CERTIFICATE OF TITLE,"151,964 A",ACTUAL,NORMAL WEAR,0 USD,0 USD,2318,AL - BIRMINGHAM,0,N/A,N/A
https://www.copart.com/lot/86606275/clean-title-2018-toyota-rav4-adventure-al-birmingham,86606275,"19,425 USD",11/04/2025 12:00 pm CST,2018,TOYT,RAV4 ADVEN,2.5L  4,4,2T3WFREV8JW******,CERTIFICATE OF TITLE,0 N,NOT ACTUAL,REAR END,0 USD,0 USD,4095,AL - BIRMINGHAM,0,N/A,N/A
https://www.copart.com/lot/86606245/clean-title-2018-hyundai-elantra-se-al-birmingham,86606245,"6,238 USD",11/04/2025 12:00 pm CST,2018,HYUN,ELANTRA SE,2.0L  4,4,5NPD74LFXJH******,CERTIFICATE OF TITLE,"150,708 A",ACTUAL,FRONT END,225 USD,0 USD,3273,AL - BIRMINGHAM,0,N/A,N/A
https://www.copart.com/lot/86605645/salvage-2018-jeep-cherokee-latitude-al-mobile-south,86605645,"17,692 USD",11/04/2025 12:00 pm CST,2018,JEP,CHEROKEE L,3.2L  6,6,1C4PJMCX3JD******,CERT OF TITLE SLVG REBUILDABLE,"40,413 A",ACTUAL,ALL OVER,0 USD,0 USD,2525,AL - MOBILE SOUTH,0,N/A,N/A
https://www.copart.com/lot/86526585/2021-chevrolet-bolt-ev-premier-al-mobile-south,86526585,"13,326 USD",11/04/2025 12:00 pm CST,2021,CHEV,BOLT EV PR,,,1G1FZ6S06M4******,CERTIFICATE OF DESTRUCTION,"99,212 A",ACTUAL,MECHANICAL,0 USD,0 USD,2007,AL - MOBILE SOUTH,0,N/A,N/A
https://www.copart.com/lot/86512065/salvage-2018-toyota-camry-l-al-mobile-south,86512065,"18,219 USD",11/04/2025 12:00 pm CST,2018,TOYT,CAMRY L,2.5L  4,4,4T1B11HK5JU******,CERT OF TITLE SLVG REBUILDABLE,"46,772 A",ACTUAL,FRONT END,0 USD,0 USD,2501,AL - MOBILE SOUTH,0,N/A,N/A
https://www.copart.com/lot/86501845/clean-title-2017-kia-sportage-sx-al-birmingham,86501845,$1 USD,11/04/2025 12:00 pm CST,2017,KIA,SPORTAGE S,2.0L  4,4,KNDPR3A67H7******,CERTIFICATE OF TITLE,"130,634 A",ACTUAL,NORMAL WEAR,0 USD,0 USD,3271,AL - BIRMINGHAM,0,N/A,N/A
https://www.copart.com/lot/86477505/clean-title-2020-kia-sorento-s-al-birmingham,86477505,$1 USD,11/04/2025 12:00 pm CST,2020,KIA,SORENTO S,3.3L  6,6,5XYPG4A55LG******,CERTIFICATE OF TITLE (P),"127,007 A",ACTUAL,MINOR DENT/SCRATCHES,"4,000 USD",0 USD,85,AL - BIRMINGHAM,0,N/A,N/A
https://www.copart.com/lot/86339555/salvage-2018-bmw-530-i-al-mobile-south,86339555,"16,651 USD",11/04/2025 12:00 pm CST,2018,BMW,530 I,2.0L  4,4,WBAJA5C58JW******,CERT OF TITLE SLVG REBUILDABLE,0 N,NOT ACTUAL,FRONT END,0 USD,0 USD,2528,AL - MOBILE SOUTH,0,N/A,N/A
https://www.copart.com/lot/86321245/salvage-2015-ford-mustang-al-mobile-south,86321245,"15,858 USD",11/04/2025 12:00 pm CST,2015,FORD,MUSTANG,3.7L  6,6,1FA6P8AM4F5******,CERT OF TITLE-SALVAGED,"78,066 A",ACTUAL,REAR END,250 USD,0 USD,2032,AL - MOBILE SOUTH,0,N/A,N/A
https://www.copart.com/lot/86306825/clean-title-2019-hyundai-santa-fe-se-al-birmingham,86306825,$1 USD,11/04/2025 12:00 pm CST,2019,HYUN,SANTA FE S,2.4L  4,4,5NMS23AD1KH******,CERTIFICATE OF TITLE (P),"182,414 A",ACTUAL,MINOR DENT/SCRATCHES,"5,000 USD",0 USD,91,AL - BIRMINGHAM,0,N/A,N/A
https://www.copart.com/lot/86283205/salvage-2017-ford-focus-se-al-birmingham,86283205,"5,369 USD",11/04/2025 12:00 pm CST,2017,FORD,FOCUS SE,2.0L  4,4,1FADP3K29HL******,CERT OF TITLE-SALVAGE TITLE,"145,831 N",NOT ACTUAL,SIDE,175 USD,0 USD,3284,AL - BIRMINGHAM,0,N/A,N/A
https://www.copart.com/lot/86266285/clean-title-2017-kia-forte-lx-al-birmingham,86266285,$1 USD,11/04/2025 12:00 pm CST,2017,KIA,FORTE LX,2.0L  4,4,3KPFK4A78HE******,CERTIFICATE OF TITLE,"191,996 A",ACTUAL,SIDE,0 USD,0 USD,77,AL - BIRMINGHAM,0,N/A,N/A
https://www.copart.com/lot/86250495/salvage-2020-audi-sq5-prestige-al-mobile-south,86250495,"31,419 USD",11/04/2025 12:00 pm CST,2020,AUDI,SQ5 PRESTI,3.0L  6,6,WA1C4AFY3L2******,CERT OF TITLE SLVG REBUILDABLE,"39,438 A",ACTUAL,REAR END,250 USD,0 USD,4,AL - MOBILE SOUTH,0,N/A,N/A
https://www.copart.com/lot/86243195/clean-title-2019-hyundai-tucson-se-al-birmingham,86243195,"12,800 USD",11/04/2025 12:00 pm CST,2019,HYUN,TUCSON SE,2.0L  4,4,KM8J2CA41KU******,CERTIFICATE OF TITLE,"122,407 A",ACTUAL,NORMAL WEAR,0 USD,0 USD,84,AL - BIRMINGHAM,0,N/A,N/A
https://www.copart.com/lot/86194025/salvage-2016-toyota-camry-le-al-mobile-south,86194025,"10,613 USD",11/04/2025 12:00 pm CST,2016,TOYT,CAMRY LE,2.5L  4,4,4T1BF1FK3GU******,CERT OF TITLE SLVG REBUILDABLE,"140,285 A",ACTUAL,SIDE,0 USD,0 USD,75,AL - MOBILE SOUTH,0,N/A,N/A
https://www.copart.com/lot/86176125/salvage-2017-buick-cascada-premium-al-mobile-south,86176125,$1 USD,11/04/2025 12:00 pm CST,2017,BUIC,CASCADA PR,1.6L  4,4,W04WH3N57HG******,CERT OF TITLE-SLVG REBLD FLOOD,0 N,NOT ACTUAL,WATER/FLOOD,"1,000 USD",0 USD,51,AL - MOBILE SOUTH,0,N/A,N/A
https://www.copart.com/lot/86175995/salvage-2021-toyota-corolla-le-al-birmingham,86175995,$1 USD,11/04/2025 12:00 pm CST,2021,TOYT,COROLLA LE,1.8L  4,4,5YFEPMAE8MP******,CERT OF TITLE-SALVAGE TITLE,"97,294 A",ACTUAL,FRONT END,"2,850 USD",0 USD,90,AL - BIRMINGHAM,0,N/A,N/A
https://www.copart.com/lot/86172875/clean-title-2020-ford-escape-se-sport-al-birmingham,86172875,"21,894 USD",11/04/2025 12:00 pm CST,2020,FORD,ESCAPE SE,2.5L  4,4,1FMCU0BZ3LU******,CERTIFICATE OF TITLE,"35,502 A",ACTUAL,FRONT END,175 USD,0 USD,4103,AL - BIRMINGHAM,0,N/A,N/A
https://www.copart.com/lot/86170145/salvage-2015-kia-optima-hybrid-al-mobile-south,86170145,"6,808 USD",11/04/2025 12:00 pm CST,2015,KIA,OPTIMA HYBRID,2.4L  4,4,KNAGN4AD1F5******,CERT OF TITLE-SALVAGED,"147,954 N",NOT ACTUAL,REAR END,0 USD,0 USD,34,AL - MOBILE SOUTH,0,N/A,N/A
https://www.copart.com/lot/86126245/salvage-2018-chevrolet-silverado-k1500-lt-al-mobile-south,86126245,"24,614 USD",11/04/2025 12:00 pm CST,2018,CHEV,SILVERADO K1500 LT,5.3L  8,8,3GCUKREC4JG******,CERT OF TITLE-SALVAGED,"125,987 A",ACTUAL,SIDE,0 USD,0 USD,81,AL - MOBILE SOUTH,0,N/A,N/A
https://www.copart.com/lot/86100685/salvage-2017-hyundai-elantra-gt-al-birmingham,86100685,"7,639 USD",11/04/2025 12:00 pm CST,2017,HYUN,ELANTRA GT,2.0L  4,4,KMHD35LH6HU******,CERT OF TITLE-SALVAGE TITLE,"124,558 A",ACTUAL,FRONT END,0 USD,0 USD,2344,AL - BIRMINGHAM,0,N/A,N/A
https://www.copart.com/lot/85917805/salvage-2015-volkswagen-passat-s-al-mobile-south,85917805,"4,889 USD",11/04/2025 12:00 pm CST,2015,VOLK,PASSAT S,1.8L  4,4,1VWAT7A36FC******,CERT OF TITLE SLVG REBUILDABLE,"168,721 A",ACTUAL,REAR END,0 USD,0 USD,2033,AL - MOBILE SOUTH,0,N/A,N/A
https://www.copart.com/lot/85916115/2021-ram-2500-tradesman-al-mobile-south,85916115,"29,027 USD",11/04/2025 12:00 pm CST,2021,RAM,2500 TRADE,6.4L  8,8,3C6UR5CJ2MG******,CERTIFICATE OF DESTRUCTION,"79,734 A",ACTUAL,FRONT END,0 USD,0 USD,42,AL - MOBILE SOUTH,0,N/A,N/A
https://www.copart.com/lot/85855315/clean-title-2016-gmc-sierra-c1500-slt-al-birmingham,85855315,"17,874 USD",11/04/2025 12:00 pm CST,2016,GMC,SIERRA C15,5.3L  8,8,3GTP1NEC2GG******,CERTIFICATE OF TITLE,"164,090 A",ACTUAL,UNDERCARRIAGE,0 USD,0 USD,2269,AL - BIRMINGHAM,0,N/A,N/A
https://www.copart.com/lot/85822755/salvage-2018-ford-f150-supercrew-al-birmingham,85822755,"22,330 USD",11/04/2025 12:00 pm CST,2018,FORD,F150 SUPER,2.7L  6,6,1FTEW1CPXJF******,CERT OF TITLE-SALVAGE TITLE,"135,801 A",ACTUAL,FRONT END,0 USD,0 USD,0,AL - BIRMINGHAM,0,N/A,N/A
https://www.copart.com/lot/85749625/salvage-2017-ford-fusion-se-al-mobile-south,85749625,"13,461 USD",11/04/2025 12:00 pm CST,2017,FORD,FUSION SE,1.5L  4,4,3FA6P0HD2HR******,CERT OF TITLE SLVG REBUILDABLE,"83,670 A",ACTUAL,REAR END,700 USD,0 USD,2013,AL - MOBILE SOUTH,0,N/A,N/A
https://www.copart.com/lot/85716655/salvage-2022-mazda-cx-5-al-birmingham,85716655,"17,948 USD",11/04/2025 12:00 pm CST,2022,MAZD,CX-5,2.5L  4,4,JM3KFBAMXN0******,CERT OF TITLE-SALVAGE TITLE,"71,185 A",ACTUAL,FRONT END,0 USD,0 USD,2010,AL - BIRMINGHAM,0,N/A,N/A
https://www.copart.com/lot/85644295/clean-title-2021-nissan-versa-s-al-birmingham,85644295,"1,885 USD",11/04/2025 12:00 pm CST,2021,NISS,VERSA,1.6L  4,4,3N1CN8BV2ML******,CERTIFICATE OF TITLE,0 N,NOT ACTUAL,SIDE,0 USD,0 USD,4090,AL - BIRMINGHAM,0,N/A,N/A
https://www.copart.com/lot/85584945/salvage-2018-kia-optima-lx-al-birmingham,85584945,"10,106 USD",11/04/2025 12:00 pm CST,2018,KIA,OPTIMA LX,2.4L  4,4,5XXGT4L35JG******,CERT OF TITLE-SALVAGE TITLE,"110,444 A",ACTUAL,REAR END,175 USD,0 USD,3338,AL - BIRMINGHAM,0,N/A,N/A
https://www.copart.com/lot/85581475/salvage-2015-nissan-altima-2-5-al-birmingham,85581475,"9,412 USD",11/04/2025 12:00 pm CST,2015,NISS,ALTIMA 2.5,2.5L  4,4,1N4AL3AP6FN******,CERT OF TITLE-SALVAGE TITLE,"94,029 N",NOT ACTUAL,SIDE,0 USD,0 USD,2328,AL - BIRMINGHAM,0,N/A,N/A
https://www.copart.com/lot/85572825/salvage-2021-hyundai-palisade-limited-al-mobile-south,85572825,$1 USD,11/04/2025 12:00 pm CST,2021,HYUN,PALISADE L,3.8L  6,6,KM8R54HE6MU******,CERT OF TITLE-SALVAGED,"38,343 A",ACTUAL,MECHANICAL,275 USD,0 USD,2544,AL - MOBILE SOUTH,0,N/A,N/A
https://www.copart.com/lot/85527275/salvage-2016-hyundai-sonata-se-al-birmingham,85527275,"6,814 USD",11/04/2025 12:00 pm CST,2016,HYUN,SONATA SE,2.4L  4,4,5NPE24AF8GH******,CERT OF TITLE-SALVAGE TITLE,"69,759 N",NOT ACTUAL,FRONT END,0 USD,0 USD,2331,AL - BIRMINGHAM,0,N/A,N/A
https://www.copart.com/lot/85518895/salvage-2017-dodge-journey-se-al-birmingham,85518895,"5,598 USD",11/04/2025 12:00 pm CST,2017,DODG,JOURNEY SE,2.4L  4,4,3C4PDCAB8HT******,CERT OF TITLE-SALVAGE TITLE,"121,368 A",ACTUAL,FRONT END,0 USD,0 USD,3323,AL - BIRMINGHAM,0,N/A,N/A
https://www.copart.com/lot/85507835/salvage-2017-ram-1500-laramie-al-birmingham,85507835,"21,231 USD",11/04/2025 12:00 pm CST,2017,RAM,1500 LARAM,3.0L  6,6,1C6RR7NM0HS******,CERT OF TITLE-SALVAGE TITLE,"123,461 A",ACTUAL,SIDE,0 USD,0 USD,34,AL - BIRMINGHAM,0,N/A,N/A
https://www.copart.com/lot/85370305/salvage-2019-gmc-sierra-k1500-slt-al-birmingham,85370305,"37,604 USD",11/04/2025 12:00 pm CST,2019,GMC,SIERRA K15,5.3L  8,8,1GTU9DEDXKZ******,CERT OF TITLE-SALVAGE TITLE,"52,133 A",ACTUAL,REAR END,0 USD,0 USD,28,AL - BIRMINGHAM,0,N/A,N/A
https://www.copart.com/lot/85364785/clean-title-2016-mercedes-benz-gl-550-4matic-al-birmingham,85364785,"16,500 USD",11/04/2025 12:00 pm CST,2016,MERZ,GL 550 4MA,4.6L  8,8,4JGDF7DE2GA******,CERTIFICATE OF TITLE (P),"135,488 A",ACTUAL,NORMAL WEAR,0 USD,0 USD,3,AL - BIRMINGHAM,0,N/A,N/A
https://www.copart.com/lot/85363065/clean-title-2020-toyota-camry-se-al-birmingham,85363065,"20,925 USD",11/04/2025 12:00 pm CST,2020,TOYT,CAMRY SE,2.5L  4,4,4T1G11AK6LU******,CERTIFICATE OF TITLE,0 N,NOT ACTUAL,FRONT END,0 USD,0 USD,4059,AL - BIRMINGHAM,0,N/A,N/A
https://www.copart.com/lot/85353945/salvage-2019-subaru-outback-2-5i-limited-al-birmingham,85353945,"22,975 USD",11/04/2025 12:00 pm CST,2019,SUBA,OUTBACK 2.,2.5L  4,4,4S4BSANC2K3******,CERT OF TITLE-SALVAGE TITLE,"26,101 A",ACTUAL,MECHANICAL,175 USD,0 USD,2008,AL - BIRMINGHAM,0,N/A,N/A
https://www.copart.com/lot/85324065/salvage-2019-toyota-camry-l-al-birmingham,85324065,"17,481 USD",11/04/2025 12:00 pm CST,2019,TOYT,CAMRY L,2.5L  4,4,4T1B11HKXKU******,CERT OF TITLE-SALVAGE TITLE,"86,647 A",ACTUAL,FRONT END,175 USD,0 USD,42,AL - BIRMINGHAM,0,N/A,N/A
https://www.copart.com/lot/85307555/salvage-2015-honda-odyssey-touring-al-mobile-south,85307555,"14,579 USD",11/04/2025 12:00 pm CST,2015,HOND,ODYSSEY TO,3.5L  6,6,5FNRL5H9XFB******,CERT OF TITLE SLVG REBUILDABLE,"126,654 A",ACTUAL,SIDE,0 USD,0 USD,11,AL - MOBILE SOUTH,0,N/A,N/A
https://www.copart.com/lot/85284225/salvage-2016-chevrolet-malibu-lt-al-birmingham,85284225,"7,605 USD",11/04/2025 12:00 pm CST,2016,CHEV,MALIBU LT,1.5L  4,4,1G1ZE5ST4GF******,CERT OF TITLE-SALVAGE TITLE,"211,829 N",NOT ACTUAL,REAR END,0 USD,0 USD,2350,AL - BIRMINGHAM,0,N/A,N/A
https://www.copart.com/lot/85261775/salvage-2018-ford-ecosport-se-al-birmingham,85261775,"10,063 USD",11/04/2025 12:00 pm CST,2018,FORD,ECOSPORT SE,1.0L  3,3,MAJ3P1TE6JC******,CERT OF TITLE-SALVAGE TITLE,"104,080 N",NOT ACTUAL,FRONT END,0 USD,0 USD,4108,AL - BIRMINGHAM,0,N/A,N/A
https://www.copart.com/lot/85186405/salvage-2015-nissan-altima-2-5-al-mobile-south,85186405,$1 USD,11/04/2025 12:00 pm CST,2015,NISS,ALTIMA 2.5,2.5L  4,4,1N4AL3AP4FC******,CERT OF TITLE SLVG REBUILDABLE,"169,665 A",ACTUAL,FRONT END,0 USD,0 USD,37,AL - MOBILE SOUTH,0,N/A,N/A
https://www.copart.com/lot/85144865/salvage-2015-kia-optima-lx-al-mobile-south,85144865,"9,769 USD",11/04/2025 12:00 pm CST,2015,KIA,OPTIMA LX,2.4L  4,4,KNAGM4A71F5******,CERT OF TITLE SLVG REBUILDABLE,"105,146 A",ACTUAL,FRONT END,0 USD,0 USD,2006,AL - MOBILE SOUTH,0,N/A,N/A
https://www.copart.com/lot/85137955/salvage-2015-lexus-gx-460-premium-al-birmingham,85137955,"25,447 USD",11/04/2025 12:00 pm CST,2015,LEXS,GX 460 PREMIUM,4.6L  8,8,JTJJM7FX0F5******,CERT OF TITLE-SALVAGE TITLE,"114,399 A",ACTUAL,SIDE,175 USD,0 USD,2250,AL - BIRMINGHAM,0,N/A,N/A
https://www.copart.com/lot/85121315/clean-title-2015-bmw-x4-xdrive28i-al-birmingham,85121315,"14,900 USD",11/04/2025 12:00 pm CST,2015,BMW,X4 XDRIVE2,2.0L  4,4,5UXXW3C57F0******,CERTIFICATE OF TITLE,"131,057 A",ACTUAL,NORMAL WEAR,875 USD,0 USD,92,AL - BIRMINGHAM,0,N/A,N/A
https://www.copart.com/lot/85114195/clean-title-2018-bmw-x5-sdrive35i-al-birmingham,85114195,$1 USD,11/04/2025 12:00 pm CST,2018,BMW,X5 SDRIVE3,3.0L  6,6,5UXKR2C5XJ0******,CERTIFICATE OF TITLE (P),"141,000 A",ACTUAL,MINOR DENT/SCRATCHES,"10,200 USD",0 USD,56,AL - BIRMINGHAM,0,N/A,N/A
https://www.copart.com/lot/85111885/salvage-2018-toyota-camry-xse-al-birmingham,85111885,"23,165 USD",11/04/2025 12:00 pm CST,2018,TOYT,CAMRY XSE,2.5L  4,4,4T1B61HK8JU******,CERT OF TITLE-SALVAGE TITLE,"30,053 A",ACTUAL,SIDE,0 USD,0 USD,16,AL - BIRMINGHAM,0,N/A,N/A
https://www.copart.com/lot/85110775/salvage-2024-ford-explorer-police-interceptor-al-birmingham,85110775,"38,634 USD",11/04/2025 12:00 pm CST,2024,FORD,EXPLORER P,3.3L  6,6,1FM5K8AB5RG******,CERT OF TITLE-SALVAGE TITLE,"8,315 A",ACTUAL,REAR END,250 USD,0 USD,2280,AL - BIRMINGHAM,0,N/A,N/A
https://www.copart.com/lot/85080985/salvage-2016-chrysler-200-limited-al-birmingham,85080985,"9,751 USD",11/04/2025 12:00 pm CST,2016,CHRY,200 LIMITED,2.4L  4,4,1C3CCCABXGN******,CERT OF TITLE-SALVAGE TITLE,"120,440 N",NOT ACTUAL,REAR END,850 USD,0 USD,2291,AL - BIRMINGHAM,0,N/A,N/A
https://www.copart.com/lot/85010475/salvage-2021-honda-civic-exl-al-mobile-south,85010475,"18,837 USD",11/04/2025 12:00 pm CST,2021,HOND,CIVIC EXL,1.5L  4,4,19XFC1F73ME******,CERT OF TITLE SLVG REBUILDABLE,"66,890 A",ACTUAL,FRONT END,250 USD,0 USD,25,AL - MOBILE SOUTH,0,N/A,N/A
https://www.copart.com/lot/84960775/salvage-2018-chrysler-pacifica-touring-plus-al-mobile-south,84960775,"15,625 USD",11/04/2025 12:00 pm CST,2018,CHRY,PACIFICA T,3.6L  6,6,2C4RC1FG5JR******,CERT OF TITLE SLVG REBUILDABLE,"62,396 A",ACTUAL,REAR END,0 USD,0 USD,16,AL - MOBILE SOUTH,0,N/A,N/A
https://www.copart.com/lot/84932955/salvage-2017-lexus-rx-450h-base-al-birmingham,84932955,"27,649 USD",11/04/2025 12:00 pm CST,2017,LEXS,RX 450H BA,3.5L  6,6,2T2BGMCA8HC******,SALVAGE CERTIFICATE,"85,176 A",ACTUAL,FRONT END,"7,100 USD",0 USD,108,AL - BIRMINGHAM,0,N/A,N/A
https://www.copart.com/lot/84911035/salvage-2017-lexus-rx-350-base-al-birmingham,84911035,"26,903 USD",11/04/2025 12:00 pm CST,2017,LEXS,RX 350 BASE,3.5L  6,6,2T2ZZMCA0HC******,CERT OF TITLE-SALVAGE TITLE,"51,732 A",ACTUAL,FRONT END,"1,600 USD",0 USD,2259,AL - BIRMINGHAM,0,N/A,N/A
https://www.copart.com/lot/84902305/salvage-2015-mini-cooper-al-birmingham,84902305,"8,194 USD",11/04/2025 12:00 pm CST,2015,MIN,COOPER,1.5L  3,3,WMWXM5C56F3******,CERT OF TITLE-SALVAGE TITLE,"83,790 A",ACTUAL,SIDE,0 USD,0 USD,3353,AL - BIRMINGHAM,0,N/A,N/A
https://www.copart.com/lot/84896565/salvage-2023-audi-a4-premium-plus-45-al-birmingham,84896565,"23,269 USD",11/04/2025 12:00 pm CST,2023,AUDI,A4 PREMIUM,2.0L  4,4,WAUEAAF43PN******,CERT OF TITLE-SALVAGE TITLE,"61,371 A",ACTUAL,REAR END,0 USD,0 USD,49,AL - BIRMINGHAM,0,N/A,N/A
https://www.copart.com/lot/84814635/salvage-2017-honda-hr-v-lx-al-birmingham,84814635,"15,772 USD",11/04/2025 12:00 pm CST,2017,HOND,HR-V LX,1.8L  4,4,3CZRU5H31HM******,CERT OF TITLE-SALVAGE TITLE,"43,716 N",NOT ACTUAL,FRONT END,0 USD,0 USD,2255,AL - BIRMINGHAM,0,N/A,N/A
https://www.copart.com/lot/84800115/salvage-2016-toyota-tacoma-double-cab-al-birmingham,84800115,"22,804 USD",11/04/2025 12:00 pm CST,2016,TOYT,TACOMA DOUBLE CAB,3.5L  6,6,5TFAZ5CN9GX******,CERT OF TITLE-SALVAGE TITLE,"114,094 N",NOT ACTUAL,REAR END,0 USD,0 USD,40,AL - BIRMINGHAM,0,N/A,N/A
https://www.copart.com/lot/84751945/salvage-2023-ford-bronco-sport-outer-banks-al-birmingham,84751945,"28,012 USD",11/04/2025 12:00 pm CST,2023,FORD,BRONCO SPO,1.5L  3,3,3FMCR9C61PR******,CERT OF TITLE-SALVAGE TITLE,"16,265 A",ACTUAL,FRONT END,0 USD,0 USD,100,AL - BIRMINGHAM,0,N/A,N/A
https://www.copart.com/lot/84745185/2022-volkswagen-tiguan-se-r-line-black-al-birmingham,84745185,"25,400 USD",11/04/2025 12:00 pm CST,2022,VOLK,TIGUAN SE,2.0L  4,4,3VVCB7AX1NM******,CERTIFICATE OF DESTRUCTION,0 N,NOT ACTUAL,BURN,0 USD,0 USD,2003,AL - BIRMINGHAM,0,N/A,N/A
https://www.copart.com/lot/84738915/salvage-2015-chrysler-town-&-country-touring-al-birmingham,84738915,"4,802 USD",11/04/2025 12:00 pm CST,2015,CHRY,TOWN & COU,3.6L  6,6,2C4RC1BG5FR******,CERT OF TITLE-SALVAGE TITLE,"255,550 A",ACTUAL,FRONT END,0 USD,0 USD,2307,AL - BIRMINGHAM,0,N/A,N/A
https://www.copart.com/lot/84632965/salvage-2019-ram-1500-classic-tradesman-al-birmingham,84632965,"22,697 USD",11/04/2025 12:00 pm CST,2019,RAM,1500 CLASS,5.7L  8,8,1C6RR6KT3KS******,CERT OF TITLE-SALVAGE TITLE,"76,462 A",ACTUAL,REAR END,250 USD,0 USD,0,AL - BIRMINGHAM,0,N/A,N/A
https://www.copart.com/lot/84625875/2016-ford-mustang-al-birmingham,84625875,"11,965 USD",11/04/2025 12:00 pm CST,2016,FORD,MUSTANG,3.7L  6,6,1FA6P8AMXG5******,CERT OF TITLE-PARTS ONLY SALVG,0 N,NOT ACTUAL,BURN,175 USD,0 USD,4078,AL - BIRMINGHAM,0,N/A,N/A
https://www.copart.com/lot/84624615/salvage-2016-mazda-cx-5-gt-al-birmingham,84624615,"12,812 USD",11/04/2025 12:00 pm CST,2016,MAZD,CX-5 GT,2.5L  4,4,JM3KE2DY2G0******,CERT OF TITLE-SALVAGE TITLE,"122,448 A",ACTUAL,FRONT END,0 USD,0 USD,3299,AL - BIRMINGHAM,0,N/A,N/A
https://www.copart.com/lot/84555995/salvage-2015-jeep-grand-cherokee-limited-al-birmingham,84555995,"10,355 USD",11/04/2025 12:00 pm CST,2015,JEP,GRAND CHER,3.6L  6,6,1C4RJFBG6FC******,CERT OF TITLE-SALVAGE TITLE,"263,599 A",ACTUAL,FRONT END,175 USD,0 USD,3364,AL - BIRMINGHAM,0,N/A,N/A
https://www.copart.com/lot/84549445/salvage-2019-hyundai-santa-fe-se-al-birmingham,84549445,"14,192 USD",11/04/2025 12:00 pm CST,2019,HYUN,SANTA FE S,2.4L  4,4,5NMS2CAD1KH******,CERT OF TITLE-SALVAGE TITLE,"83,558 A",ACTUAL,FRONT END,0 USD,0 USD,2335,AL - BIRMINGHAM,0,N/A,N/A
https://www.copart.com/lot/84546925/salvage-2020-honda-accord-sport-al-birmingham,84546925,"19,121 USD",11/04/2025 12:00 pm CST,2020,HOND,ACCORD SPORT,1.5L  4,4,1HGCV1F32LA******,CERT OF TITLE-SALVAGE TITLE,"144,902 N",NOT ACTUAL,FRONT END,200 USD,0 USD,2286,AL - BIRMINGHAM,0,N/A,N/A
https://www.copart.com/lot/84435945/2022-nissan-altima-sv-al-mobile-south,84435945,"17,090 USD",11/04/2025 12:00 pm CST,2022,NISS,ALTIMA SV,2.5L  4,4,1N4BL4DV2NN******,CERTIFICATE OF DESTRUCTION,"77,125 A",ACTUAL,FRONT END,"1,000 USD",0 USD,2511,AL - MOBILE SOUTH,0,N/A,N/A
https://www.copart.com/lot/84398305/salvage-2020-hyundai-elantra-sel-al-birmingham,84398305,"12,457 USD",11/04/2025 12:00 pm CST,2020,HYUN,ELANTRA SEL,2.0L  4,4,5NPD84LF7LH******,CERT OF TITLE-SALVAGE TITLE,"112,338 A",ACTUAL,REAR END,0 USD,0 USD,3339,AL - BIRMINGHAM,0,N/A,N/A
https://www.copart.com/lot/84360485/salvage-2015-toyota-tacoma-access-cab-al-birmingham,84360485,"13,087 USD",11/04/2025 12:00 pm CST,2015,TOYT,TACOMA ACC,4.0L  6,6,5TFUU4EN2FX******,CERT OF TITLE-SALVAGE TITLE,"204,816 A",ACTUAL,FRONT END,175 USD,0 USD,2313,AL - BIRMINGHAM,0,N/A,N/A
https://www.copart.com/lot/84285565/salvage-2017-toyota-corolla-im-al-birmingham,84285565,"15,620 USD",11/04/2025 12:00 pm CST,2017,TOYT,COROLLA IM,1.8L  4,4,JTNKARJEXHJ******,CERT OF TITLE-SALVAGE TITLE,"33,697 A",ACTUAL,FRONT END,0 USD,0 USD,4062,AL - BIRMINGHAM,0,N/A,N/A
https://www.copart.com/lot/84283555/2019-ford-mustang-al-birmingham,84283555,"22,425 USD",11/04/2025 12:00 pm CST,2019,FORD,MUSTANG,2.3L  4,4,1FATP8UH0K5******,CERTIFICATE OF DESTRUCTION,0 N,NOT ACTUAL,BURN,0 USD,0 USD,4024,AL - BIRMINGHAM,0,N/A,N/A
https://www.copart.com/lot/84283195/salvage-2017-chevrolet-equinox-premier-al-birmingham,84283195,"10,830 USD",11/04/2025 12:00 pm CST,2017,CHEV,EQUINOX PREMIER,3.6L  6,6,2GNFLGE34H6******,CERT OF TITLE-SALVAGE TITLE,"165,623 N",NOT ACTUAL,REAR END,0 USD,0 USD,3295,AL - BIRMINGHAM,0,N/A,N/A
https://www.copart.com/lot/84269725/salvage-2018-nissan-rogue-s-al-birmingham,84269725,"9,823 USD",11/04/2025 12:00 pm CST,2018,NISS,ROGUE S,2.5L  4,4,KNMAT2MT0JP******,CERT OF TITLE-SALVAGE TITLE,"131,718 A",ACTUAL,FRONT END,0 USD,0 USD,3329,AL - BIRMINGHAM,0,N/A,N/A
https://www.copart.com/lot/84257405/salvage-2019-ford-ecosport-se-al-birmingham,84257405,"13,105 USD",11/04/2025 12:00 pm CST,2019,FORD,ECOSPORT S,2.0L  4,4,MAJ6S3GL2KC******,CERT OF TITLE-SALVAGE TITLE,"64,482 A",ACTUAL,FRONT END,0 USD,0 USD,0,AL - BIRMINGHAM,0,N/A,N/A
https://www.copart.com/lot/84248575/salvage-2017-nissan-rogue-s-al-mobile-south,84248575,"14,399 USD",11/04/2025 12:00 pm CST,2017,NISS,ROGUE S,2.5L  4,4,JN8AT2MT9HW******,CERT OF TITLE SLVG REBUILDABLE,"82,231 A",ACTUAL,FRONT END,0 USD,0 USD,77,AL - MOBILE SOUTH,0,N/A,N/A
https://www.copart.com/lot/84213985/salvage-2017-toyota-tacoma-double-cab-al-birmingham,84213985,"22,875 USD",11/04/2025 12:00 pm CST,2017,TOYT,TACOMA DOUBLE CAB,3.5L  6,6,5TFAZ5CN5HX******,CERT OF TITLE-SALVAGE TITLE,"112,672 A",ACTUAL,FRONT END,0 USD,0 USD,105,AL - BIRMINGHAM,0,N/A,N/A
https://www.copart.com/lot/84213325/clean-title-2019-nissan-sentra-s-al-birmingham,84213325,$1 USD,11/04/2025 12:00 pm CST,2019,NISS,SENTRA S,1.8L  4,4,3N1AB7AP8KY******,CERTIFICATE OF TITLE (P),"248,304 A",ACTUAL,MINOR DENT/SCRATCHES,0 USD,0 USD,3312,AL - BIRMINGHAM,0,N/A,N/A
https://www.copart.com/lot/84210055/salvage-2025-jeep-compass-trailhawk-al-birmingham,84210055,"30,625 USD",11/04/2025 12:00 pm CST,2025,JEP,COMPASS TR,2.0L  4,4,3C4NJDDN4ST******,CERT OF TITLE - SALVAGE,"4,549 A",ACTUAL,FRONT END,0 USD,0 USD,4034,AL - BIRMINGHAM,0,N/A,N/A
https://www.copart.com/lot/84202045/salvage-2022-kia-k5-gt-line-al-birmingham,84202045,"24,431 USD",11/04/2025 12:00 pm CST,2022,KIA,K5 GT LINE,1.6L  4,4,5XXG64J20NG******,CERT OF TITLE-SALVAGE TITLE,"53,522 N",NOT ACTUAL,REAR END,175 USD,0 USD,45,AL - BIRMINGHAM,0,N/A,N/A
https://www.copart.com/lot/84196965/salvage-2024-ford-f150-lariat-al-mobile-south,84196965,"59,189 USD",11/04/2025 12:00 pm CST,2024,FORD,F150 LARIA,5.0L  8,8,1FTFW5L52RF******,CERT OF TITLE SLVG REBUILDABLE,"11,287 A",ACTUAL,FRONT END,300 USD,0 USD,2016,AL - MOBILE SOUTH,0,N/A,N/A
https://www.copart.com/lot/84055545/clean-title-2018-kia-sorento-lx-al-mobile-south,84055545,$1 USD,11/04/2025 12:00 pm CST,2018,KIA,SORENTO LX,3.3L  6,6,5XYPG4A52JG******,CERTIFICATE OF TITLE,"222,304 A",ACTUAL,MINOR DENT/SCRATCHES,0 USD,0 USD,2014,AL - MOBILE SOUTH,0,N/A,N/A
https://www.copart.com/lot/84054605/salvage-2016-mazda-cx-9-touring-al-birmingham,84054605,"9,198 USD",11/04/2025 12:00 pm CST,2016,MAZD,CX-9 TOURI,2.5L  4,4,JM3TCACY8G0******,CERT OF TITLE-SALVAGE TITLE,"181,456 A",ACTUAL,FRONT END,300 USD,0 USD,3317,AL - BIRMINGHAM,0,N/A,N/A
https://www.copart.com/lot/84010045/clean-title-2021-mercedes-benz-gle-coupe-amg-53-4matic-al-birmingham,84010045,$1 USD,11/04/2025 12:00 pm CST,2021,MERZ,GLE COUPE,3.0L  6,6,4JGFD6BB4MA******,CERTIFICATE OF TITLE (P),"69,745 A",ACTUAL,UNDERCARRIAGE,"10,000 USD",0 USD,67,AL - BIRMINGHAM,0,N/A,N/A
https://www.copart.com/lot/83952475/salvage-2024-nissan-sentra-sr-al-birmingham,83952475,"21,047 USD",11/04/2025 12:00 pm CST,2024,NISS,SENTRA SR,2.0L  4,4,3N1AB8DVXRY******,CERT OF TITLE-SALVAGE TITLE,"19,943 A",ACTUAL,FRONT END,"1,000 USD",0 USD,32,AL - BIRMINGHAM,0,N/A,N/A
https://www.copart.com/lot/83949205/salvage-2022-chevrolet-malibu-lt-al-birmingham,83949205,"17,791 USD",11/04/2025 12:00 pm CST,2022,CHEV,MALIBU LT,1.5L  4,4,1G1ZD5ST5NF******,CERT OF TITLE-SALVAGE TITLE,"56,118 N",NOT ACTUAL,SIDE,0 USD,0 USD,2277,AL - BIRMINGHAM,0,N/A,N/A
https://www.copart.com/lot/83852315/salvage-2018-ford-escape-sel-al-birmingham,83852315,"11,018 USD",11/04/2025 12:00 pm CST,2018,FORD,ESCAPE SEL,1.5L  4,4,1FMCU9HD7JU******,CERT OF TITLE-SALVAGE TITLE,"97,713 A",ACTUAL,FRONT END,0 USD,0 USD,3355,AL - BIRMINGHAM,0,N/A,N/A
https://www.copart.com/lot/83850085/salvage-2023-hyundai-santa-fe-se-al-birmingham,83850085,"17,463 USD",11/04/2025 12:00 pm CST,2023,HYUN,SANTA FE S,2.5L  4,4,5NMS14AJ6PH******,CERT OF TITLE-SALVAGE TITLE,"88,385 A",ACTUAL,FRONT END,0 USD,0 USD,0,AL - BIRMINGHAM,0,N/A,N/A
https://www.copart.com/lot/83791705/salvage-2017-honda-accord-sport-al-birmingham,83791705,"8,868 USD",11/04/2025 12:00 pm CST,2017,HOND,ACCORD SPO,2.4L  4,4,1HGCR2F52HA******,CERT OF TITLE-SALVAGE TITLE,"148,435 N",NOT ACTUAL,FRONT END,175 USD,0 USD,4110,AL - BIRMINGHAM,0,N/A,N/A
https://www.copart.com/lot/83789055/salvage-2015-toyota-tundra-crewmax-sr5-al-birmingham,83789055,"14,091 USD",11/04/2025 12:00 pm CST,2015,TOYT,TUNDRA CRE,4.6L  8,8,5TFEM5F14FX******,CERT OF TITLE-SALVAGE TITLE,0 N,NOT ACTUAL,FRONT END,0 USD,0 USD,4018,AL - BIRMINGHAM,0,N/A,N/A
https://www.copart.com/lot/82742065/clean-title-2018-nissan-frontier-s-al-mobile-south,82742065,"16,325 USD",11/04/2025 12:00 pm CST,2018,NISS,FRONTIER S,2.5L  4,4,1N6BD0CT7JN******,CERTIFICATE OF TITLE,"47,025 A",ACTUAL,NORMAL WEAR,0 USD,0 USD,21,AL - MOBILE SOUTH,0,N/A,N/A
https://www.copart.com/lot/82733815/salvage-2017-ford-f250-super-duty-al-birmingham,82733815,"25,718 USD",11/04/2025 12:00 pm CST,2017,FORD,F250 SUPER,6.7L  8,8,1FT7W2BT0HE******,CERT OF TITLE-SALVAGE TITLE,"260,356 A",ACTUAL,SIDE,0 USD,0 USD,2274,AL - BIRMINGHAM,0,N/A,N/A
https://www.copart.com/lot/82722955/salvage-2015-nissan-altima-2-5-al-birmingham,82722955,"4,403 USD",11/04/2025 12:00 pm CST,2015,NISS,ALTIMA 2.5,2.5L  4,4,1N4AL3AP8FC******,CERT OF TITLE-SALVAGE TITLE,"212,821 A",ACTUAL,REAR END,175 USD,0 USD,2338,AL - BIRMINGHAM,0,N/A,N/A
https://www.copart.com/lot/82669515/salvage-2016-mercedes-benz-c-300-4matic-al-birmingham,82669515,"20,323 USD",11/04/2025 12:00 pm CST,2016,MERZ,C 300 4MAT,2.0L  4,4,WDDWF4KBXGR******,CERT OF TITLE-SALVAGE TITLE,"70,047 A",ACTUAL,FRONT END,0 USD,0 USD,4088,AL - BIRMINGHAM,0,N/A,N/A
https://www.copart.com/lot/82661865/salvage-2018-ford-mustang-al-birmingham,82661865,"13,141 USD",11/04/2025 12:00 pm CST,2018,FORD,MUSTANG,2.3L  4,4,1FA6P8TH2J5******,CERT OF TITLE-SALVAGE TITLE,"117,209 A",ACTUAL,FRONT END,175 USD,0 USD,3298,AL - BIRMINGHAM,0,N/A,N/A
https://www.copart.com/lot/82654045/salvage-2016-audi-q5-premium-plus-al-birmingham,82654045,"10,521 USD",11/04/2025 12:00 pm CST,2016,AUDI,Q5 PREMIUM,2.0L  4,4,WA1L2AFP8GA******,CERT OF TITLE-SALVAGE TITLE,"105,960 A",ACTUAL,REAR END,0 USD,0 USD,4106,AL - BIRMINGHAM,0,N/A,N/A
https://www.copart.com/lot/82621625/clean-title-2017-ford-fiesta-se-al-birmingham,82621625,$1 USD,11/04/2025 12:00 pm CST,2017,FORD,FIESTA SE,1.6L  4,4,3FADP4BJ5HM******,CERTIFICATE OF TITLE,"192,668 A",ACTUAL,UNDERCARRIAGE,0 USD,0 USD,70,AL - BIRMINGHAM,0,N/A,N/A
https://www.copart.com/lot/82618475/salvage-2017-lincoln-mkx-reserve-al-mobile-south,82618475,"8,835 USD",11/04/2025 12:00 pm CST,2017,LINC,MKX RESERV,3.7L  6,6,2LMPJ6LR9HB******,CERT OF TITLE SLVG REBUILDABLE,"165,102 A",ACTUAL,FRONT END,0 USD,0 USD,44,AL - MOBILE SOUTH,0,N/A,N/A
https://www.copart.com/lot/82528645/salvage-2023-toyota-camry-xse-al-birmingham,82528645,"26,765 USD",11/04/2025 12:00 pm CST,2023,TOYT,CAMRY XSE,2.5L  4,4,4T1K61AK3PU******,CERT OF TITLE-SALVAGE TITLE,"58,635 A",ACTUAL,FRONT END,200 USD,0 USD,13,AL - BIRMINGHAM,0,N/A,N/A
https://www.copart.com/lot/82462655/salvage-2015-cadillac-srx-luxury-collection-al-birmingham,82462655,"9,420 USD",11/04/2025 12:00 pm CST,2015,CADI,SRX LUXURY,3.6L  6,6,3GYFNEE3XFS******,CERT OF TITLE-SALVAGE TITLE,"127,596 A",ACTUAL,FRONT END,0 USD,0 USD,4010,AL - BIRMINGHAM,0,N/A,N/A
https://www.copart.com/lot/82414165/salvage-2015-audi-a6-premium-al-birmingham,82414165,"8,964 USD",11/04/2025 12:00 pm CST,2015,AUDI,A6 PREMIUM,2.0L  4,4,WAUCFAFC7FN******,CERT OF TITLE-SALVAGE TITLE,"118,919 A",ACTUAL,FRONT END,0 USD,0 USD,4027,AL - BIRMINGHAM,0,N/A,N/A
https://www.copart.com/lot/82409675/clean-title-2017-nissan-titan-xd-s-al-mobile-south,82409675,"21,592 USD",11/04/2025 12:00 pm CST,2017,NISS,TITAN XD S,5.0L  8,8,1N6BA1C31HN******,CERTIFICATE OF TITLE,"146,353 A",ACTUAL,MECHANICAL,"1,750 USD",0 USD,2538,AL - MOBILE SOUTH,0,N/A,N/A
https://www.copart.com/lot/82383675/salvage-2023-toyota-corolla-cross-le-al-birmingham,82383675,"22,999 USD",11/04/2025 12:00 pm CST,2023,TOYT,COROLLA CR,2.0L  4,4,7MUCAAAG0PV******,CERT OF TITLE-SALVAGE TITLE,"20,258 A",ACTUAL,FRONT END,0 USD,0 USD,0,AL - BIRMINGHAM,0,N/A,N/A
https://www.copart.com/lot/82376535/2019-nissan-frontier-s-al-mobile-south,82376535,"21,649 USD",11/04/2025 12:00 pm CST,2019,NISS,FRONTIER S,4.0L  6,6,1N6AD0EV7KN******,CERTIFICATE OF DESTRUCTION,"78,440 A",ACTUAL,FRONT END,250 USD,0 USD,2539,AL - MOBILE SOUTH,0,N/A,N/A
https://www.copart.com/lot/82354755/salvage-2018-kia-forte-lx-al-mobile-south,82354755,"7,103 USD",11/04/2025 12:00 pm CST,2018,KIA,FORTE LX,2.0L  4,4,3KPFK4A71JE******,CERT OF TITLE SLVG REBUILDABLE,"60,319 A",ACTUAL,SIDE,250 USD,0 USD,28,AL - MOBILE SOUTH,0,N/A,N/A
https://www.copart.com/lot/82311595/salvage-2022-bmw-x3-xdrive30i-al-birmingham,82311595,"26,374 USD",11/04/2025 12:00 pm CST,2022,BMW,X3 XDRIVE3,2.0L  4,4,5UX53DP04N9******,CERT OF TITLE-SALVAGE TITLE,0 N,NOT ACTUAL,SIDE,0 USD,0 USD,4002,AL - BIRMINGHAM,0,N/A,N/A
https://www.copart.com/lot/82311475/salvage-2020-nissan-rogue-s-al-birmingham,82311475,"11,600 USD",11/04/2025 12:00 pm CST,2020,NISS,ROGUE S,2.5L  4,4,JN8AT2MT9LW******,CERT OF TITLE-SALVAGE TITLE,"120,177 A",ACTUAL,FRONT END,0 USD,0 USD,4105,AL - BIRMINGHAM,0,N/A,N/A
https://www.copart.com/lot/82301135/salvage-2020-mitsubishi-outlander-se-al-birmingham,82301135,"9,081 USD",11/04/2025 12:00 pm CST,2020,MITS,OUTLANDER SE,2.4L  4,4,JA4AD3A31LZ******,CERT OF TITLE-SALVAGE TITLE,"109,992 A",ACTUAL,SIDE,0 USD,0 USD,4066,AL - BIRMINGHAM,0,N/A,N/A
https://www.copart.com/lot/82300605/salvage-2015-lexus-nx-200t-al-birmingham,82300605,"16,325 USD",11/04/2025 12:00 pm CST,2015,LEXS,NX 200T,2.0L  4,4,JTJYARBZ2F2******,CERT OF TITLE-SALVAGE TITLE,"120,082 A",ACTUAL,SIDE,0 USD,0 USD,0,AL - BIRMINGHAM,0,N/A,N/A
https://www.copart.com/lot/82271385/salvage-2017-toyota-corolla-l-al-mobile-south,82271385,"8,000 USD",11/04/2025 12:00 pm CST,2017,TOYT,COROLLA L,1.8L  4,4,2T1BURHE5HC******,CERT OF TITLE SLVG REBUILDABLE,"154,236 A",ACTUAL,FRONT END,0 USD,0 USD,2540,AL - MOBILE SOUTH,0,N/A,N/A
https://www.copart.com/lot/82267865/clean-title-2015-nissan-versa-s-al-mobile-south,82267865,$1 USD,11/04/2025 12:00 pm CST,2015,NISS,VERSA S,1.6L  4,4,3N1CN7AP9FL******,CERT OF TITLE - REBUILT VEHICL,"83,392 A",ACTUAL,MINOR DENT/SCRATCHES,0 USD,0 USD,68,AL - MOBILE SOUTH,0,N/A,N/A
https://www.copart.com/lot/82189765/salvage-2015-lincoln-mkx-al-birmingham,82189765,"8,316 USD",11/04/2025 12:00 pm CST,2015,LINC,MKX,3.7L  6,6,2LMDJ6JK2FB******,CERT OF TITLE-SALVAGE TITLE,"138,431 A",ACTUAL,SIDE,0 USD,0 USD,3264,AL - BIRMINGHAM,0,N/A,N/A
https://www.copart.com/lot/82177135/clean-title-2017-nissan-pathfinder-s-al-mobile-south,82177135,$1 USD,11/04/2025 12:00 pm CST,2017,NISS,PATHFINDER,3.5L  6,6,5N1DR2MN0HC******,CERTIFICATE OF TITLE,"178,734 A",ACTUAL,NORMAL WEAR,0 USD,0 USD,24,AL - MOBILE SOUTH,0,N/A,N/A
https://www.copart.com/lot/82160495/salvage-2017-nissan-rogue-s-al-birmingham,82160495,"12,737 USD",11/04/2025 12:00 pm CST,2017,NISS,ROGUE S,2.5L  4,4,5N1AT2MTXHC******,CERT OF TITLE-SALVAGE TITLE,"76,362 A",ACTUAL,FRONT END,200 USD,0 USD,3330,AL - BIRMINGHAM,0,N/A,N/A
https://www.copart.com/lot/82149755/clean-title-2018-ford-fiesta-se-al-birmingham,82149755,"8,892 USD",11/04/2025 12:00 pm CST,2018,FORD,FIESTA SE,1.6L  4,4,3FADP4BJ6JM******,CERTIFICATE OF TITLE,"50,707 A",ACTUAL,FRONT END,200 USD,0 USD,3357,AL - BIRMINGHAM,0,N/A,N/A
https://www.copart.com/lot/82134555/salvage-2017-nissan-rogue-s-al-birmingham,82134555,"10,514 USD",11/04/2025 12:00 pm CST,2017,NISS,ROGUE S,2.5L  4,4,5N1AT2MT0HC******,CERT OF TITLE-SALVAGE TITLE,"153,902 A",ACTUAL,FRONT END,0 USD,0 USD,3365,AL - BIRMINGHAM,0,N/A,N/A
https://www.copart.com/lot/82073735/clean-title-2016-mercedes-benz-gle-coupe-63-amg-s-al-birmingham,82073735,$1 USD,11/04/2025 12:00 pm CST,2016,MERZ,GLE COUPE,5.5L  8,8,4JGED7FB6GA******,CERTIFICATE OF TITLE (P),"95,919 A",ACTUAL,MECHANICAL,"10,000 USD",0 USD,51,AL - BIRMINGHAM,0,N/A,N/A
https://www.copart.com/lot/82056895/salvage-2025-ford-maverick-tremor-al-birmingham,82056895,"37,466 USD",11/04/2025 12:00 pm CST,2025,FORD,MAVERICK T,2.0L  4,4,3FTTW8NA3SR******,CERT OF TITLE-SALVAGE TITLE,"4,814 A",ACTUAL,REAR END,175 USD,0 USD,36,AL - BIRMINGHAM,0,N/A,N/A
https://www.copart.com/lot/81984405/salvage-2019-toyota-camry-l-al-birmingham,81984405,"15,716 USD",11/04/2025 12:00 pm CST,2019,TOYT,CAMRY L,2.5L  4,4,4T1B11HK4KU******,CERT OF TITLE-SALVAGE TITLE,"130,395 A",ACTUAL,FRONT END,0 USD,0 USD,0,AL - BIRMINGHAM,0,N/A,N/A
https://www.copart.com/lot/81963615/salvage-2016-ford-f150-supercrew-al-birmingham,81963615,"22,236 USD",11/04/2025 12:00 pm CST,2016,FORD,F150 SUPER,3.5L  6,6,1FTEW1EG1GF******,CERT OF TITLE-SALVAGE TITLE,"127,776 A",ACTUAL,REAR END,0 USD,0 USD,0,AL - BIRMINGHAM,0,N/A,N/A
https://www.copart.com/lot/81939655/salvage-2018-chevrolet-tahoe-c1500-lt-al-birmingham,81939655,"24,179 USD",11/04/2025 12:00 pm CST,2018,CHEV,TAHOE C150,5.3L  8,8,1GNSCBKC0JR******,CERT OF TITLE-SALVAGE TITLE,"87,797 A",ACTUAL,SIDE,"5,900 USD",0 USD,2265,AL - BIRMINGHAM,0,N/A,N/A
https://www.copart.com/lot/81901455/salvage-2016-maserati-ghibli-s-al-birmingham,81901455,"12,184 USD",11/04/2025 12:00 pm CST,2016,MASE,GHIBLI S,3.0L  6,6,ZAM57RSA2G1******,CERT OF TITLE-SALVAGE TITLE,"86,317 A",ACTUAL,NORMAL WEAR,0 USD,0 USD,3277,AL - BIRMINGHAM,0,N/A,N/A
https://www.copart.com/lot/81855925/salvage-2023-infiniti-q50-luxe-al-mobile-south,81855925,"25,995 USD",11/04/2025 12:00 pm CST,2023,INFI,Q50 LUXE,3.0L  6,6,JN1EV7BP9PM******,CERT OF TITLE-SALVAGE TITLE,"28,571 A",ACTUAL,FRONT END,250 USD,0 USD,2040,AL - MOBILE SOUTH,0,N/A,N/A
https://www.copart.com/lot/81853065/salvage-2017-toyota-rav4-se-al-mobile-south,81853065,"18,707 USD",11/04/2025 12:00 pm CST,2017,TOYT,RAV4 SE,2.5L  4,4,2T3NFREV3HW******,CERT OF TITLE SLVG REBUILDABLE,"81,196 A",ACTUAL,REAR END,0 USD,0 USD,2028,AL - MOBILE SOUTH,0,N/A,N/A
https://www.copart.com/lot/81852765/salvage-2023-kia-carnival-ex-al-mobile-south,81852765,"31,947 USD",11/04/2025 12:00 pm CST,2023,KIA,CARNIVAL E,3.5L  6,6,KNDNC5H34P6******,CERT OF TITLE-SALVAGED,"36,527 A",ACTUAL,REAR END,0 USD,0 USD,12,AL - MOBILE SOUTH,0,N/A,N/A
https://www.copart.com/lot/81843185/salvage-2017-ford-escape-s-al-birmingham,81843185,"11,900 USD",11/04/2025 12:00 pm CST,2017,FORD,ESCAPE S,2.5L  4,4,1FMCU0F78HU******,SALVAGE VEHICLE TITLE,"58,722 A",ACTUAL,SIDE,0 USD,0 USD,0,AL - BIRMINGHAM,0,N/A,N/A
https://www.copart.com/lot/81830445/salvage-2016-lincoln-mkz-al-birmingham,81830445,"6,787 USD",11/04/2025 12:00 pm CST,2016,LINC,MKZ,2.0L  4,4,3LN6L2G97GR******,CERT OF TITLE-SALVAGE TITLE,"117,832 A",ACTUAL,FRONT END,0 USD,0 USD,3259,AL - BIRMINGHAM,0,N/A,N/A
https://www.copart.com/lot/81820855/salvage-2023-nissan-altima-sv-al-birmingham,81820855,"16,134 USD",11/04/2025 12:00 pm CST,2023,NISS,ALTIMA SV,2.5L  4,4,1N4BL4DV8PN******,CERT OF TITLE-SALVAGE TITLE,"82,116 A",ACTUAL,FRONT END,0 USD,0 USD,33,AL - BIRMINGHAM,0,N/A,N/A
https://www.copart.com/lot/81748835/salvage-2016-lexus-rx-350-al-mobile-south,81748835,"24,242 USD",11/04/2025 12:00 pm CST,2016,LEXS,RX 350,3.5L  6,6,2T2ZZMCA7GC******,CERT OF TITLE SLVG REBUILDABLE,"46,434 A",ACTUAL,REAR END,0 USD,0 USD,2522,AL - MOBILE SOUTH,0,N/A,N/A
https://www.copart.com/lot/81712075/salvage-2018-hyundai-sonata-sport-al-mobile-south,81712075,"10,850 USD",11/04/2025 12:00 pm CST,2018,HYUN,SONATA SPO,2.4L  4,4,5NPE34AF8JH******,CERT OF TITLE SLVG REBUILDABLE,"113,091 A",ACTUAL,REAR END,250 USD,0 USD,2034,AL - MOBILE SOUTH,0,N/A,N/A
https://www.copart.com/lot/81671115/salvage-2021-jeep-wrangler-unlimited-sport-al-birmingham,81671115,"33,347 USD",11/04/2025 12:00 pm CST,2021,JEP,WRANGLER U,2.0L  4,4,1C4HJXKN9MW******,CERT OF TITLE-SALVAGE TITLE,"68,743 A",ACTUAL,FRONT END,0 USD,0 USD,107,AL - BIRMINGHAM,0,N/A,N/A
https://www.copart.com/lot/81658625/clean-title-2021-volvo-s60-t6-momentum-al-mobile-south,81658625,$1 USD,11/04/2025 12:00 pm CST,2021,VOLV,S60 T6 MOM,2.0L  4,4,7JRA22TK4MG******,CERTIFICATE OF TITLE (P),"101,117 A",ACTUAL,NORMAL WEAR,250 USD,0 USD,45,AL - MOBILE SOUTH,0,N/A,N/A
https://www.copart.com/lot/81654145/salvage-2015-chevrolet-traverse-ls-al-birmingham,81654145,"4,530 USD",11/04/2025 12:00 pm CST,2015,CHEV,TRAVERSE L,3.6L  6,6,1GNKRFEDXFJ******,CERT OF TITLE-SALVAGE,"189,680 A",ACTUAL,FRONT END,0 USD,0 USD,2308,AL - BIRMINGHAM,0,N/A,N/A
https://www.copart.com/lot/81603405/salvage-2017-toyota-camry-le-al-birmingham,81603405,"12,863 USD",11/04/2025 12:00 pm CST,2017,TOYT,CAMRY LE,2.5L  4,4,4T1BF1FK8HU******,CERT OF TITLE-SALVAGE TITLE,"133,731 N",NOT ACTUAL,FRONT END,175 USD,0 USD,4015,AL - BIRMINGHAM,0,N/A,N/A
https://www.copart.com/lot/81594605/salvage-2016-toyota-tacoma-double-cab-al-birmingham,81594605,"22,381 USD",11/04/2025 12:00 pm CST,2016,TOYT,TACOMA DOU,3.5L  6,6,3TMCZ5AN8GM******,CERT OF TITLE-SALVAGE TITLE (P),"168,947 A",ACTUAL,FRONT END,0 USD,0 USD,4041,AL - BIRMINGHAM,0,N/A,N/A
https://www.copart.com/lot/81575965/clean-title-2016-hyundai-tucson-limited-al-birmingham,81575965,"10,900 USD",11/04/2025 12:00 pm CST,2016,HYUN,TUCSON LIMITED,2.0L  4,4,KM8J33A45GU******,CERTIFICATE OF TITLE,"186,615 A",ACTUAL,NORMAL WEAR,0 USD,0 USD,73,AL - BIRMINGHAM,0,N/A,N/A
https://www.copart.com/lot/81551875/salvage-2016-kia-optima-lx-al-mobile-south,81551875,"2,439 USD",11/04/2025 12:00 pm CST,2016,KIA,OPTIMA LX,2.4L  4,4,5XXGT4L34GG******,CERT OF TITLE SLVG REBUILDABLE,"184,639 A",ACTUAL,SIDE,0 USD,0 USD,13,AL - MOBILE SOUTH,0,N/A,N/A
https://www.copart.com/lot/81501245/salvage-2023-toyota-corolla-le-al-birmingham,81501245,"20,351 USD",11/04/2025 12:00 pm CST,2023,TOYT,COROLLA LE,2.0L  4,4,5YFB4MDE3PP******,CERT OF TITLE-SALVAGED,"52,549 A",ACTUAL,SIDE,0 USD,0 USD,4028,AL - BIRMINGHAM,0,N/A,N/A
https://www.copart.com/lot/81496305/salvage-2016-chevrolet-colorado-lt-al-birmingham,81496305,"10,824 USD",11/04/2025 12:00 pm CST,2016,CHEV,COLORADO LT,3.6L  6,6,1GCGSCE31G1******,CERT OF TITLE-SALVAGE TITLE,"309,667 N",NOT ACTUAL,FRONT END,0 USD,0 USD,3367,AL - BIRMINGHAM,0,N/A,N/A
https://www.copart.com/lot/81431885/salvage-2018-nissan-versa-s-al-mobile-south,81431885,"10,384 USD",11/04/2025 12:00 pm CST,2018,NISS,VERSA S,1.6L  4,4,3N1CN7APXJL******,CERT OF TITLE SLVG REBUILDABLE,"71,958 A",ACTUAL,FRONT END,0 USD,0 USD,2037,AL - MOBILE SOUTH,0,N/A,N/A
https://www.copart.com/lot/81422825/salvage-2017-hyundai-sonata-se-al-birmingham,81422825,"10,479 USD",11/04/2025 12:00 pm CST,2017,HYUN,SONATA SE,2.4L  4,4,5NPE24AF4HH******,CERT OF TITLE-SALVAGE TITLE,"91,736 N",NOT ACTUAL,UNDERCARRIAGE,400 USD,0 USD,3371,AL - BIRMINGHAM,0,N/A,N/A
https://www.copart.com/lot/81411565/salvage-2020-jeep-compass-trailhawk-al-birmingham,81411565,"10,100 USD",11/04/2025 12:00 pm CST,2020,JEP,COMPASS TRAILHAWK,2.4L  4,4,3C4NJDDB3LT******,CERT OF TITLE-SALVAGE TITLE,0 N,NOT ACTUAL,FRONT END,0 USD,0 USD,4081,AL - BIRMINGHAM,0,N/A,N/A
https://www.copart.com/lot/81395505/clean-title-2019-chevrolet-silverado-ld-c1500-al-mobile-south,81395505,"13,900 USD",11/04/2025 12:00 pm CST,2019,CHEV,SILVERADO,5.3L  8,8,2GCRCNEC0K1******,CERTIFICATE OF TITLE,"177,965 A",ACTUAL,SIDE,250 USD,0 USD,63,AL - MOBILE SOUTH,0,N/A,N/A
https://www.copart.com/lot/81394195/salvage-2020-honda-civic-lx-al-birmingham,81394195,"11,239 USD",11/04/2025 12:00 pm CST,2020,HOND,CIVIC LX,2.0L  4,4,2HGFC2F6XLH******,CERT OF TITLE-SALVAGE TITLE,"109,102 A",ACTUAL,FRONT END,0 USD,0 USD,4505,AL - BIRMINGHAM,0,N/A,N/A
https://www.copart.com/lot/81382625/salvage-2017-nissan-altima-2-5-al-mobile-south,81382625,"8,656 USD",11/04/2025 12:00 pm CST,2017,NISS,ALTIMA 2.5,2.5L  4,4,1N4AL3AP0HC******,CERT OF TITLE SLVG REBUILDABLE,"132,932 A",ACTUAL,FRONT END,0 USD,0 USD,2531,AL - MOBILE SOUTH,0,N/A,N/A
https://www.copart.com/lot/81379075/clean-title-2019-lincoln-mkc-al-mobile-south,81379075,"15,975 USD",11/04/2025 12:00 pm CST,2019,LINC,MKC,2.0L  4,4,5LMCJ1C90KU******,CERTIFICATE OF TITLE,"94,004 N",NOT ACTUAL,FRONT END,0 USD,0 USD,2521,AL - MOBILE SOUTH,0,N/A,N/A
https://www.copart.com/lot/81324475/salvage-2021-mazda-3-preferred-al-birmingham,81324475,"13,372 USD",11/04/2025 12:00 pm CST,2021,MAZD,3 PREFERRE,2.5L  4,4,JM1BPACL3M1******,CERT OF TITLE-SALVAGE TITLE,"120,957 A",ACTUAL,FRONT END,175 USD,0 USD,3369,AL - BIRMINGHAM,0,N/A,N/A
https://www.copart.com/lot/81322215/salvage-2022-acura-mdx-a-spec-al-mobile-south,81322215,"39,762 USD",11/04/2025 12:00 pm CST,2022,ACUR,MDX A-SPEC,3.5L  6,6,5J8YE1H08NL******,CERT OF TITLE SLVG REBUILDABLE,"42,270 A",ACTUAL,FRONT END,0 USD,0 USD,2529,AL - MOBILE SOUTH,0,N/A,N/A
https://www.copart.com/lot/81314235/salvage-2022-honda-pilot-touring-al-birmingham,81314235,"32,412 USD",11/04/2025 12:00 pm CST,2022,HOND,PILOT TOUR,3.5L  6,6,5FNYF5H62NB******,CERT OF TITLE-SALVAGE TITLE,"43,012 A",ACTUAL,REAR END,"4,000 USD",0 USD,37,AL - BIRMINGHAM,0,N/A,N/A
https://www.copart.com/lot/81313655/salvage-2024-nissan-sentra-sr-al-birmingham,81313655,"21,280 USD",11/04/2025 12:00 pm CST,2024,NISS,SENTRA SR,2.0L  4,4,3N1AB8DVXRY******,CERT OF TITLE-SALVAGE TITLE,"29,906 A",ACTUAL,REAR END,175 USD,0 USD,15,AL - BIRMINGHAM,0,N/A,N/A
https://www.copart.com/lot/81307435/salvage-2025-toyota-corolla-cross-l-al-birmingham,81307435,"26,188 USD",11/04/2025 12:00 pm CST,2025,TOYT,COROLLA CROSS L,2.0L  4,4,7MUAAAAG7SV******,CERT OF TITLE-SALVAGE TITLE,"2,756 N",NOT ACTUAL,REAR END,0 USD,0 USD,2285,AL - BIRMINGHAM,0,N/A,N/A
https://www.copart.com/lot/81303025/salvage-2018-honda-odyssey-exl-al-birmingham,81303025,"17,364 USD",11/04/2025 12:00 pm CST,2018,HOND,ODYSSEY EX,3.5L  6,6,5FNRL6H70JB******,CERT OF TITLE-SALVAGE TITLE,"124,450 A",ACTUAL,REAR END,300 USD,0 USD,35,AL - BIRMINGHAM,0,N/A,N/A
https://www.copart.com/lot/81263045/salvage-2022-bmw-x5-sdrive-40i-al-mobile-south,81263045,"41,079 USD",11/04/2025 12:00 pm CST,2022,BMW,X5 SDRIVE,3.0L  6,6,5UXCR4C07N9******,CERT OF TITLE SLVG REBUILDABLE,"51,635 A",ACTUAL,UNDERCARRIAGE,0 USD,0 USD,1,AL - MOBILE SOUTH,0,N/A,N/A
https://www.copart.com/lot/81229765/salvage-2022-dodge-charger-sxt-al-birmingham,81229765,"17,852 USD",11/04/2025 12:00 pm CST,2022,DODG,CHARGER SX,3.6L  6,6,2C3CDXBG1NH******,CERT OF TITLE-SALVAGE TITLE,"66,947 A",ACTUAL,FRONT END,0 USD,0 USD,8,AL - BIRMINGHAM,0,N/A,N/A
https://www.copart.com/lot/81210145/salvage-2021-hyundai-kona-sel-al-birmingham,81210145,"16,410 USD",11/04/2025 12:00 pm CST,2021,HYUN,KONA SEL,2.0L  4,4,KM8K22AA2MU******,CERT OF TITLE-SALVAGE TITLE,"65,450 A",ACTUAL,FRONT END,175 USD,0 USD,14,AL - BIRMINGHAM,0,N/A,N/A
https://www.copart.com/lot/81193075/salvage-2017-chevrolet-equinox-ls-al-birmingham,81193075,"9,712 USD",11/04/2025 12:00 pm CST,2017,CHEV,EQUINOX LS,2.4L  4,4,2GNALBEK6H1******,CERT OF TITLE-SALVAGE TITLE,"159,114 N",NOT ACTUAL,FRONT END,0 USD,0 USD,3274,AL - BIRMINGHAM,0,N/A,N/A
https://www.copart.com/lot/81183575/salvage-2022-toyota-tacoma-access-cab-al-mobile-south,81183575,"26,025 USD",11/04/2025 12:00 pm CST,2022,TOYT,TACOMA ACC,2.7L  4,4,3TYRX5GN4NT******,CERT OF TITLE-SALVAGE TITLE,"47,473 A",ACTUAL,FRONT END,0 USD,0 USD,2025,AL - MOBILE SOUTH,0,N/A,N/A
https://www.copart.com/lot/81159495/salvage-2017-ford-fusion-se-al-birmingham,81159495,"6,552 USD",11/04/2025 12:00 pm CST,2017,FORD,FUSION SE,2.5L  4,4,3FA6P0H70HR******,CERT OF TITLE-SALVAGE TITLE,"123,642 A",ACTUAL,FRONT END,0 USD,0 USD,0,AL - BIRMINGHAM,0,N/A,N/A
https://www.copart.com/lot/81140745/salvage-2016-infiniti-q50-premium-al-birmingham,81140745,"10,950 USD",11/04/2025 12:00 pm CST,2016,INFI,Q50 PREMIUM,3.0L  6,6,JN1EV7AR7GM******,CERT OF TITLE-SALVAGE TITLE,"142,567 A",ACTUAL,FRONT END,0 USD,0 USD,3266,AL - BIRMINGHAM,0,N/A,N/A
https://www.copart.com/lot/81136505/salvage-2018-nissan-pathfinder-s-al-birmingham,81136505,"10,889 USD",11/04/2025 12:00 pm CST,2018,NISS,PATHFINDER S,3.5L  6,6,5N1DR2MN4JC******,CERT OF TITLE-SALVAGE TITLE,"134,311 A",ACTUAL,REAR END,0 USD,0 USD,3302,AL - BIRMINGHAM,0,N/A,N/A
https://www.copart.com/lot/81122965/salvage-2017-toyota-camry-le-al-birmingham,81122965,"14,485 USD",11/04/2025 12:00 pm CST,2017,TOYT,CAMRY LE,2.5L  4,4,4T1BF1FK9HU******,CERT OF TITLE-SALVAGE TITLE,"107,941 A",ACTUAL,FRONT END,"3,500 USD",0 USD,2326,AL - BIRMINGHAM,0,N/A,N/A
https://www.copart.com/lot/81122355/clean-title-2015-ford-f150-supercrew-al-birmingham,81122355,"16,989 USD",11/04/2025 12:00 pm CST,2015,FORD,F150 SUPER,3.5L  6,6,1FTEW1C8XFF******,CERTIFICATE OF TITLE,"144,188 A",ACTUAL,REAR END,0 USD,0 USD,2266,AL - BIRMINGHAM,0,N/A,N/A
https://www.copart.com/lot/81066175/salvage-2019-kia-sorento-lx-al-birmingham,81066175,"15,350 USD",11/04/2025 12:00 pm CST,2019,KIA,SORENTO LX,3.3L  6,6,5XYPG4A52KG******,CERT OF TITLE-SALVAGE TITLE,"69,163 A",ACTUAL,FRONT END,0 USD,0 USD,2001,AL - BIRMINGHAM,0,N/A,N/A
https://www.copart.com/lot/81041585/clean-title-2025-mazda-cx-50-premium-plus-al-birmingham,81041585,"39,474 USD",11/04/2025 12:00 pm CST,2025,MAZD,CX-50 PREM,2.5L  4,4,7MMVAAEW6SN******,CERTIFICATE OF TITLE,"6,720 A",ACTUAL,NORMAL WEAR,0 USD,0 USD,0,AL - BIRMINGHAM,0,N/A,N/A
https://www.copart.com/lot/80934115/salvage-2019-ford-escape-titanium-al-birmingham,80934115,"13,257 USD",11/04/2025 12:00 pm CST,2019,FORD,ESCAPE TITANIUM,2.0L  4,4,1FMCU0J96KU******,CERT OF TITLE-SALVAGE TITLE,"110,998 A",ACTUAL,FRONT END,0 USD,0 USD,2360,AL - BIRMINGHAM,0,N/A,N/A
https://www.copart.com/lot/80867615/2018-nissan-sentra-s-al-birmingham,80867615,"3,821 USD",11/04/2025 12:00 pm CST,2018,NISS,SENTRA S,1.8L  4,4,3N1AB7AP0JY******,CERT OF TITLE-PARTS ONLY SALVG,0 N,NOT ACTUAL,BURN,0 USD,0 USD,4086,AL - BIRMINGHAM,0,N/A,N/A
https://www.copart.com/lot/80860845/clean-title-2023-chevrolet-colorado-trail-boss-al-birmingham,80860845,"39,060 USD",11/04/2025 12:00 pm CST,2023,CHEV,COLORADO T,2.7L  4,4,1GCPTEEK9P1******,CERTIFICATE OF TITLE,"15,216 A",ACTUAL,FRONT END,0 USD,0 USD,0,AL - BIRMINGHAM,0,N/A,N/A
https://www.copart.com/lot/80843225/clean-title-2017-mitsubishi-outlander-sport-es-al-birmingham,80843225,$1 USD,11/04/2025 12:00 pm CST,2017,MITS,OUTLANDER,2.0L  4,4,JA4AP3AU0HZ******,CERTIFICATE OF TITLE (P),"84,934 A",ACTUAL,MINOR DENT/SCRATCHES,0 USD,0 USD,57,AL - BIRMINGHAM,0,N/A,N/A
https://www.copart.com/lot/80810825/salvage-2019-tesla-model-3-al-mobile-south,80810825,"28,701 USD",11/04/2025 12:00 pm CST,2019,TESL,MODEL 3,,,5YJ3E1EA6KF******,CERT OF TITLE-SALVAGE TITLE,"45,667 A",ACTUAL,UNDERCARRIAGE,0 USD,0 USD,2520,AL - MOBILE SOUTH,0,N/A,N/A
https://www.copart.com/lot/80799755/salvage-2023-toyota-corolla-le-al-birmingham,80799755,"19,809 USD",11/04/2025 12:00 pm CST,2023,TOYT,COROLLA LE,2.0L  4,4,5YFB4MDE7PP******,CERT OF TITLE-SALVAGE TITLE,"35,603 N",NOT ACTUAL,FRONT END,0 USD,0 USD,2287,AL - BIRMINGHAM,0,N/A,N/A
https://www.copart.com/lot/80762295/salvage-2025-toyota-tacoma-double-cab-al-birmingham,80762295,"63,940 USD",11/04/2025 12:00 pm CST,2025,TOYT,TACOMA DOUBLE CAB,2.4L  4,4,3TYLC5LN1ST******,CERT OF TITLE-SALVAGE TITLE,0 N,NOT ACTUAL,FRONT END,175 USD,0 USD,4013,AL - BIRMINGHAM,0,N/A,N/A
https://www.copart.com/lot/80745235/salvage-2015-nissan-murano-s-al-birmingham,80745235,"7,742 USD",11/04/2025 12:00 pm CST,2015,NISS,MURANO S,3.5L  6,6,5N1AZ2MG1FN******,CERT OF TITLE-SALVAGE TITLE,"129,540 A",ACTUAL,FRONT END,0 USD,0 USD,2349,AL - BIRMINGHAM,0,N/A,N/A
https://www.copart.com/lot/80721025/salvage-2021-jeep-grand-cherokee-laredo-al-birmingham,80721025,"22,624 USD",11/04/2025 12:00 pm CST,2021,JEP,GRAND CHER,3.6L  6,6,1C4RJEAG5MC******,CERT OF TITLE-SALVAGE TITLE,"42,457 A",ACTUAL,FRONT END,175 USD,0 USD,6,AL - BIRMINGHAM,0,N/A,N/A
https://www.copart.com/lot/80709535/salvage-2017-chevrolet-silverado-k1500-ltz-al-birmingham,80709535,"26,790 USD",11/04/2025 12:00 pm CST,2017,CHEV,SILVERADO K1500 LTZ,5.3L  8,8,3GCUKSEC7HG******,CERT OF TITLE-SALVAGE TITLE,"95,843 A",ACTUAL,FRONT END,175 USD,0 USD,41,AL - BIRMINGHAM,0,N/A,N/A
https://www.copart.com/lot/80674195/salvage-2018-honda-accord-lx-al-mobile-south,80674195,"15,075 USD",11/04/2025 12:00 pm CST,2018,HOND,ACCORD LX,1.5L  4,4,1HGCV1F10JA******,CERT OF TITLE-SALVAGE TITLE,"130,655 A",ACTUAL,REAR END,250 USD,0 USD,40,AL - MOBILE SOUTH,0,N/A,N/A
https://www.copart.com/lot/80671865/salvage-2021-toyota-tundra-double-cab-sr-al-birmingham,80671865,"31,687 USD",11/04/2025 12:00 pm CST,2021,TOYT,TUNDRA DOU,5.7L  8,8,5TFRY5F19MX******,CERT OF TITLE-SALVAGE TITLE,"39,294 A",ACTUAL,ROLLOVER,0 USD,0 USD,18,AL - BIRMINGHAM,0,N/A,N/A
https://www.copart.com/lot/80669095/salvage-2019-nissan-sentra-s-al-birmingham,80669095,"6,001 USD",11/04/2025 12:00 pm CST,2019,NISS,SENTRA S,1.8L  4,4,3N1AB7AP2KY******,CERT OF TITLE-SALVAGE TITLE,"156,790 A",ACTUAL,SIDE,250 USD,0 USD,3316,AL - BIRMINGHAM,0,N/A,N/A
https://www.copart.com/lot/80649375/clean-title-2016-toyota-corolla-l-al-birmingham,80649375,"10,900 USD",11/04/2025 12:00 pm CST,2016,TOYT,COROLLA L,1.8L  4,4,5YFBURHE5GP******,CERTIFICATE OF TITLE,"240,151 A",ACTUAL,FRONT END,0 USD,0 USD,88,AL - BIRMINGHAM,0,N/A,N/A
https://www.copart.com/lot/80637565/clean-title-2016-chrysler-200-limited-al-birmingham,80637565,$1 USD,11/04/2025 12:00 pm CST,2016,CHRY,200 LIMITE,2.4L  4,4,1C3CCCAB6GN******,CERTIFICATE OF TITLE,"157,443 A",ACTUAL,MINOR DENT/SCRATCHES,0 USD,0 USD,3254,AL - BIRMINGHAM,0,N/A,N/A
https://www.copart.com/lot/80636575/clean-title-2017-audi-q5-premium-al-birmingham,80636575,"19,200 USD",11/04/2025 12:00 pm CST,2017,AUDI,Q5 PREMIUM,2.0L  4,4,WA1C2AFP1HA******,CERTIFICATE OF TITLE,"138,380 A",ACTUAL,FRONT END,0 USD,0 USD,11,AL - BIRMINGHAM,0,N/A,N/A
https://www.copart.com/lot/80617165/2021-ford-edge-sel-al-mobile-south,80617165,"14,865 USD",11/04/2025 12:00 pm CST,2021,FORD,EDGE SEL,2.0L  4,4,2FMPK3J96MB******,CERTIFICATE OF DESTRUCTION,"91,063 A",ACTUAL,FRONT END,0 USD,0 USD,2524,AL - MOBILE SOUTH,0,N/A,N/A
https://www.copart.com/lot/80554665/salvage-2025-honda-odyssey-exl-al-birmingham,80554665,"42,527 USD",11/04/2025 12:00 pm CST,2025,HOND,ODYSSEY EX,3.5L  6,6,5FNRL6H6XSB******,CERT OF TITLE-SALVAGE TITLE,"3,279 A",ACTUAL,REAR END,300 USD,0 USD,22,AL - BIRMINGHAM,0,N/A,N/A
https://www.copart.com/lot/80532995/salvage-2017-toyota-rav4-le-al-birmingham,80532995,"16,457 USD",11/04/2025 12:00 pm CST,2017,TOYT,RAV4 LE,2.5L  4,4,2T3BFREV2HW******,CERT OF TITLE-SALVAGE TITLE,"99,055 N",NOT ACTUAL,REAR END,0 USD,0 USD,109,AL - BIRMINGHAM,0,N/A,N/A
https://www.copart.com/lot/80499705/salvage-2017-dodge-journey-se-al-mobile-south,80499705,"9,028 USD",11/04/2025 12:00 pm CST,2017,DODG,JOURNEY SE,2.4L  4,4,3C4PDCAB4HT******,CERT OF TITLE-SALVAGED,"99,008 A",ACTUAL,REAR END,0 USD,0 USD,2042,AL - MOBILE SOUTH,0,N/A,N/A
https://www.copart.com/lot/80487955/salvage-2015-gmc-yukon-slt-al-birmingham,80487955,"20,133 USD",11/04/2025 12:00 pm CST,2015,GMC,YUKON SLT,5.3L  8,8,1GKS2BKC8FR******,CERT OF TITLE-SALVAGE TITLE,0 N,NOT ACTUAL,ALL OVER,0 USD,0 USD,0,AL - BIRMINGHAM,0,N/A,N/A
https://www.copart.com/lot/80453495/salvage-2018-gmc-acadia-sle-al-birmingham,80453495,"13,925 USD",11/04/2025 12:00 pm CST,2018,GMC,ACADIA SLE,2.5L  4,4,1GKKNLLA4JZ******,CERT OF TITLE-SALVAGE TITLE,"135,976 N",NOT ACTUAL,FRONT END,0 USD,0 USD,2325,AL - BIRMINGHAM,0,N/A,N/A
https://www.copart.com/lot/80413485/clean-title-2019-dodge-grand-caravan-sxt-al-mobile-south,80413485,$1 USD,11/04/2025 12:00 pm CST,2019,DODG,GRAND CARA,3.6L  6,6,2C4RDGCG3KR******,CERTIFICATE OF TITLE,"268,949 N",NOT ACTUAL,FRONT END,0 USD,0 USD,2023,AL - MOBILE SOUTH,0,N/A,N/A
https://www.copart.com/lot/80403905/salvage-2017-jeep-cherokee-latitude-al-birmingham,80403905,"8,475 USD",11/04/2025 12:00 pm CST,2017,JEP,CHEROKEE L,2.4L  4,4,1C4PJMCBXHW******,CERT OF TITLE-SALVAGE TITLE,"101,700 A",ACTUAL,FRONT END,175 USD,0 USD,2316,AL - BIRMINGHAM,0,N/A,N/A
https://www.copart.com/lot/80385065/salvage-2016-dodge-journey-crossroad-al-birmingham,80385065,"8,593 USD",11/04/2025 12:00 pm CST,2016,DODG,JOURNEY CROSSROAD,2.4L  4,4,3C4PDCGB3GT******,CERT OF TITLE-SALVAGE TITLE,"181,996 A",ACTUAL,FRONT END,0 USD,0 USD,3282,AL - BIRMINGHAM,0,N/A,N/A
https://www.copart.com/lot/80325025/clean-title-2022-ford-maverick-xl-al-birmingham,80325025,"23,759 USD",11/04/2025 12:00 pm CST,2022,FORD,MAVERICK X,2.5L  4,4,3FTTW8E30NR******,CERTIFICATE OF TITLE,"42,372 A",ACTUAL,FRONT END,200 USD,0 USD,2005,AL - BIRMINGHAM,0,N/A,N/A
https://www.copart.com/lot/80302935/salvage-2023-hyundai-tucson-sel-al-birmingham,80302935,"22,277 USD",11/04/2025 12:00 pm CST,2023,HYUN,TUCSON SEL,2.5L  4,4,5NMJF3AE7PH******,CERT OF TITLE-SALVAGE TITLE,"29,977 A",ACTUAL,FRONT END,275 USD,0 USD,24,AL - BIRMINGHAM,0,N/A,N/A
https://www.copart.com/lot/80290885/salvage-2017-nissan-rogue-s-al-mobile-south,80290885,"7,656 USD",11/04/2025 12:00 pm CST,2017,NISS,ROGUE S,2.5L  4,4,KNMAT2MV0HP******,CERT OF TITLE SLVG REBUILDABLE,"176,788 A",ACTUAL,FRONT END,0 USD,0 USD,6,AL - MOBILE SOUTH,0,N/A,N/A
https://www.copart.com/lot/80271095/salvage-2017-lexus-nx-200t-base-al-mobile-south,80271095,"15,578 USD",11/04/2025 12:00 pm CST,2017,LEXS,NX 200T BA,2.0L  4,4,JTJYARBZ7H2******,CERT OF TITLE SLVG REBUILDABLE,"140,796 A",ACTUAL,FRONT END,0 USD,0 USD,18,AL - MOBILE SOUTH,0,N/A,N/A
https://www.copart.com/lot/80267325/salvage-2018-chevrolet-express-g2500-al-mobile-south,80267325,"14,750 USD",11/04/2025 12:00 pm CST,2018,CHEV,EXPRESS G2,6.0L  8,8,1GCWGAFG4J1******,CERT OF TITLE-SALVAGE TITLE,"121,507 A",ACTUAL,FRONT END,0 USD,0 USD,2536,AL - MOBILE SOUTH,0,N/A,N/A
https://www.copart.com/lot/80220305/salvage-2022-toyota-corolla-se-al-birmingham,80220305,"18,796 USD",11/04/2025 12:00 pm CST,2022,TOYT,COROLLA SE,2.0L  4,4,5YFS4MCE1NP******,CERT OF TITLE-SALVAGE TITLE,"74,121 N",NOT ACTUAL,FRONT END,0 USD,0 USD,4056,AL - BIRMINGHAM,0,N/A,N/A
https://www.copart.com/lot/80205235/salvage-2017-chevrolet-equinox-ls-al-birmingham,80205235,"11,874 USD",11/04/2025 12:00 pm CST,2017,CHEV,EQUINOX LS,2.4L  4,4,2GNALBEK5H1******,CERT OF TITLE-SALVAGE TITLE,0 N,NOT ACTUAL,SIDE,0 USD,0 USD,4102,AL - BIRMINGHAM,0,N/A,N/A
https://www.copart.com/lot/80203055/salvage-2016-cadillac-escalade-esv-luxury-al-birmingham,80203055,"18,548 USD",11/04/2025 12:00 pm CST,2016,CADI,ESCALADE ESV LUXURY,6.2L  8,8,1GYS3HKJ2GR******,CERT OF TITLE-SALVAGE TITLE,"159,828 A",ACTUAL,FRONT END,0 USD,0 USD,4025,AL - BIRMINGHAM,0,N/A,N/A
https://www.copart.com/lot/80199435/salvage-2023-gmc-acadia-sle-al-birmingham,80199435,"24,434 USD",11/04/2025 12:00 pm CST,2023,GMC,ACADIA SLE,2.0L  4,4,1GKKNRL45PZ******,CERT OF TITLE-SALVAGE TITLE,"81,795 X",EXCEEDS MECHANICAL LIMITS,FRONT END,0 USD,0 USD,2271,AL - BIRMINGHAM,0,N/A,N/A
https://www.copart.com/lot/80155815/salvage-2019-nissan-rogue-s-al-birmingham,80155815,"15,329 USD",11/04/2025 12:00 pm CST,2019,NISS,ROGUE S,2.5L  4,4,5N1AT2MT3KC******,CERT OF TITLE-SALVAGE TITLE,"95,055 A",ACTUAL,REAR END,175 USD,0 USD,7,AL - BIRMINGHAM,0,N/A,N/A
https://www.copart.com/lot/80132595/salvage-2019-chevrolet-silverado-c2500-heavy-duty-al-mobile-south,80132595,"12,686 USD",11/04/2025 12:00 pm CST,2019,CHEV,SILVERADO,6.0L  8,8,2GC2CREG9K1******,CERT OF TITLE SLVG REBUILDABLE,"267,000 A",ACTUAL,REAR END,0 USD,0 USD,33,AL - MOBILE SOUTH,0,N/A,N/A
https://www.copart.com/lot/80107525/salvage-2024-jeep-compass-sport-al-birmingham,80107525,"21,450 USD",11/04/2025 12:00 pm CST,2024,JEP,COMPASS SPORT,2.0L  4,4,3C4NJDAN3RT******,CERT OF TITLE-SALVAGE TITLE,"48,064 A",ACTUAL,FRONT END,0 USD,0 USD,4021,AL - BIRMINGHAM,0,N/A,N/A
https://www.copart.com/lot/80019565/salvage-2024-toyota-camry-se-night-shade-al-birmingham,80019565,"25,377 USD",11/04/2025 12:00 pm CST,2024,TOYT,CAMRY SE NIGHT SHADE,2.5L  4,4,4T1T11AKXRU******,CERT OF TITLE-SALVAGE TITLE,"43,096 A",ACTUAL,FRONT END,175 USD,0 USD,4047,AL - BIRMINGHAM,0,N/A,N/A
https://www.copart.com/lot/77715044/2019-ford-fusion-se-al-mobile-south,77715044,"9,807 USD",11/04/2025 12:00 pm CST,2019,FORD,FUSION SE,2.0L  4,4,3FA6P0LU2KR******,CERTIFICATE OF DESTRUCTION,"82,176 N",NOT ACTUAL,FRONT END,0 USD,0 USD,2542,AL - MOBILE SOUTH,0,N/A,N/A
https://www.copart.com/lot/76153374/salvage-2023-honda-civic-si-al-birmingham,76153374,"31,264 USD",11/04/2025 12:00 pm CST,2023,HOND,CIVIC SI,1.5L  4,4,2HGFE1E50PH******,CERT OF TITLE-SALVAGE TITLE,"10,037 A",ACTUAL,FRONT END,0 USD,0 USD,2288,AL - BIRMINGHAM,0,N/A,N/A
https://www.copart.com/lot/72097955/salvage-2017-honda-accord-lx-al-birmingham,72097955,"18,392 USD",11/04/2025 12:00 pm CST,2017,HOND,ACCORD LX,2.4L  4,4,1HGCR2F33HA******,CERT OF TITLE-SALVAGE TITLE,"41,380 N",NOT ACTUAL,REAR END,300 USD,0 USD,5,AL - BIRMINGHAM,0,N/A,N/A
https://www.copart.com/lot/72093415/salvage-2017-nissan-armada-sv-al-mobile-south,72093415,"13,298 USD",11/04/2025 12:00 pm CST,2017,NISS,ARMADA SV,5.6L  8,8,JN8AY2NDXH9******,CERT OF TITLE-SALVAGE TITLE,"216,729 A",ACTUAL,FRONT END,0 USD,0 USD,2029,AL - MOBILE SOUTH,0,N/A,N/A
https://www.copart.com/lot/72091635/salvage-2022-toyota-rav4-le-al-birmingham,72091635,"22,263 USD",11/04/2025 12:00 pm CST,2022,TOYT,RAV4 LE,2.5L  4,4,2T3H1RFV9NC******,CERT OF TITLE-SALVAGE TITLE,"55,220 A",ACTUAL,FRONT END,225 USD,0 USD,1,AL - BIRMINGHAM,0,N/A,N/A
https://www.copart.com/lot/72084465/salvage-2017-cadillac-xt5-al-birmingham,72084465,"15,588 USD",11/04/2025 12:00 pm CST,2017,CADI,XT5,3.6L  6,6,1GYKNARS5HZ******,CERT OF TITLE SLVG REBUILDABLE,"116,501 A",ACTUAL,REAR END,250 USD,0 USD,2257,AL - BIRMINGHAM,0,N/A,N/A
https://www.copart.com/lot/72078305/salvage-2022-honda-pilot-sport-al-birmingham,72078305,"25,942 USD",11/04/2025 12:00 pm CST,2022,HOND,PILOT SPORT,3.5L  6,6,5FNYF5H36NB******,CERT OF TITLE-SALVAGE TITLE,"60,991 A",ACTUAL,FRONT END,0 USD,0 USD,39,AL - BIRMINGHAM,0,N/A,N/A
https://www.copart.com/lot/72060685/salvage-2022-honda-accord-sport-al-birmingham,72060685,"24,260 USD",11/04/2025 12:00 pm CST,2022,HOND,ACCORD SPORT,1.5L  4,4,1HGCV1F30NA******,CERT OF TITLE-SALVAGE TITLE,"74,039 A",ACTUAL,FRONT END,0 USD,0 USD,2275,AL - BIRMINGHAM,0,N/A,N/A
https://www.copart.com/lot/72054965/clean-title-2016-nissan-altima-2-5-al-birmingham,72054965,$1 USD,11/04/2025 12:00 pm CST,2016,NISS,ALTIMA 2.5,2.5L  4,4,1N4AL3AP9GN******,CERTIFICATE OF TITLE,"165,827 A",ACTUAL,FRONT END,200 USD,0 USD,86,AL - BIRMINGHAM,0,N/A,N/A
https://www.copart.com/lot/72047245/salvage-2024-hyundai-elantra-sel-al-birmingham,72047245,"17,572 USD",11/04/2025 12:00 pm CST,2024,HYUN,ELANTRA SE,2.0L  4,4,KMHLM4DG5RU******,CERT OF TITLE-SALVAGE TITLE,"26,677 A",ACTUAL,REAR END,0 USD,0 USD,2283,AL - BIRMINGHAM,0,N/A,N/A
https://www.copart.com/lot/72028315/salvage-2018-land-rover-discovery-sport-hse-luxury-al-birmingham,72028315,"13,982 USD",11/04/2025 12:00 pm CST,2018,LAND,DISCOVERY SPORT HSE LUXURY,2.0L  4,4,SALCT2RX6JH******,CERT OF TITLE-SALVAGE TITLE,"128,882 A",ACTUAL,TOP/ROOF,0 USD,0 USD,3331,AL - BIRMINGHAM,0,N/A,N/A
https://www.copart.com/lot/71987285/salvage-2019-buick-encore-preferred-al-birmingham,71987285,"12,318 USD",11/04/2025 12:00 pm CST,2019,BUIC,ENCORE PREFERRED,1.4L  4,4,KL4CJASB4KB******,CERT OF TITLE-SALVAGE TITLE,"114,187 A",ACTUAL,FRONT END,0 USD,0 USD,3303,AL - BIRMINGHAM,0,N/A,N/A
https://www.copart.com/lot/71952495/salvage-2017-kia-optima-ex-al-birmingham,71952495,"14,357 USD",11/04/2025 12:00 pm CST,2017,KIA,OPTIMA EX,2.4L  4,4,5XXGU4L30HG******,CERT OF TITLE-SALVAGE TITLE,"92,928 A",ACTUAL,REAR END,0 USD,0 USD,3300,AL - BIRMINGHAM,0,N/A,N/A
https://www.copart.com/lot/71928485/salvage-2020-chevrolet-equinox-lt-al-mobile-south,71928485,"13,231 USD",11/04/2025 12:00 pm CST,2020,CHEV,EQUINOX LT,1.5L  4,4,2GNAXJEV0L6******,CERT OF TITLE-SALVAGED,"85,401 A",ACTUAL,UNDERCARRIAGE,0 USD,0 USD,2036,AL - MOBILE SOUTH,0,N/A,N/A
https://www.copart.com/lot/71914715/2022-toyota-camry-le-al-mobile-south,71914715,"21,427 USD",11/04/2025 12:00 pm CST,2022,TOYT,CAMRY LE,2.5L  4,4,4T1C11AK0NU******,CERTIFICATE OF DESTRUCTION,"49,755 A",ACTUAL,SIDE,0 USD,0 USD,39,AL - MOBILE SOUTH,0,N/A,N/A
https://www.copart.com/lot/71914065/salvage-2015-gmc-canyon-sle-al-birmingham,71914065,"16,988 USD",11/04/2025 12:00 pm CST,2015,GMC,CANYON SLE,3.6L  6,6,1GTG6BE31F1******,CERT OF TITLE-SALVAGE TITLE,0 N,NOT ACTUAL,REAR END,0 USD,0 USD,4096,AL - BIRMINGHAM,0,N/A,N/A
https://www.copart.com/lot/71878555/salvage-2021-kia-forte-fe-al-mobile-south,71878555,"16,575 USD",11/04/2025 12:00 pm CST,2021,KIA,FORTE FE,2.0L  4,4,3KPF24ADXME******,CERT OF TITLE-SALVAGED,"69,235 A",ACTUAL,FRONT END,0 USD,0 USD,2019,AL - MOBILE SOUTH,0,N/A,N/A
https://www.copart.com/lot/71812515/clean-title-2016-nissan-titan-xd-sl-al-birmingham,71812515,"17,900 USD",11/04/2025 12:00 pm CST,2016,NISS,TITAN XD S,5.0L  8,8,1N6BA1F46GN******,CERTIFICATE OF TITLE,"143,229 A",ACTUAL,NORMAL WEAR,"1,050 USD",0 USD,53,AL - BIRMINGHAM,0,N/A,N/A
https://www.copart.com/lot/71748705/salvage-2019-chevrolet-silverado-k1500-lt-al-birmingham,71748705,"28,613 USD",11/04/2025 12:00 pm CST,2019,CHEV,SILVERADO K1500 LT,5.3L  8,8,1GCUYDED2KZ******,CERT OF TITLE-SALVAGE TITLE,"81,914 N",NOT ACTUAL,FRONT END,300 USD,0 USD,4077,AL - BIRMINGHAM,0,N/A,N/A
https://www.copart.com/lot/71745055/salvage-2016-nissan-370z-base-al-birmingham,71745055,"24,405 USD",11/04/2025 12:00 pm CST,2016,NISS,370Z BASE,3.7L  6,6,JN1AZ4EH8GM******,CERT OF TITLE-SALVAGE TITLE,"99,847 A",ACTUAL,REAR END,175 USD,0 USD,2256,AL - BIRMINGHAM,0,N/A,N/A
https://www.copart.com/lot/71743385/salvage-2022-hyundai-palisade-calligraphy-al-birmingham,71743385,"30,396 USD",11/04/2025 12:00 pm CST,2022,HYUN,PALISADE CALLIGRAPHY,3.8L  6,6,KM8R74HEXNU******,CERT OF TITLE-SALVAGE TITLE,"73,614 A",ACTUAL,FRONT END,0 USD,0 USD,43,AL - BIRMINGHAM,0,N/A,N/A
https://www.copart.com/lot/71729965/salvage-2023-ford-f150-supercrew-al-birmingham,71729965,"35,633 USD",11/04/2025 12:00 pm CST,2023,FORD,F150 SUPER,5.0L  8,8,1FTFW1E50PF******,CERT OF TITLE-SALVAGE TITLE,"46,455 A",ACTUAL,FRONT END,"8,200 USD",0 USD,9,AL - BIRMINGHAM,0,N/A,N/A
https://www.copart.com/lot/71693915/clean-title-2015-mercedes-benz-s-550-al-birmingham,71693915,$1 USD,11/04/2025 12:00 pm CST,2015,MERZ,S 550,4.7L  8,8,WDDXJ8FB3FA******,CERTIFICATE OF TITLE (P),"110,675 A",ACTUAL,MINOR DENT/SCRATCHES,"6,600 USD",0 USD,66,AL - BIRMINGHAM,0,N/A,N/A
https://www.copart.com/lot/71678415/salvage-2019-ram-1500-rebel-al-birmingham,71678415,"28,783 USD",11/04/2025 12:00 pm CST,2019,RAM,1500 REBEL,5.7L  8,8,1C6RRELT6KN******,CERT OF TITLE-SALVAGE TITLE,"94,728 N",NOT ACTUAL,FRONT END,0 USD,0 USD,95,AL - BIRMINGHAM,0,N/A,N/A
https://www.copart.com/lot/71640315/clean-title-2024-chevrolet-silverado-c2500-heavy-duty-al-birmingham,71640315,"48,240 USD",11/04/2025 12:00 pm CST,2024,CHEV,SILVERADO C2500 HEAVY DUTY,6.6L  8,8,1GC2WLE74RF******,CERTIFICATE OF TITLE,"7,955 A",ACTUAL,NORMAL WEAR,"1,750 USD",0 USD,2252,AL - BIRMINGHAM,0,N/A,N/A
https://www.copart.com/lot/71608315/salvage-2019-toyota-camry-xse-al-birmingham,71608315,"17,908 USD",11/04/2025 12:00 pm CST,2019,TOYT,CAMRY XSE,2.5L  4,4,4T1B61HK3KU******,CERT OF TITLE-SALVAGE TITLE,"124,557 A",ACTUAL,FRONT END,0 USD,0 USD,93,AL - BIRMINGHAM,0,N/A,N/A
https://www.copart.com/lot/71532845/salvage-2018-hyundai-santa-fe-se-al-mobile-south,71532845,"14,299 USD",11/04/2025 12:00 pm CST,2018,HYUN,SANTA FE SE,3.3L  6,6,KM8SN4HF9JU******,CERT OF TITLE-SALVAGE TITLE,"103,400 N",NOT ACTUAL,REAR END,0 USD,0 USD,76,AL - MOBILE SOUTH,0,N/A,N/A
https://www.copart.com/lot/71524355/salvage-2015-toyota-highlander-xle-al-birmingham,71524355,"14,022 USD",11/04/2025 12:00 pm CST,2015,TOYT,HIGHLANDER,3.5L  6,6,5TDKKRFH5FS******,CERT OF TITLE-SALVAGE TITLE,"152,910 A",ACTUAL,SIDE,0 USD,0 USD,2314,AL - BIRMINGHAM,0,N/A,N/A
https://www.copart.com/lot/71518115/salvage-2018-bmw-750-i-al-mobile-south,71518115,"27,117 USD",11/04/2025 12:00 pm CST,2018,BMW,750 I,4.4L  8,8,WBA7F0C5XJG******,CERT OF TITLE SLVG REBUILDABLE,"64,569 A",ACTUAL,FRONT END,325 USD,0 USD,2026,AL - MOBILE SOUTH,0,N/A,N/A
https://www.copart.com/lot/71512315/salvage-2019-nissan-altima-sv-al-birmingham,71512315,"11,924 USD",11/04/2025 12:00 pm CST,2019,NISS,ALTIMA SV,2.5L  4,4,1N4BL4DW0KN******,CERT OF TITLE-SALVAGE TITLE,"106,678 A",ACTUAL,FRONT END,0 USD,0 USD,0,AL - BIRMINGHAM,0,N/A,N/A
https://www.copart.com/lot/71510605/clean-title-2016-porsche-macan-s-al-birmingham,71510605,"20,819 USD",11/04/2025 12:00 pm CST,2016,PORS,MACAN S,3.0L  6,6,WP1AB2A59GL******,CERTIFICATE OF TITLE,"84,719 A",ACTUAL,FRONT END,"2,550 USD",0 USD,2282,AL - BIRMINGHAM,0,N/A,N/A
https://www.copart.com/lot/71491295/salvage-2022-toyota-corolla-le-al-birmingham,71491295,"16,598 USD",11/04/2025 12:00 pm CST,2022,TOYT,COROLLA LE,1.8L  4,4,JTDEPMAE0NJ******,CERT OF TITLE-SALVAGE TITLE,"40,307 A",ACTUAL,FRONT END,0 USD,0 USD,44,AL - BIRMINGHAM,0,N/A,N/A
https://www.copart.com/lot/71432515/salvage-2016-chevrolet-traverse-lt-al-birmingham,71432515,"7,181 USD",11/04/2025 12:00 pm CST,2016,CHEV,TRAVERSE L,3.6L  6,6,1GNKRHKD4GJ******,CERT OF TITLE-SALVAGE TITLE,0 N,NOT ACTUAL,FRONT END,0 USD,0 USD,3268,AL - BIRMINGHAM,0,N/A,N/A
https://www.copart.com/lot/71411495/salvage-2017-hyundai-sonata-sport-al-birmingham,71411495,"9,848 USD",11/04/2025 12:00 pm CST,2017,HYUN,SONATA SPORT,2.4L  4,4,5NPE34AF7HH******,CERT OF TITLE-SALVAGE TITLE,"102,369 N",NOT ACTUAL,REAR END,0 USD,0 USD,2353,AL - BIRMINGHAM,0,N/A,N/A
https://www.copart.com/lot/71282115/salvage-2021-jeep-cherokee-latitude-plus-al-birmingham,71282115,"16,555 USD",11/04/2025 12:00 pm CST,2021,JEP,CHEROKEE LATITUDE PLUS,2.4L  4,4,1C4PJLLB7MD******,CERT OF TITLE-SALVAGE TITLE,"141,687 A",ACTUAL,FRONT END,0 USD,0 USD,48,AL - BIRMINGHAM,0,N/A,N/A
https://www.copart.com/lot/71281215/2022-chevrolet-malibu-lt-al-mobile-south,71281215,"15,476 USD",11/04/2025 12:00 pm CST,2022,CHEV,MALIBU LT,1.5L  4,4,1G1ZD5ST6NF******,CERTIFICATE OF DESTRUCTION,"77,629 A",ACTUAL,FRONT END,0 USD,0 USD,23,AL - MOBILE SOUTH,0,N/A,N/A
https://www.copart.com/lot/71275755/salvage-2025-hyundai-elantra-sel-sport-al-birmingham,71275755,"19,612 USD",11/04/2025 12:00 pm CST,2025,HYUN,ELANTRA SEL SPORT,2.0L  4,4,KMHLM4DG3SU******,CERT OF TITLE-SALVAGE TITLE,"15,327 A",ACTUAL,FRONT END,0 USD,0 USD,46,AL - BIRMINGHAM,0,N/A,N/A
https://www.copart.com/lot/71213355/salvage-2019-chevrolet-traverse-ls-al-birmingham,71213355,"13,901 USD",11/04/2025 12:00 pm CST,2019,CHEV,TRAVERSE LS,3.6L  6,6,1GNERLKW8KJ******,CERT OF TITLE-SALVAGE TITLE,"193,889 A",ACTUAL,FRONT END,0 USD,0 USD,3318,AL - BIRMINGHAM,0,N/A,N/A
https://www.copart.com/lot/71210325/salvage-2024-toyota-camry-se-night-shade-al-mobile-south,71210325,"27,255 USD",11/04/2025 12:00 pm CST,2024,TOYT,CAMRY SE NIGHT SHADE,2.5L  4,4,4T1G11AK1RU******,CERT OF TITLE-SALVAGED,"16,835 A",ACTUAL,REAR END,0 USD,0 USD,2020,AL - MOBILE SOUTH,0,N/A,N/A
https://www.copart.com/lot/71192715/salvage-2025-toyota-camry-xse-al-birmingham,71192715,"30,005 USD",11/04/2025 12:00 pm CST,2025,TOYT,CAMRY XSE,2.5L  4,4,4T1DAACK5SU******,CERT OF TITLE-SALVAGE TITLE,"1,446 A",ACTUAL,FRONT END,550 USD,0 USD,47,AL - BIRMINGHAM,0,N/A,N/A
https://www.copart.com/lot/71180565/salvage-2018-chrysler-300-touring-al-birmingham,71180565,"15,547 USD",11/04/2025 12:00 pm CST,2018,CHRY,300 TOURING,3.6L  6,6,2C3CCAAG4JH******,CERT OF TITLE-SALVAGE TITLE,"79,254 A",ACTUAL,FRONT END,175 USD,0 USD,97,AL - BIRMINGHAM,0,N/A,N/A
https://www.copart.com/lot/71082415/salvage-2020-chevrolet-traverse-lt-al-birmingham,71082415,"21,419 USD",11/04/2025 12:00 pm CST,2020,CHEV,TRAVERSE LT,3.6L  6,6,1GNERGKW6LJ******,CERT OF TITLE-SALVAGE TITLE,"85,555 A",ACTUAL,FRONT END,0 USD,0 USD,2289,AL - BIRMINGHAM,0,N/A,N/A
https://www.copart.com/lot/71064775/salvage-2017-chevrolet-equinox-lt-al-birmingham,71064775,"10,245 USD",11/04/2025 12:00 pm CST,2017,CHEV,EQUINOX LT,2.4L  4,4,2GNALCEK3H6******,CERT OF TITLE-SALVAGE TITLE,"102,243 A",ACTUAL,FRONT END,0 USD,0 USD,4035,AL - BIRMINGHAM,0,N/A,N/A
https://www.copart.com/lot/71060635/salvage-2021-kia-k5-gt-line-al-birmingham,71060635,"20,112 USD",11/04/2025 12:00 pm CST,2021,KIA,K5 GT LINE,1.6L  4,4,5XXG64J27MG******,CERT OF TITLE SLVG REBUILDABLE,"56,408 A",ACTUAL,REAR END,"2,050 USD",0 USD,20,AL - BIRMINGHAM,0,N/A,N/A
https://www.copart.com/lot/71050015/salvage-2016-lexus-rx-350-al-birmingham,71050015,"18,067 USD",11/04/2025 12:00 pm CST,2016,LEXS,RX 350,3.5L  6,6,2T2ZZMCA0GC******,CERT OF TITLE-SALVAGE TITLE,"144,747 A",ACTUAL,FRONT END,0 USD,0 USD,96,AL - BIRMINGHAM,0,N/A,N/A
https://www.copart.com/lot/71038275/clean-title-2018-audi-q7-premium-plus-al-mobile-south,71038275,"16,449 USD",11/04/2025 12:00 pm CST,2018,AUDI,Q7 PREMIUM,3.0L  6,6,WA1LAAF72JD******,CERTIFICATE OF TITLE,"145,106 A",ACTUAL,MECHANICAL,"5,900 USD",0 USD,2551,AL - MOBILE SOUTH,0,N/A,N/A
https://www.copart.com/lot/71036305/salvage-2019-chevrolet-silverado-k1500-lt-trail-boss-al-birmingham,71036305,"34,492 USD",11/04/2025 12:00 pm CST,2019,CHEV,SILVERADO K1500 LT TRAIL BOSS,5.3L  8,8,3GCPYFED5KG******,CERT OF TITLE-SALVAGE TITLE,"86,396 A",ACTUAL,FRONT END,0 USD,0 USD,2,AL - BIRMINGHAM,0,N/A,N/A
https://www.copart.com/lot/71027955/clean-title-2015-land-rover-range-rover-sport-sc-al-birmingham,71027955,"17,600 USD",11/04/2025 12:00 pm CST,2015,LAND,RANGE ROVE,5.0L  8,8,SALWR2TF1FA******,CERTIFICATE OF TITLE,"105,919 A",ACTUAL,NORMAL WEAR,875 USD,0 USD,2264,AL - BIRMINGHAM,0,N/A,N/A
https://www.copart.com/lot/71008505/salvage-2023-gmc-sierra-k1500-slt-al-mobile-south,71008505,"48,859 USD",11/04/2025 12:00 pm CST,2023,GMC,SIERRA K15,5.3L  8,8,3GTUUDED1PG******,CERT OF TITLE SLVG REBUILDABLE,"45,340 A",ACTUAL,FRONT END,250 USD,0 USD,2003,AL - MOBILE SOUTH,0,N/A,N/A
https://www.copart.com/lot/70999765/salvage-2015-mazda-cx-5-gt-al-birmingham,70999765,"16,488 USD",11/04/2025 12:00 pm CST,2015,MAZD,CX-5 GT,2.5L  4,4,JM3KE2DY6F0******,CERT OF TITLE-SALVAGE TITLE,"88,376 A",ACTUAL,REAR END,750 USD,0 USD,101,AL - BIRMINGHAM,0,N/A,N/A
https://www.copart.com/lot/70949735/salvage-2016-chrysler-300c-al-birmingham,70949735,"8,807 USD",11/04/2025 12:00 pm CST,2016,CHRY,300C,3.6L  6,6,2C3CCAEG9GH******,CERT OF TITLE-SALVAGE TITLE,"299,306 N",NOT ACTUAL,FRONT END,0 USD,0 USD,3322,AL - BIRMINGHAM,0,N/A,N/A
https://www.copart.com/lot/70924765/salvage-2024-nissan-kicks-s-al-birmingham,70924765,"17,049 USD",11/04/2025 12:00 pm CST,2024,NISS,KICKS S,1.6L  4,4,3N1CP5BV3RL******,CERT OF TITLE-SALVAGE TITLE,"8,087 A",ACTUAL,FRONT END,"1,050 USD",0 USD,106,AL - BIRMINGHAM,0,N/A,N/A
https://www.copart.com/lot/70864495/salvage-2021-toyota-rav4-xle-premium-al-birmingham,70864495,"28,907 USD",11/04/2025 12:00 pm CST,2021,TOYT,RAV4 XLE P,2.5L  4,4,4T3B6RFV0MU******,CERT OF TITLE-SALVAGE TITLE,"59,088 A",ACTUAL,FRONT END,175 USD,0 USD,4036,AL - BIRMINGHAM,0,N/A,N/A
https://www.copart.com/lot/70858895/clean-title-2019-nissan-titan-s-al-birmingham,70858895,"17,900 USD",11/04/2025 12:00 pm CST,2019,NISS,TITAN S,5.6L  8,8,1N6AA1EKXKN******,CERTIFICATE OF TITLE,"134,117 A",ACTUAL,REAR END,175 USD,0 USD,71,AL - BIRMINGHAM,0,N/A,N/A
https://www.copart.com/lot/70844025/salvage-2017-chevrolet-traverse-lt-al-birmingham,70844025,"10,970 USD",11/04/2025 12:00 pm CST,2017,CHEV,TRAVERSE LT,3.6L  6,6,1GNKRGKD6HJ******,CERT OF TITLE-SALVAGE TITLE,"129,070 A",ACTUAL,FRONT END,0 USD,0 USD,4503,AL - BIRMINGHAM,0,N/A,N/A
https://www.copart.com/lot/70829115/2022-chevrolet-malibu-lt-al-mobile-south,70829115,"16,340 USD",11/04/2025 12:00 pm CST,2022,CHEV,MALIBU LT,1.5L  4,4,1G1ZD5ST2NF******,CERTIFICATE OF DESTRUCTION,"55,459 N",NOT ACTUAL,FRONT END,0 USD,0 USD,2513,AL - MOBILE SOUTH,0,N/A,N/A
https://www.copart.com/lot/70816115/salvage-2021-toyota-tacoma-double-cab-al-birmingham,70816115,"18,808 USD",11/04/2025 12:00 pm CST,2021,TOYT,TACOMA DOUBLE CAB,3.5L  6,6,3TYAZ5CN6MT******,CERT OF TITLE-SALVAGE TITLE,"144,733 A",ACTUAL,FRONT END,0 USD,0 USD,2263,AL - BIRMINGHAM,0,N/A,N/A
https://www.copart.com/lot/70714825/salvage-2015-lincoln-mkc-al-mobile-south,70714825,"7,688 USD",11/04/2025 12:00 pm CST,2015,LINC,MKC,2.0L  4,4,5LMCJ1A94FU******,CERT OF TITLE-SALVAGE TITLE,"146,500 A",ACTUAL,SIDE,0 USD,0 USD,31,AL - MOBILE SOUTH,0,N/A,N/A
https://www.copart.com/lot/70699545/salvage-2023-dodge-charger-gt-al-birmingham,70699545,"24,540 USD",11/04/2025 12:00 pm CST,2023,DODG,CHARGER GT,3.6L  6,6,2C3CDXHG2PH******,CERT OF TITLE-SALVAGE TITLE,"70,511 A",ACTUAL,FRONT END,0 USD,0 USD,2273,AL - BIRMINGHAM,0,N/A,N/A
https://www.copart.com/lot/70693675/salvage-2018-ford-f150-supercrew-al-birmingham,70693675,"35,947 USD",11/04/2025 12:00 pm CST,2018,FORD,F150 SUPERCREW,5.0L  8,8,1FTEW1E53JF******,CERT OF TITLE-SALVAGE TITLE,"89,712 N",NOT ACTUAL,FRONT END,0 USD,0 USD,4033,AL - BIRMINGHAM,0,N/A,N/A
https://www.copart.com/lot/70672545/salvage-2020-chevrolet-silverado-c1500-lt-al-birmingham,70672545,"22,009 USD",11/04/2025 12:00 pm CST,2020,CHEV,SILVERADO C1500 LT,5.3L  8,8,1GCRWCED4LZ******,SALVAGE RECOVERED THEFT,0 N,NOT ACTUAL,REAR END,175 USD,0 USD,4104,AL - BIRMINGHAM,0,N/A,N/A
https://www.copart.com/lot/70670645/salvage-2019-honda-cr-v-touring-al-birmingham,70670645,"26,516 USD",11/04/2025 12:00 pm CST,2019,HOND,CR-V TOURI,1.5L  4,4,JHLRW2H90KX******,SALVAGE CERTIFICATE,"33,160 A",ACTUAL,FRONT END,175 USD,0 USD,19,AL - BIRMINGHAM,0,N/A,N/A
https://www.copart.com/lot/70430495/clean-title-2016-nissan-rogue-s-al-birmingham,70430495,"9,257 USD",11/04/2025 12:00 pm CST,2016,NISS,ROGUE S,2.5L  4,4,KNMAT2MT7GP******,CERTIFICATE OF TITLE,"141,358 A",ACTUAL,SIDE,0 USD,0 USD,3324,AL - BIRMINGHAM,0,N/A,N/A
https://www.copart.com/lot/70348785/salvage-2017-toyota-rav4-le-al-mobile-south,70348785,"13,648 USD",11/04/2025 12:00 pm CST,2017,TOYT,RAV4 LE,2.5L  4,4,JTMZFREV3HJ******,CERT OF TITLE-SALVAGE TITLE,"124,763 A",ACTUAL,FRONT END,0 USD,0 USD,80,AL - MOBILE SOUTH,0,N/A,N/A
https://www.copart.com/lot/70318915/clean-title-2019-ford-escape-se-al-birmingham,70318915,"11,132 USD",11/04/2025 12:00 pm CST,2019,FORD,ESCAPE SE,1.5L  4,4,1FMCU0GD5KU******,CERTIFICATE OF TITLE,"100,999 A",ACTUAL,REAR END,250 USD,0 USD,3315,AL - BIRMINGHAM,0,N/A,N/A
https://www.copart.com/lot/70315825/clean-title-2018-mazda-3-touring-al-birmingham,70315825,"15,241 USD",11/04/2025 12:00 pm CST,2018,MAZD,3 TOURING,2.5L  4,4,3MZBN1L38JM******,CERTIFICATE OF TITLE,"47,135 A",ACTUAL,REAR END,0 USD,0 USD,0,AL - BIRMINGHAM,0,N/A,N/A
https://www.copart.com/lot/70234845/salvage-2024-kia-forte-gt-line-al-birmingham,70234845,"23,853 USD",11/04/2025 12:00 pm CST,2024,KIA,FORTE GT LINE,2  L  4,4,3KPF54ADXRE******,CERT OF TITLE-SALVAGE TITLE,"28,110 A",ACTUAL,FRONT END,0 USD,0 USD,2276,AL - BIRMINGHAM,0,N/A,N/A
https://www.copart.com/lot/70204555/salvage-2018-bmw-x1-xdrive28i-al-birmingham,70204555,"17,388 USD",11/04/2025 12:00 pm CST,2018,BMW,X1 XDRIVE28I,2.0L  4,4,WBXHT3C38J5******,CERT OF TITLE-SALVAGE TITLE,"79,579 N",NOT ACTUAL,FRONT END,175 USD,0 USD,4093,AL - BIRMINGHAM,0,N/A,N/A
https://www.copart.com/lot/70200305/clean-title-2021-nissan-versa-s-al-birmingham,70200305,"13,500 USD",11/04/2025 12:00 pm CST,2021,NISS,VERSA S,1.6L  4,4,3N1CN8DV8ML******,CERTIFICATE OF TITLE,"65,591 A",ACTUAL,FRONT END,175 USD,0 USD,4083,AL - BIRMINGHAM,0,N/A,N/A
https://www.copart.com/lot/70177465/salvage-2023-kia-rio-lx-al-birmingham,70177465,"15,668 USD",11/04/2025 12:00 pm CST,2023,KIA,RIO LX,1.6L  4,4,3KPA24AD0PE******,CERT OF TITLE-SALVAGE TITLE,"31,553 A",ACTUAL,FRONT END,0 USD,0 USD,23,AL - BIRMINGHAM,0,N/A,N/A
https://www.copart.com/lot/70032445/salvage-2015-kia-sorento-sx-al-birmingham,70032445,"8,076 USD",11/04/2025 12:00 pm CST,2015,KIA,SORENTO SX,3.3L  6,6,5XYKW4A74FG******,CERT OF TITLE-SALVAGE TITLE,"138,522 A",ACTUAL,REAR END,0 USD,0 USD,2357,AL - BIRMINGHAM,0,N/A,N/A
https://www.copart.com/lot/69968385/salvage-2017-ford-f150-supercrew-al-birmingham,69968385,"16,578 USD",11/04/2025 12:00 pm CST,2017,FORD,F150 SUPER,5.0L  8,8,1FTEW1CF5HF******,CERT OF TITLE-SALVAGE TITLE,"153,300 A",ACTUAL,REAR END,175 USD,0 USD,0,AL - BIRMINGHAM,0,N/A,N/A
https://www.copart.com/lot/69942175/salvage-2023-dodge-durango-gt-al-birmingham,69942175,"27,101 USD",11/04/2025 12:00 pm CST,2023,DODG,DURANGO GT,3.6L  6,6,1C4RDHDG8PC******,CERT OF TITLE-SALVAGE TITLE,0 N,NOT ACTUAL,FRONT END,175 USD,0 USD,4080,AL - BIRMINGHAM,0,N/A,N/A
https://www.copart.com/lot/69781115/salvage-2016-mazda-cx-5-gt-al-mobile-south,69781115,"15,147 USD",11/04/2025 12:00 pm CST,2016,MAZD,CX-5 GT,2.5L  4,4,JM3KE2DY0G0******,CERT OF TITLE-SALVAGE,"86,615 A",ACTUAL,FRONT END,0 USD,0 USD,9,AL - MOBILE SOUTH,0,N/A,N/A
https://www.copart.com/lot/69753595/salvage-2018-mercedes-benz-c-300-al-birmingham,69753595,"15,707 USD",11/04/2025 12:00 pm CST,2018,MERZ,C 300,2.0L  4,4,WDDWF4JB0JR******,CERT OF TITLE-FLOOD SALVAGE,"94,042 A",ACTUAL,WATER/FLOOD,0 USD,0 USD,2007,AL - BIRMINGHAM,0,N/A,N/A
https://www.copart.com/lot/69678865/salvage-2017-chevrolet-equinox-lt-al-birmingham,69678865,"8,271 USD",11/04/2025 12:00 pm CST,2017,CHEV,EQUINOX LT,2.4L  4,4,2GNALCEK2H6******,CERT OF TITLE-SALVAGE TITLE,"159,532 X",EXCEEDS MECHANICAL LIMITS,ALL OVER,0 USD,0 USD,4075,AL - BIRMINGHAM,0,N/A,N/A
https://www.copart.com/lot/69642335/salvage-2016-kia-forte-lx-al-birmingham,69642335,"10,002 USD",11/04/2025 12:00 pm CST,2016,KIA,FORTE LX,1.8L  4,4,KNAFK4A60G5******,CERT OF TITLE-SALVAGE TITLE,"85,310 N",NOT ACTUAL,FRONT END,0 USD,0 USD,4043,AL - BIRMINGHAM,0,N/A,N/A
https://www.copart.com/lot/69578305/salvage-2020-bmw-x6-sdrive-40i-al-birmingham,69578305,"23,270 USD",11/04/2025 12:00 pm CST,2020,BMW,X6 SDRIVE 40I,3.0L  6,6,5UXCY4C03L9******,CERT OF TITLE-SALVAGE,"185,308 A",ACTUAL,MECHANICAL,0 USD,0 USD,2253,AL - BIRMINGHAM,0,N/A,N/A
https://www.copart.com/lot/69444655/salvage-2019-gmc-sierra-k1500-slt-al-birmingham,69444655,"36,702 USD",11/04/2025 12:00 pm CST,2019,GMC,SIERRA K1500 SLT,5.3L  8,8,1GTU9DED2KZ******,CERT OF TITLE-SALVAGE TITLE,"102,883 A",ACTUAL,REAR END,"1,500 USD",0 USD,2261,AL - BIRMINGHAM,0,N/A,N/A
https://www.copart.com/lot/69374985/salvage-2017-ford-expedition-xlt-al-mobile-south,69374985,"12,193 USD",11/04/2025 12:00 pm CST,2017,FORD,EXPEDITION XLT,3.5L  6,6,1FMJU1HT2HE******,CERT OF TITLE SLVG REBUILDABLE,"144,632 N",NOT ACTUAL,FRONT END,0 USD,0 USD,2005,AL - MOBILE SOUTH,0,N/A,N/A
https://www.copart.com/lot/69212485/salvage-2021-toyota-tacoma-double-cab-al-birmingham,69212485,"36,167 USD",11/04/2025 12:00 pm CST,2021,TOYT,TACOMA DOUBLE CAB,3.5L  6,6,5TFCZ5AN6MX******,CERT OF TITLE-SALVAGE TITLE,"142,724 N",NOT ACTUAL,FRONT END,175 USD,0 USD,2272,AL - BIRMINGHAM,0,N/A,N/A
https://www.copart.com/lot/69194535/salvage-2020-dodge-challenger-rt-scat-pack-al-birmingham,69194535,"39,228 USD",11/04/2025 12:00 pm CST,2020,DODG,CHALLENGER,6.4L  8,8,2C3CDZFJ9LH******,CERT OF TITLE-SALVAGE TITLE,"64,160 N",NOT ACTUAL,FRONT END,"6,900 USD",0 USD,4032,AL - BIRMINGHAM,0,N/A,N/A
https://www.copart.com/lot/68943605/clean-title-2019-chevrolet-cruze-lt-al-mobile-south,68943605,$1 USD,11/04/2025 12:00 pm CST,2019,CHEV,CRUZE LT,1.4L  4,4,1G1BE5SM0K7******,CERTIFICATE OF TITLE,"180,908 A",ACTUAL,REAR END,0 USD,0 USD,64,AL - MOBILE SOUTH,0,N/A,N/A
https://www.copart.com/lot/68845575/2025-nissan-frontier-s-al-birmingham,68845575,"33,149 USD",11/04/2025 12:00 pm CST,2025,NISS,FRONTIER S,3.8L  6,6,1N6ED1EJ9SN******,CERT OF TITLE-PARTS ONLY SALVG,"7,804 A",ACTUAL,ROLLOVER,0 USD,0 USD,2002,AL - BIRMINGHAM,0,N/A,N/A
https://www.copart.com/lot/68736875/salvage-2016-hyundai-sonata-sport-al-mobile-south,68736875,"8,726 USD",11/04/2025 12:00 pm CST,2016,HYUN,SONATA SPORT,2.4L  4,4,5NPE34AF7GH******,CERT OF TITLE-SALVAGE TITLE,"131,597 N",NOT ACTUAL,FRONT END,0 USD,0 USD,2015,AL - MOBILE SOUTH,0,N/A,N/A
https://www.copart.com/lot/68472365/salvage-2016-dodge-challenger-sxt-al-mobile-south,68472365,"14,641 USD",11/04/2025 12:00 pm CST,2016,DODG,CHALLENGER,3.6L  6,6,2C3CDZAG4GH******,CERT OF TITLE SLVG REBUILDABLE,"89,476 A",ACTUAL,FRONT END,0 USD,0 USD,2516,AL - MOBILE SOUTH,0,N/A,N/A
https://www.copart.com/lot/68465485/salvage-2019-toyota-rav4-le-al-birmingham,68465485,"17,647 USD",11/04/2025 12:00 pm CST,2019,TOYT,RAV4 LE,2.5L  4,4,2T3H1RFV0KW******,CERT OF TITLE-SALVAGE TITLE,"104,132 A",ACTUAL,FRONT END,0 USD,0 USD,0,AL - BIRMINGHAM,0,N/A,N/A
https://www.copart.com/lot/68461655/salvage-2018-chevrolet-trax-1lt-al-mobile-south,68461655,"7,241 USD",11/04/2025 12:00 pm CST,2018,CHEV,TRAX 1LT,1.4L  4,4,3GNCJLSB3JL******,CERT OF TITLE-SALVAGE TITLE,"86,075 A",ACTUAL,FRONT END,0 USD,0 USD,35,AL - MOBILE SOUTH,0,N/A,N/A
https://www.copart.com/lot/68449095/clean-title-2015-mercedes-benz-gl-450-4matic-al-birmingham,68449095,"12,333 USD",11/04/2025 12:00 pm CST,2015,MERZ,GL 450 4MA,3.0L  6,6,4JGDF6EEXFA******,CERTIFICATE OF TITLE,"84,440 A",ACTUAL,SIDE,"1,700 USD",0 USD,0,AL - BIRMINGHAM,0,N/A,N/A
https://www.copart.com/lot/68428375/salvage-2022-ram-promaster-city-tradesman-al-mobile-south,68428375,"25,681 USD",11/04/2025 12:00 pm CST,2022,RAM,PROMASTER CITY TRADESMAN,2.4L  4,4,ZFBHRFAB9N6******,CERT OF TITLE-SALVAGE TITLE,"45,390 N",NOT ACTUAL,FRONT END,0 USD,0 USD,2505,AL - MOBILE SOUTH,0,N/A,N/A
https://www.copart.com/lot/68391685/salvage-2018-hyundai-santa-fe-sport-al-birmingham,68391685,"11,700 USD",11/04/2025 12:00 pm CST,2018,HYUN,SANTA FE SPORT,2.4L  4,4,5NMZT3LB6JH******,CERT OF TITLE-SALVAGE TITLE,"104,619 N",NOT ACTUAL,VANDALISM,"1,400 USD",0 USD,2315,AL - BIRMINGHAM,0,N/A,N/A
https://www.copart.com/lot/68384375/salvage-2019-nissan-titan-sv-al-birmingham,68384375,"26,453 USD",11/04/2025 12:00 pm CST,2019,NISS,TITAN SV,5.6L  8,8,1N6AA1E53KN******,CERT OF TITLE-SALVAGE TITLE,"146,123 N",NOT ACTUAL,FRONT END,0 USD,0 USD,2268,AL - BIRMINGHAM,0,N/A,N/A
https://www.copart.com/lot/68340585/salvage-2016-honda-civic-exl-al-birmingham,68340585,"8,440 USD",11/04/2025 12:00 pm CST,2016,HOND,CIVIC EXL,1.5L  4,4,19XFC1F76GE******,CERT OF TITLE-SALVAGE TITLE,"190,365 A",ACTUAL,FRONT END,0 USD,0 USD,0,AL - BIRMINGHAM,0,N/A,N/A
https://www.copart.com/lot/68334005/salvage-2015-chevrolet-spark-2lt-al-birmingham,68334005,"4,031 USD",11/04/2025 12:00 pm CST,2015,CHEV,SPARK 2LT,1.2L  4,4,KL8CF6S91FC******,CERT OF TITLE-SALVAGE TITLE,0 N,NOT ACTUAL,FRONT END,0 USD,0 USD,4040,AL - BIRMINGHAM,0,N/A,N/A
https://www.copart.com/lot/68280675/clean-title-2016-nissan-titan-xd-sl-al-birmingham,68280675,"13,700 USD",11/04/2025 12:00 pm CST,2016,NISS,TITAN XD S,5.0L  8,8,1N6BA1F25GN******,CERTIFICATE OF TITLE,"210,061 A",ACTUAL,MECHANICAL,"2,600 USD",0 USD,80,AL - BIRMINGHAM,0,N/A,N/A
https://www.copart.com/lot/68166955/salvage-2015-mercedes-benz-cla-250-al-birmingham,68166955,"13,431 USD",11/04/2025 12:00 pm CST,2015,MERZ,CLA 250,2.0L  4,4,WDDSJ4EB3FN******,CERT OF TITLE-SALVAGE TITLE,"39,993 A",ACTUAL,UNDERCARRIAGE,0 USD,0 USD,4097,AL - BIRMINGHAM,0,N/A,N/A
https://www.copart.com/lot/68164085/salvage-2015-chevrolet-silverado-k1500-lt-al-birmingham,68164085,"17,061 USD",11/04/2025 12:00 pm CST,2015,CHEV,SILVERADO K1500 LT,5.3L  8,8,3GCUKREC0FG******,CERT OF TITLE-SALVAGE TITLE,"208,411 A",ACTUAL,FRONT END,0 USD,0 USD,2278,AL - BIRMINGHAM,0,N/A,N/A
https://www.copart.com/lot/68049315/salvage-2021-ram-2500-big-horn-al-birmingham,68049315,"36,443 USD",11/04/2025 12:00 pm CST,2021,RAM,2500 BIG H,6.7L  6,6,3C6UR5DLXMG******,CERT OF TITLE-SALVAGE TITLE,0 N,NOT ACTUAL,ALL OVER,200 USD,0 USD,4068,AL - BIRMINGHAM,0,N/A,N/A
https://www.copart.com/lot/68046435/salvage-2021-dodge-challenger-gt-al-birmingham,68046435,"22,787 USD",11/04/2025 12:00 pm CST,2021,DODG,CHALLENGER GT,3.6L  6,6,2C3CDZJG2MH******,CERT OF TITLE-SALVAGE TITLE,"59,351 A",ACTUAL,FRONT END,175 USD,0 USD,4005,AL - BIRMINGHAM,0,N/A,N/A
https://www.copart.com/lot/67982245/salvage-2017-kia-optima-lx-al-birmingham,67982245,"5,368 USD",11/04/2025 12:00 pm CST,2017,KIA,OPTIMA LX,2.4L  4,4,KNAGT4L31H5******,CERT OF TITLE-FLOOD SALVAGE,"183,008 A",ACTUAL,UNDERCARRIAGE,0 USD,0 USD,4506,AL - BIRMINGHAM,0,N/A,N/A
https://www.copart.com/lot/67932185/salvage-2018-hyundai-elantra-se-al-birmingham,67932185,"7,408 USD",11/04/2025 12:00 pm CST,2018,HYUN,ELANTRA SE,2.0L  4,4,5NPD74LF9JH******,CERT OF TITLE-FLOOD SALVAGE,"99,312 A",ACTUAL,WATER/FLOOD,0 USD,0 USD,3289,AL - BIRMINGHAM,0,N/A,N/A
https://www.copart.com/lot/67628645/salvage-2020-bmw-x3-sdrive30i-al-birmingham,67628645,"17,397 USD",11/04/2025 12:00 pm CST,2020,BMW,X3 SDRIVE30I,2.0L  4,4,5UXTY3C04L9******,CERT OF TITLE-SALVAGE TITLE,"120,876 A",ACTUAL,FRONT END,0 USD,0 USD,31,AL - BIRMINGHAM,0,N/A,N/A
https://www.copart.com/lot/67613315/salvage-2024-ford-bronco-sport-big-bend-al-birmingham,67613315,"28,173 USD",11/04/2025 12:00 pm CST,2024,FORD,BRONCO SPORT BIG BEND,1.5L  3,3,3FMCR9B62RR******,CERT OF TITLE-SALVAGE TITLE,"8,119 A",ACTUAL,REAR END,0 USD,0 USD,99,AL - BIRMINGHAM,0,N/A,N/A
https://www.copart.com/lot/67513185/clean-title-2019-hyundai-veloster-base-al-mobile-south,67513185,"12,250 USD",11/04/2025 12:00 pm CST,2019,HYUN,VELOSTER B,2.0L  4,4,KMHTG6AF9KU******,CERTIFICATE OF TITLE,"123,986 A",ACTUAL,SIDE,0 USD,0 USD,2543,AL - MOBILE SOUTH,0,N/A,N/A
https://www.copart.com/lot/67475635/salvage-2017-ford-edge-titanium-al-birmingham,67475635,"12,019 USD",11/04/2025 12:00 pm CST,2017,FORD,EDGE TITANIUM,3.5L  6,6,2FMPK4K83HB******,CERT OF TITLE-SALVAGE TITLE,"143,489 A",ACTUAL,FRONT END,0 USD,0 USD,3292,AL - BIRMINGHAM,0,N/A,N/A
https://www.copart.com/lot/67090555/salvage-2015-hyundai-tucson-limited-al-birmingham,67090555,"8,693 USD",11/04/2025 12:00 pm CST,2015,HYUN,TUCSON LIM,2.4L  4,4,KM8JUCAG5FU******,CERT OF TITLE-SALVAGE TITLE,"120,618 A",ACTUAL,FRONT END,0 USD,0 USD,3280,AL - BIRMINGHAM,0,N/A,N/A
https://www.copart.com/lot/66947405/salvage-2025-genesis-gv70-base-al-mobile-south,66947405,"57,551 USD",11/04/2025 12:00 pm CST,2025,GENS,GV70 BASE,3.5L  6,6,5NMMCDTC5SH******,CERT OF TITLE SLVG REBUILDABLE,"4,156 N",NOT ACTUAL,REAR END,"8,200 USD",0 USD,36,AL - MOBILE SOUTH,0,N/A,N/A
https://www.copart.com/lot/66916635/salvage-2023-ford-f150-supercrew-al-birmingham,66916635,"35,404 USD",11/04/2025 12:00 pm CST,2023,FORD,F150 SUPER,2.7L  6,6,1FTEW1CP5PK******,CERT OF TITLE-SALVAGE TITLE,"17,133 A",ACTUAL,FRONT END,0 USD,0 USD,111,AL - BIRMINGHAM,0,N/A,N/A
https://www.copart.com/lot/66914005/salvage-2021-jeep-compass-80th-edition-al-birmingham,66914005,"16,342 USD",11/04/2025 12:00 pm CST,2021,JEP,COMPASS 80,2.4L  4,4,3C4NJCEB3MT******,CERT OF TITLE-SALVAGE TITLE,"62,069 A",ACTUAL,FRONT END,0 USD,0 USD,25,AL - BIRMINGHAM,0,N/A,N/A
https://www.copart.com/lot/66450395/clean-title-2016-nissan-versa-s-al-mobile-south,66450395,$1 USD,11/04/2025 12:00 pm CST,2016,NISS,VERSA S,1.6L  4,4,3N1CN7AP2GL******,CERTIFICATE OF TITLE,"174,321 N",NOT ACTUAL,MINOR DENT/SCRATCHES,0 USD,0 USD,2008,AL - MOBILE SOUTH,0,N/A,N/A
https://www.copart.com/lot/66281965/salvage-2023-chrysler-300-touring-l-al-birmingham,66281965,"36,398 USD",11/04/2025 12:00 pm CST,2023,CHRY,300 TOURIN,3.6L  6,6,2C3CCADG9PH******,CERT OF TITLE-SALVAGE TITLE,"36,723 A",ACTUAL,SIDE,0 USD,0 USD,2251,AL - BIRMINGHAM,0,N/A,N/A
https://www.copart.com/lot/66201215/salvage-2020-kia-sportage-lx-al-birmingham,66201215,"17,582 USD",11/04/2025 12:00 pm CST,2020,KIA,SPORTAGE LX,2.4L  4,4,KNDPM3AC8L7******,CERT OF TITLE-SALVAGE TITLE,"53,749 A",ACTUAL,FRONT END,0 USD,0 USD,110,AL - BIRMINGHAM,0,N/A,N/A
https://www.copart.com/lot/66175455/salvage-2021-mazda-3-premium-al-birmingham,66175455,"19,396 USD",11/04/2025 12:00 pm CST,2021,MAZD,3 PREMIUM,2.5L  4,4,3MZBPADL5MM******,CERT OF TITLE-SALVAGE TITLE,0 N,NOT ACTUAL,FRONT END,0 USD,0 USD,4057,AL - BIRMINGHAM,0,N/A,N/A
https://www.copart.com/lot/66015165/2023-kia-rio-lx-al-birmingham,66015165,"15,824 USD",11/04/2025 12:00 pm CST,2023,KIA,RIO LX,1.6L  4,4,3KPA24ADXPE******,CERT OF TITLE-PARTS ONLY SALVG,0 N,NOT ACTUAL,BURN,0 USD,0 USD,2004,AL - BIRMINGHAM,0,N/A,N/A
https://www.copart.com/lot/65952945/salvage-2025-gmc-sierra-k1500-at4x-al-birmingham,65952945,"85,485 USD",11/04/2025 12:00 pm CST,2025,GMC,SIERRA,6.2L  8,8,3GTUUFEL6SG******,CERT OF TITLE-SALVAGE TITLE,741 A,ACTUAL,FRONT END,175 USD,0 USD,2006,AL - BIRMINGHAM,0,N/A,N/A
https://www.copart.com/lot/65898295/salvage-2018-mitsubishi-mirage-g4-es-al-birmingham,65898295,"6,515 USD",11/04/2025 12:00 pm CST,2018,MITS,MIRAGE G4 ES,1.2L  3,3,ML32F3FJ2JH******,CERT OF TITLE-SALVAGE TITLE,"117,650 A",ACTUAL,FRONT END,175 USD,0 USD,3361,AL - BIRMINGHAM,0,N/A,N/A
https://www.copart.com/lot/65806695/salvage-2021-ram-1500-classic-slt-al-birmingham,65806695,"22,176 USD",11/04/2025 12:00 pm CST,2021,RAM,1500 CLASSIC SLT,5.7L  8,8,1C6RR7LT0MS******,CERT OF TITLE-SALVAGE TITLE,"217,361 N",NOT ACTUAL,SIDE,0 USD,0 USD,2270,AL - BIRMINGHAM,0,N/A,N/A
https://www.copart.com/lot/65579905/salvage-2022-genesis-gv70-base-al-birmingham,65579905,"25,356 USD",11/04/2025 12:00 pm CST,2022,GENS,GV70 BASE,2.5L  4,4,KMUMADTB2NU******,CERT OF TITLE-SALVAGE TITLE,"90,347 A",ACTUAL,REAR END,0 USD,0 USD,2254,AL - BIRMINGHAM,0,N/A,N/A
https://www.copart.com/lot/65562705/salvage-2025-hyundai-santa-fe-calligraphy-al-birmingham,65562705,"41,027 USD",11/04/2025 12:00 pm CST,2025,HYUN,SANTA FE CALLIGRAPHY,2.5L  4,4,5NMP54GL4SH******,CERT OF TITLE-SALVAGE TITLE,"12,621 A",ACTUAL,FRONT END,0 USD,0 USD,4084,AL - BIRMINGHAM,0,N/A,N/A
https://www.copart.com/lot/65527365/salvage-2017-ford-focus-sel-al-birmingham,65527365,"9,041 USD",11/04/2025 12:00 pm CST,2017,FORD,FOCUS SEL,2.0L  4,4,1FADP3H20HL******,CERT OF TITLE-SALVAGE,"62,859 A",ACTUAL,REAR END,175 USD,0 USD,2341,AL - BIRMINGHAM,0,N/A,N/A
https://www.copart.com/lot/65474865/salvage-2023-nissan-rogue-sv-al-birmingham,65474865,"25,290 USD",11/04/2025 12:00 pm CST,2023,NISS,ROGUE SV,1.5L  3,3,5N1BT3BA5PC******,CERT OF TITLE-SALVAGE TITLE,"13,519 A",ACTUAL,FRONT END,0 USD,0 USD,4074,AL - BIRMINGHAM,0,N/A,N/A
https://www.copart.com/lot/64928085/salvage-2020-chevrolet-equinox-ls-al-birmingham,64928085,"14,796 USD",11/04/2025 12:00 pm CST,2020,CHEV,EQUINOX LS,1.5L  4,4,3GNAXHEV0LS******,CERT OF TITLE-SALVAGE TITLE,"119,961 N",NOT ACTUAL,FRONT END,0 USD,0 USD,3359,AL - BIRMINGHAM,0,N/A,N/A
https://www.copart.com/lot/64781225/salvage-2017-volkswagen-golf-alltrack-s-al-birmingham,64781225,"16,455 USD",11/04/2025 12:00 pm CST,2017,VOLK,GOLF ALLTR,1.8L  4,4,3VWH17AU8HM******,CERT OF TITLE-SALVAGE TITLE,"66,267 A",ACTUAL,FRONT END,0 USD,0 USD,10,AL - BIRMINGHAM,0,N/A,N/A
https://www.copart.com/lot/64714885/salvage-2020-chevrolet-suburban-c1500-premier-al-birmingham,64714885,"32,335 USD",11/04/2025 12:00 pm CST,2020,CHEV,SUBURBAN C,5.3L  8,8,1GNSCJKCXLR******,CERT OF TITLE-SALVAGE TITLE,"91,915 A",ACTUAL,FRONT END,0 USD,0 USD,30,AL - BIRMINGHAM,0,N/A,N/A
https://www.copart.com/lot/64649375/salvage-2017-nissan-altima-2-5-al-birmingham,64649375,"8,305 USD",11/04/2025 12:00 pm CST,2017,NISS,ALTIMA 2.5,2.5L  4,4,1N4AL3AP1HC******,CERT OF TITLE-SALVAGE TITLE,"97,937 A",ACTUAL,REAR END,0 USD,0 USD,3269,AL - BIRMINGHAM,0,N/A,N/A
https://www.copart.com/lot/64596115/2018-kia-niro-fe-al-mobile-south,64596115,"9,175 USD",11/04/2025 12:00 pm CST,2018,KIA,NIRO FE,1.6L  4,4,KNDCB3LC3J5******,CERT OF TITLE-PARTS ONLY SALVG,"90,187 A",ACTUAL,FRONT END,0 USD,0 USD,2001,AL - MOBILE SOUTH,0,N/A,N/A
https://www.copart.com/lot/64480765/salvage-2021-toyota-highlander-l-al-birmingham,64480765,"22,444 USD",11/04/2025 12:00 pm CST,2021,TOYT,HIGHLANDER,3.5L  6,6,5TDZZRAH8MS******,CERT OF TITLE-SALVAGE TITLE,"90,616 A",ACTUAL,SIDE,200 USD,0 USD,29,AL - BIRMINGHAM,0,N/A,N/A
https://www.copart.com/lot/63834395/salvage-2016-lexus-is-200t-al-birmingham,63834395,"17,192 USD",11/04/2025 12:00 pm CST,2016,LEXS,IS 200T,2.0L  4,4,JTHBA1D20G5******,CERT OF TITLE-SALVAGE TITLE,"115,771 A",ACTUAL,FRONT END,0 USD,0 USD,2260,AL - BIRMINGHAM,0,N/A,N/A
https://www.copart.com/lot/63707515/2023-toyota-tacoma-double-cab-al-mobile-south,63707515,"30,472 USD",11/04/2025 12:00 pm CST,2023,TOYT,TACOMA DOU,3.5L  6,6,3TMCZ5AN8PM******,CERTIFICATE OF DESTRUCTION,"55,519 A",ACTUAL,ALL OVER,850 USD,0 USD,2537,AL - MOBILE SOUTH,0,N/A,N/A
https://www.copart.com/lot/63245905/salvage-2018-chevrolet-cruze-lt-al-birmingham,63245905,"8,564 USD",11/04/2025 12:00 pm CST,2018,CHEV,CRUZE LT,1.4L  4,4,1G1BE5SM0J7******,CERT OF TITLE-SALVAGE TITLE,"149,661 A",ACTUAL,FRONT END,0 USD,0 USD,4510,AL - BIRMINGHAM,0,N/A,N/A
https://www.copart.com/lot/62808975/salvage-2015-mercedes-benz-e-350-al-birmingham,62808975,"9,990 USD",11/04/2025 12:00 pm CST,2015,MERZ,E 350,3.5L  6,6,WDDHF5KB0FB******,CERT OF TITLE-SALVAGE TITLE,"197,402 A",ACTUAL,REAR END,175 USD,0 USD,2300,AL - BIRMINGHAM,0,N/A,N/A
https://www.copart.com/lot/62674885/salvage-2020-bmw-x1-sdrive28i-al-birmingham,62674885,"18,796 USD",11/04/2025 12:00 pm CST,2020,BMW,X1 SDRIVE2,2.0L  4,4,WBXJG7C09L5******,CERT OF TITLE-SALVAGE TITLE,0 N,NOT ACTUAL,FRONT END,0 USD,0 USD,0,AL - BIRMINGHAM,0,N/A,N/A
https://www.copart.com/lot/62423225/salvage-2015-nissan-titan-s-al-birmingham,62423225,"13,240 USD",11/04/2025 12:00 pm CST,2015,NISS,TITAN S,5.6L  8,8,1N6AA0EK2FN******,CERT OF TITLE-SALVAGE TITLE,"133,142 N",NOT ACTUAL,ALL OVER,0 USD,0 USD,3332,AL - BIRMINGHAM,0,N/A,N/A
https://www.copart.com/lot/62000205/salvage-2019-honda-accord-ex-al-birmingham,62000205,"17,846 USD",11/04/2025 12:00 pm CST,2019,HOND,ACCORD EX,1.5L  4,4,1HGCV1F46KA******,CERT OF TITLE-SALVAGE TITLE,"135,769 A",ACTUAL,FRONT END,0 USD,0 USD,4061,AL - BIRMINGHAM,0,N/A,N/A
https://www.copart.com/lot/61994735/2023-gmc-sierra-k2500-at4-al-birmingham,61994735,"54,363 USD",11/04/2025 12:00 pm CST,2023,GMC,SIERRA K25,6.6L  8,8,1GT49PEY8PF******,CERTIFICATE OF TITLE - JUNK,0 N,NOT ACTUAL,BURN,0 USD,0 USD,4070,AL - BIRMINGHAM,0,N/A,N/A
https://www.copart.com/lot/61870115/clean-title-2025-honda-odyssey-exl-al-birmingham,61870115,"45,675 USD",11/04/2025 12:00 pm CST,2025,HOND,ODYSSEY EX,3.5L  6,6,5FNRL6H61SB******,CERTIFICATE OF TITLE (P),"9,201 A",ACTUAL,REAR END,"29,750 USD",0 USD,98,AL - BIRMINGHAM,0,N/A,N/A
https://www.copart.com/lot/61812865/salvage-2024-chevrolet-malibu-lt-al-birmingham,61812865,"18,969 USD",11/04/2025 12:00 pm CST,2024,CHEV,MALIBU LT,1.5L  4,4,1G1ZD5STXRF******,CERT OF TITLE-SALVAGE TITLE,"26,583 A",ACTUAL,FRONT END,0 USD,0 USD,26,AL - BIRMINGHAM,0,N/A,N/A
https://www.copart.com/lot/61773565/salvage-2017-toyota-highlander-limited-al-birmingham,61773565,"16,989 USD",11/04/2025 12:00 pm CST,2017,TOYT,HIGHLANDER,3.5L  6,6,5TDDZRFH8HS******,SALVAGE CERTIFICATE OF TITLE,"182,623 A",ACTUAL,FRONT END,225 USD,0 USD,103,AL - BIRMINGHAM,0,N/A,N/A
https://www.copart.com/lot/61622855/salvage-2024-lexus-gx-550-luxury-al-birmingham,61622855,"91,732 USD",11/04/2025 12:00 pm CST,2024,LEXS,GX 550 LUX,3.4L  6,6,JTJVBCDX7R5******,CERT OF TITLE-SALVAGE TITLE,"7,277 A",ACTUAL,ALL OVER,"20,200 USD",0 USD,21,AL - BIRMINGHAM,0,N/A,N/A
https://www.copart.com/lot/61166075/salvage-2020-honda-hr-v-sport-al-birmingham,61166075,"23,737 USD",11/04/2025 12:00 pm CST,2020,HOND,HR-V SPORT,1.8L  4,4,3CZRU5H1XLM******,CERT OF TITLE-SALVAGE TITLE,"10,888 A",ACTUAL,FRONT END,0 USD,0 USD,2009,AL - BIRMINGHAM,0,N/A,N/A
https://www.copart.com/lot/61059175/2022-chevrolet-equinox-ls-al-mobile-south,61059175,"19,373 USD",11/04/2025 12:00 pm CST,2022,CHEV,EQUINOX LS,1.5L  4,4,2GNAXHEV3N6******,CERTIFICATE OF DESTRUCTION,"35,877 A",ACTUAL,FRONT END,0 USD,0 USD,2548,AL - MOBILE SOUTH,0,N/A,N/A
https://www.copart.com/lot/59988915/salvage-2017-infiniti-qx50-al-birmingham,59988915,"13,439 USD",11/04/2025 12:00 pm CST,2017,INFI,QX50,3.7L  6,6,JN1BJ0RP8HM******,CERT OF TITLE-SALVAGE TITLE,"90,852 A",ACTUAL,FRONT END,0 USD,0 USD,4500,AL - BIRMINGHAM,0,N/A,N/A
https://www.copart.com/lot/59926285/salvage-2023-kia-forte-lx-al-birmingham,59926285,"16,494 USD",11/04/2025 12:00 pm CST,2023,KIA,FORTE LX,2  L  4,4,3KPF24AD4PE******,CERT OF TITLE-SALVAGE TITLE,"47,517 N",NOT ACTUAL,FRONT END,175 USD,0 USD,2262,AL - BIRMINGHAM,0,N/A,N/A
https://www.copart.com/lot/58480485/clean-title-2017-nissan-versa-s-al-birmingham,58480485,$1 USD,11/04/2025 12:00 pm CST,2017,NISS,VERSA S,1.6L  4,4,3N1CN7AP3HL******,CERTIFICATE OF TITLE,"133,298 A",ACTUAL,MECHANICAL,0 USD,0 USD,4052,AL - BIRMINGHAM,0,N/A,N/A
https://www.copart.com/lot/58123795/2025-kia-sorento-s-al-mobile-south,58123795,"31,973 USD",11/04/2025 12:00 pm CST,2025,KIA,SORENTO S,2.5L  4,4,5XYRL4JC0SG******,CERT OF TITLE-PARTS ONLY SALVG,"19,802 A",ACTUAL,UNDERCARRIAGE,0 USD,0 USD,2547,AL - MOBILE SOUTH,0,N/A,N/A
https://www.copart.com/lot/56604164/salvage-2022-mercedes-benz-glc-300-al-birmingham,56604164,"40,029 USD",11/04/2025 12:00 pm CST,2022,MERZ,GLC 300,2.0L  4,4,W1N0G8DB9NG******,CERT OF TITLE-SALVAGE TITLE,"24,448 A",ACTUAL,FRONT END,0 USD,0 USD,4082,AL - BIRMINGHAM,0,N/A,N/A
https://www.copart.com/lot/56552535/salvage-2016-kia-optima-lx-al-birmingham,56552535,"8,846 USD",11/04/2025 12:00 pm CST,2016,KIA,OPTIMA LX,2.4L  4,4,5XXGT4L32GG******,CERT OF TITLE-SALVAGE TITLE,0 N,NOT ACTUAL,FRONT END,0 USD,0 USD,4055,AL - BIRMINGHAM,0,N/A,N/A
https://www.copart.com/lot/56019825/salvage-2021-hyundai-elantra-sel-al-birmingham,56019825,"15,808 USD",11/04/2025 12:00 pm CST,2021,HYUN,ELANTRA SEL,2.0L  4,4,KMHLS4AG3MU******,CERT OF TITLE-SALVAGE TITLE,"61,123 N",NOT ACTUAL,FRONT END,0 USD,0 USD,2279,AL - BIRMINGHAM,0,N/A,N/A
https://www.copart.com/lot/55428295/salvage-2019-nissan-sentra-s-al-birmingham,55428295,"13,222 USD",11/04/2025 12:00 pm CST,2019,NISS,SENTRA S,1.8L  4,4,3N1AB7AP2KY******,CERT OF TITLE-SALVAGED,"47,119 A",ACTUAL,REAR END,250 USD,0 USD,2321,AL - BIRMINGHAM,0,N/A,N/A
https://www.copart.com/lot/55136334/salvage-2016-nissan-sentra-s-al-birmingham,55136334,$1 USD,11/04/2025 12:00 pm CST,2016,NISS,SENTRA S,1.8L  4,4,3N1AB7AP9GY******,CERT OF TITLE-SALVAGE TITLE (P),"215,696 A",ACTUAL,FRONT END,0 USD,0 USD,4007,AL - BIRMINGHAM,0,N/A,N/A
https://www.copart.com/lot/54992625/salvage-2017-toyota-sienna-xle-al-mobile-south,54992625,"18,456 USD",11/04/2025 12:00 pm CST,2017,TOYT,SIENNA XLE,3.5L  6,6,5TDYZ3DC3HS******,CERT OF TITLE-SALVAGED,"115,943 A",ACTUAL,FRONT END,250 USD,0 USD,2010,AL - MOBILE SOUTH,0,N/A,N/A
https://www.copart.com/lot/52210035/salvage-2019-nissan-frontier-s-al-birmingham,52210035,"13,595 USD",11/04/2025 12:00 pm CST,2019,NISS,FRONTIER S,4.0L  6,6,1N6AD0ER1KN******,CERT OF TITLE-SALVAGE TITLE,"112,352 A",ACTUAL,FRONT END,0 USD,0 USD,2356,AL - BIRMINGHAM,0,N/A,N/A
https://www.copart.com/lot/50924795/salvage-2017-toyota-rav4-xle-al-birmingham,50924795,"14,926 USD",11/04/2025 12:00 pm CST,2017,TOYT,RAV4 XLE,2.5L  4,4,2T3WFREV3HW******,SALVAGE CERTIFICATE OF TITLE,0 N,NOT ACTUAL,BURN,0 USD,0 USD,4111,AL - BIRMINGHAM,0,N/A,N/A
https://www.copart.com/lot/45733915/salvage-2022-kia-k5-lx-al-birmingham,45733915,"19,517 USD",11/04/2025 12:00 pm CST,2022,KIA,K5 LX,1.6L  4,4,5XXG24J27NG******,CERT OF TITLE-SALVAGE TITLE,"55,365 A",ACTUAL,REAR END,0 USD,0 USD,94,AL - BIRMINGHAM,0,N/A,N/A
https://www.copart.com/lot/41978095/clean-title-2015-kia-optima-lx-al-birmingham,41978095,$1 USD,11/04/2025 12:00 pm CST,2015,KIA,OPTIMA LX,2.4L  4,4,KNAGM4A7XF5******,CERTIFICATE OF TITLE,0 N,NOT ACTUAL,FRONT END,0 USD,0 USD,4098,AL - BIRMINGHAM,0,N/A,N/A
https://www.copart.com/lot/71521515/salvage-2022-ford-f450-super-duty-al-dothan,71521515,"102,063 USD",11/05/2025 11:00 am CST,2022,FORD,F450 SUPER DUTY,6.7L  8,8,1FT8W4DT9NE******,CERT OF TITLE-SALVAGE TITLE,"68,746 A",ACTUAL,FRONT END,425 USD,0 USD,0,AL - DOTHAN,0,N/A,N/A
https://www.copart.com/lot/69838114/salvage-2020-nissan-frontier-s-al-tanner,69838114,"16,361 USD",11/05/2025 11:00 am CST,2020,NISS,FRONTIER S,3.8L  6,6,1N6ED0CE3LN******,CERT OF TITLE-SALVAGE TITLE,"76,679 A",ACTUAL,FRONT END,0 USD,0 USD,0,AL - TANNER,0,N/A,N/A
https://www.copart.com/lot/66633135/salvage-2023-ram-2500-tradesman-al-tanner,66633135,"48,888 USD",11/05/2025 11:00 am CST,2023,RAM,2500 TRADESMAN,6.7L  6,6,3C6UR5CL2PG******,CERT OF TITLE-FLOOD SALVAGE,"21,219 A",ACTUAL,WATER/FLOOD,0 USD,0 USD,0,AL - TANNER,0,N/A,N/A
https://www.copart.com/lot/91027605/clean-title-2017-nissan-sentra-s-al-tanner,91027605,"9,380 USD",11/05/2025 12:00 pm CST,2017,NISS,SENTRA S,1.8L  4,4,3N1AB7AP3HY******,CERTIFICATE OF TITLE,"189,916 A",ACTUAL,MINOR DENT/SCRATCHES,0 USD,0 USD,0,AL - TANNER,0,N/A,N/A
https://www.copart.com/lot/90615135/clean-title-2015-jaguar-xf-3-0-sport-awd-al-tanner,90615135,$1 USD,11/05/2025 12:00 pm CST,2015,JAGU,XF 3.0 SPO,3.0L  6,6,SAJWJ0FF9F8******,CERTIFICATE OF TITLE (P),"112,814 A",ACTUAL,MINOR DENT/SCRATCHES,0 USD,0 USD,0,AL - TANNER,0,N/A,N/A
https://www.copart.com/lot/90592405/clean-title-2016-ford-escape-se-al-tanner,90592405,$1 USD,11/05/2025 12:00 pm CST,2016,FORD,ESCAPE SE,2.0L  4,4,1FMCU0G90GU******,CERTIFICATE OF TITLE,"137,014 A",ACTUAL,MINOR DENT/SCRATCHES,0 USD,0 USD,0,AL - TANNER,0,N/A,N/A
https://www.copart.com/lot/90589635/clean-title-2016-hyundai-veloster-turbo-al-tanner,90589635,"7,175 USD",11/05/2025 12:00 pm CST,2016,HYUN,VELOSTER T,1.6L  4,4,KMHTC6AE1GU******,CERTIFICATE OF TITLE,"142,455 A",ACTUAL,MINOR DENT/SCRATCHES,0 USD,0 USD,0,AL - TANNER,0,N/A,N/A
https://www.copart.com/lot/90538285/clean-title-2017-chevrolet-equinox-ls-al-tanner,90538285,$1 USD,11/05/2025 12:00 pm CST,2017,CHEV,EQUINOX LS,2.4L  4,4,2GNALBEK2H1******,CERTIFICATE OF TITLE,"151,221 A",ACTUAL,MECHANICAL,125 USD,0 USD,0,AL - TANNER,0,N/A,N/A
https://www.copart.com/lot/90505635/clean-title-2018-ford-expedition-limited-al-tanner,90505635,"3,390 USD",11/05/2025 12:00 pm CST,2018,FORD,EXPEDITION,3.5L  6,6,1FMJU1KTXJE******,CERTIFICATE OF TITLE,"127,343 A",ACTUAL,MECHANICAL,125 USD,0 USD,0,AL - TANNER,0,N/A,N/A
https://www.copart.com/lot/90339285/clean-title-2018-jaguar-xe-al-tanner,90339285,$1 USD,11/05/2025 12:00 pm CST,2018,JAGU,XE,2.0L  4,4,SAJAR4FX7JC******,CERTIFICATE OF TITLE (P),"133,395 A",ACTUAL,FRONT END,0 USD,0 USD,0,AL - TANNER,0,N/A,N/A
https://www.copart.com/lot/90335775/clean-title-2017-toyota-tacoma-double-cab-al-tanner,90335775,"25,100 USD",11/05/2025 12:00 pm CST,2017,TOYT,TACOMA DOU,3.5L  6,6,5TFCZ5AN0HX******,CERTIFICATE OF TITLE (P),"124,038 A",ACTUAL,SIDE,525 USD,0 USD,0,AL - TANNER,0,N/A,N/A
https://www.copart.com/lot/90321135/clean-title-2019-nissan-sentra-s-al-tanner,90321135,$1 USD,11/05/2025 12:00 pm CST,2019,NISS,SENTRA S,1.8L  4,4,3N1AB7AP1KY******,CERTIFICATE OF TITLE,"105,894 A",ACTUAL,FRONT END,0 USD,0 USD,0,AL - TANNER,0,N/A,N/A
https://www.copart.com/lot/90083875/clean-title-2016-ford-f150-supercrew-al-tanner,90083875,"20,025 USD",11/05/2025 12:00 pm CST,2016,FORD,F150 SUPER,5.0L  8,8,1FTEW1EF2GK******,CERTIFICATE OF TITLE (P),"222,794 A",ACTUAL,MECHANICAL,300 USD,0 USD,0,AL - TANNER,0,N/A,N/A
https://www.copart.com/lot/89866985/clean-title-2018-hyundai-tucson-sel-al-tanner,89866985,"12,100 USD",11/05/2025 12:00 pm CST,2018,HYUN,TUCSON SEL,2.0L  4,4,KM8J33A43JU******,CERTIFICATE OF TITLE,"171,397 A",ACTUAL,FRONT END,0 USD,0 USD,0,AL - TANNER,0,N/A,N/A
https://www.copart.com/lot/87387545/clean-title-2015-ford-focus-se-al-tanner,87387545,$1 USD,11/05/2025 12:00 pm CST,2015,FORD,FOCUS SE,2.0L  4,4,1FADP3F26FL******,CERTIFICATE OF TITLE,"225,401 A",ACTUAL,FRONT END,0 USD,0 USD,0,AL - TANNER,0,N/A,N/A
https://www.copart.com/lot/86869585/clean-title-2017-nissan-maxima-3-5s-al-tanner,86869585,"16,630 USD",11/05/2025 12:00 pm CST,2017,NISS,MAXIMA 3.5,3.5L  6,6,1N4AA6AP3HC******,CERTIFICATE OF TITLE,"101,371 N",NOT ACTUAL,FRONT END,0 USD,0 USD,0,AL - TANNER,0,N/A,N/A
https://www.copart.com/lot/86804785/salvage-2018-volkswagen-passat-se-al-tanner,86804785,"10,793 USD",11/05/2025 12:00 pm CST,2018,VOLK,PASSAT SE,2  L  4,4,1VWBA7A31JC******,SALVAGE CERTIFICATE,"105,760 A",ACTUAL,FRONT END,0 USD,0 USD,0,AL - TANNER,0,N/A,N/A
https://www.copart.com/lot/86591834/salvage-2019-ram-1500-laramie-al-tanner,86591834,"30,950 USD",11/05/2025 12:00 pm CST,2019,RAM,1500 LARAM,5.7L  8,8,1C6SRFJT4KN******,CERT OF TITLE-SALVAGE TITLE,"80,221 A",ACTUAL,SIDE,0 USD,0 USD,0,AL - TANNER,0,N/A,N/A
https://www.copart.com/lot/86546785/clean-title-2017-toyota-yaris-ia-al-tanner,86546785,"12,501 USD",11/05/2025 12:00 pm CST,2017,TOYT,YARIS IA,1.5L  4,4,3MYDLBYV9HY******,CERTIFICATE OF TITLE,"51,130 A",ACTUAL,FRONT END,0 USD,0 USD,0,AL - TANNER,0,N/A,N/A
https://www.copart.com/lot/86457825/clean-title-2021-nissan-maxima-platinum-al-tanner,86457825,"23,972 USD",11/05/2025 12:00 pm CST,2021,NISS,MAXIMA PLA,3.5L  6,6,1N4AA6FV8MC******,CERTIFICATE OF TITLE,"63,939 A",ACTUAL,FRONT END,0 USD,0 USD,0,AL - TANNER,0,N/A,N/A
https://www.copart.com/lot/86450305/salvage-2019-bmw-x1-sdrive28i-al-tanner,86450305,"17,975 USD",11/05/2025 12:00 pm CST,2019,BMW,X1 SDRIVE2,2.0L  4,4,WBXHU7C53K5******,CERT OF TITLE-SALVAGE TITLE,"52,914 A",ACTUAL,FRONT END,0 USD,0 USD,0,AL - TANNER,0,N/A,N/A
https://www.copart.com/lot/86301205/salvage-2016-toyota-camry-le-al-tanner,86301205,"10,789 USD",11/05/2025 12:00 pm CST,2016,TOYT,CAMRY LE,2.5L  4,4,4T1BF1FK8GU******,CERT OF TITLE-SALVAGE TITLE,"165,954 N",NOT ACTUAL,SIDE,0 USD,0 USD,0,AL - TANNER,0,N/A,N/A
https://www.copart.com/lot/86240325/clean-title-2017-dodge-journey-crossroad-al-tanner,86240325,$1 USD,11/05/2025 12:00 pm CST,2017,DODG,JOURNEY CR,3.6L  6,6,3C4PDCGG1HT******,CERTIFICATE OF TITLE,"200,615 A",ACTUAL,REAR END,0 USD,0 USD,0,AL - TANNER,0,N/A,N/A
https://www.copart.com/lot/86146515/salvage-2019-audi-a5-premium-al-tanner,86146515,"19,990 USD",11/05/2025 12:00 pm CST,2019,AUDI,A5 PREMIUM,2.0L  4,4,WAUANCF55KA******,CERT OF TITLE-SALVAGE TITLE,"65,310 A",ACTUAL,FRONT END,0 USD,0 USD,0,AL - TANNER,0,N/A,N/A
https://www.copart.com/lot/86135185/salvage-2016-toyota-camry-le-al-tanner,86135185,"12,945 USD",11/05/2025 12:00 pm CST,2016,TOYT,CAMRY LE,2.5L  4,4,4T4BF1FK8GR******,CERT OF TITLE-SALVAGE TITLE,"108,220 A",ACTUAL,SIDE,0 USD,0 USD,0,AL - TANNER,0,N/A,N/A
https://www.copart.com/lot/86106825/salvage-2015-chevrolet-silverado-k3500-ltz-al-tanner,86106825,"26,496 USD",11/05/2025 12:00 pm CST,2015,CHEV,SILVERADO,6.6L  8,8,1GC4K0C86FF******,CERT OF TITLE-SALVAGE TITLE,0 N,NOT ACTUAL,FRONT END,0 USD,0 USD,0,AL - TANNER,0,N/A,N/A
https://www.copart.com/lot/85892345/salvage-2016-chevrolet-malibu-lt-al-tanner,85892345,"7,608 USD",11/05/2025 12:00 pm CST,2016,CHEV,MALIBU LT,1.5L  4,4,1G1ZE5ST4GF******,CERT OF TITLE-SALVAGE TITLE,"167,006 A",ACTUAL,FRONT END,0 USD,0 USD,0,AL - TANNER,0,N/A,N/A
https://www.copart.com/lot/85878625/salvage-2016-chevrolet-spark-1lt-al-tanner,85878625,"7,045 USD",11/05/2025 12:00 pm CST,2016,CHEV,SPARK 1LT,1.4L  4,4,KL8CD6SA3GC******,CERT OF TITLE-SALVAGE TITLE,"102,832 A",ACTUAL,FRONT END,0 USD,0 USD,0,AL - TANNER,0,N/A,N/A
https://www.copart.com/lot/85866215/salvage-2019-honda-pilot-exl-al-tanner,85866215,"18,948 USD",11/05/2025 12:00 pm CST,2019,HOND,PILOT EXL,3.5L  6,6,5FNYF5H56KB******,CERT OF TITLE-SALVAGE TITLE,"113,133 N",NOT ACTUAL,FRONT END,0 USD,0 USD,0,AL - TANNER,0,N/A,N/A
https://www.copart.com/lot/85758875/salvage-2025-subaru-forester-wilderness-al-tanner,85758875,"36,550 USD",11/05/2025 12:00 pm CST,2025,SUBA,FORESTER W,2.5L  4,4,JF2SKAJC3SH******,CERT OF TITLE-SALVAGE TITLE,512 A,ACTUAL,FRONT END,125 USD,0 USD,0,AL - TANNER,0,N/A,N/A
https://www.copart.com/lot/85703745/salvage-2017-chevrolet-silverado-c1500-lt-al-tanner,85703745,"23,130 USD",11/05/2025 12:00 pm CST,2017,CHEV,SILVERADO,5.3L  8,8,1GCRCREC0HZ******,CERT OF TITLE-SALVAGE TITLE,"33,320 A",ACTUAL,FRONT END,0 USD,0 USD,0,AL - TANNER,0,N/A,N/A
https://www.copart.com/lot/85703445/salvage-2019-ford-escape-sel-al-tanner,85703445,"17,420 USD",11/05/2025 12:00 pm CST,2019,FORD,ESCAPE SEL,1.5L  4,4,1FMCU0HD4KU******,CERT OF TITLE-SALVAGE TITLE,0 N,NOT ACTUAL,FRONT END,0 USD,0 USD,0,AL - TANNER,0,N/A,N/A
https://www.copart.com/lot/85689415/salvage-2016-ford-f150-super-cab-al-tanner,85689415,"16,401 USD",11/05/2025 12:00 pm CST,2016,FORD,F150 SUPER,2.7L  6,6,1FTEX1EP0GK******,CERT OF TITLE-SALVAGE TITLE,"142,791 A",ACTUAL,FRONT END,0 USD,0 USD,0,AL - TANNER,0,N/A,N/A
https://www.copart.com/lot/85686325/salvage-2019-toyota-4runner-sr5sr5-premium-al-tanner,85686325,"27,941 USD",11/05/2025 12:00 pm CST,2019,TOYT,4RUNNER SR,4.0L  6,6,JTEBU5JR9K5******,CERT OF TITLE-SALVAGE TITLE,"101,161 A",ACTUAL,FRONT END,0 USD,0 USD,0,AL - TANNER,0,N/A,N/A
https://www.copart.com/lot/85647255/2015-mazda-cx-5-sport-al-tanner,85647255,"11,548 USD",11/05/2025 12:00 pm CST,2015,MAZD,CX-5 SPORT,2.0L  4,4,JM3KE2BE1F0******,CERT OF TITLE-PARTS ONLY SALVG,"110,086 A",ACTUAL,FRONT END,0 USD,0 USD,0,AL - TANNER,0,N/A,N/A
https://www.copart.com/lot/85582545/salvage-2019-lexus-rx-350-base-al-tanner,85582545,"31,387 USD",11/05/2025 12:00 pm CST,2019,LEXS,RX 350 BASE,3.5L  6,6,2T2ZZMCA9KC******,CERT OF TITLE-SALVAGE TITLE,"56,688 N",NOT ACTUAL,SIDE,0 USD,0 USD,0,AL - TANNER,0,N/A,N/A
https://www.copart.com/lot/85570025/salvage-2015-gmc-sierra-k1500-slt-al-tanner,85570025,"19,360 USD",11/05/2025 12:00 pm CST,2015,GMC,SIERRA K1500 SLT,5.3L  8,8,3GTU2VEC1FG******,CERT OF TITLE-SALVAGE TITLE,"187,303 A",ACTUAL,SIDE,0 USD,0 USD,0,AL - TANNER,0,N/A,N/A
https://www.copart.com/lot/85539085/salvage-2016-toyota-corolla-l-al-tanner,85539085,"8,425 USD",11/05/2025 12:00 pm CST,2016,TOYT,COROLLA L,1.8L  4,4,5YFBURHE0GP******,CERT OF TITLE-SALVAGE TITLE,"145,904 N",NOT ACTUAL,FRONT END,125 USD,0 USD,0,AL - TANNER,0,N/A,N/A
https://www.copart.com/lot/85366455/clean-title-2015-jeep-wrangler-unlimited-rubicon-al-tanner,85366455,"22,958 USD",11/05/2025 12:00 pm CST,2015,JEP,WRANGLER UNLIMITED RUBICON,3.6L  6,6,1C4BJWFG8FL******,CERTIFICATE OF TITLE,"112,844 A",ACTUAL,NORMAL WEAR,"1,950 USD",0 USD,0,AL - TANNER,0,N/A,N/A
https://www.copart.com/lot/85356725/salvage-2026-buick-encore-gx-preferred-al-tanner,85356725,"26,337 USD",11/05/2025 12:00 pm CST,2026,BUIC,ENCORE GX,1.3L  3,3,KL4AMBSL8TB******,CERT OF TITLE-SALVAGE TITLE,"4,324 A",ACTUAL,FRONT END,0 USD,0 USD,0,AL - TANNER,0,N/A,N/A
https://www.copart.com/lot/85346925/salvage-2025-lexus-es-350-base-al-tanner,85346925,"43,365 USD",11/05/2025 12:00 pm CST,2025,LEXS,ES 350 BAS,3.5L  6,6,58ADZ1B18SU******,CERT OF TITLE-SALVAGE TITLE,"7,651 A",ACTUAL,FRONT END,0 USD,0 USD,0,AL - TANNER,0,N/A,N/A
https://www.copart.com/lot/85302525/salvage-2017-dodge-durango-citadel-al-tanner,85302525,"19,296 USD",11/05/2025 12:00 pm CST,2017,DODG,DURANGO CI,5.7L  8,8,1C4SDHET8HC******,CERT OF TITLE-SALVAGE TITLE,"87,116 A",ACTUAL,FRONT END,0 USD,0 USD,0,AL - TANNER,0,N/A,N/A
https://www.copart.com/lot/85278725/salvage-2022-ford-f150-supercrew-al-tanner,85278725,"35,610 USD",11/05/2025 12:00 pm CST,2022,FORD,F150 SUPER,5.0L  8,8,1FTFW1E56NK******,CERT OF TITLE-SALVAGE TITLE,"62,739 A",ACTUAL,REAR END,125 USD,0 USD,0,AL - TANNER,0,N/A,N/A
https://www.copart.com/lot/85186275/salvage-2016-bmw-328-xi-sulev-al-tanner,85186275,"9,739 USD",11/05/2025 12:00 pm CST,2016,BMW,328 XI SUL,2.0L  4,4,WBA8E3C52GK******,CERT OF TITLE-SALVAGE TITLE,"130,838 A",ACTUAL,FRONT END,0 USD,0 USD,0,AL - TANNER,0,N/A,N/A
https://www.copart.com/lot/85160585/salvage-2018-hyundai-elantra-sel-al-tanner,85160585,"11,877 USD",11/05/2025 12:00 pm CST,2018,HYUN,ELANTRA SE,2.0L  4,4,5NPD84LF3JH******,CERT OF TITLE-SALVAGE TITLE,"65,360 A",ACTUAL,REAR END,0 USD,0 USD,0,AL - TANNER,0,N/A,N/A
https://www.copart.com/lot/85145555/clean-title-2018-honda-cr-v-exl-al-tanner,85145555,"19,355 USD",11/05/2025 12:00 pm CST,2018,HOND,CR-V EXL,1.5L  4,4,5J6RW1H85JL******,CERTIFICATE OF TITLE,"70,357 A",ACTUAL,FRONT END,0 USD,0 USD,0,AL - TANNER,0,N/A,N/A
https://www.copart.com/lot/85105325/salvage-2020-cadillac-xt6-premium-luxury-al-tanner,85105325,"29,438 USD",11/05/2025 12:00 pm CST,2020,CADI,XT6 PREMIU,3.6L  6,6,1GYKPCRS8LZ******,CERT OF TITLE-SALVAGE TITLE,"46,522 A",ACTUAL,REAR END,125 USD,0 USD,0,AL - TANNER,0,N/A,N/A
https://www.copart.com/lot/84975935/salvage-2019-nissan-maxima-s-al-tanner,84975935,"9,918 USD",11/05/2025 12:00 pm CST,2019,NISS,MAXIMA S,3.5L  6,6,1N4AA6AV8KC******,CERT OF TITLE-SALVAGE TITLE,"156,778 A",ACTUAL,FRONT END,0 USD,0 USD,0,AL - TANNER,0,N/A,N/A
https://www.copart.com/lot/84974645/salvage-2017-honda-civic-lx-al-tanner,84974645,"11,491 USD",11/05/2025 12:00 pm CST,2017,HOND,CIVIC LX,2.0L  4,4,2HGFC4B59HH******,CERT OF TITLE-SALVAGE TITLE,"108,589 A",ACTUAL,REAR END,125 USD,0 USD,0,AL - TANNER,0,N/A,N/A
https://www.copart.com/lot/84944925/salvage-2016-honda-cr-v-exl-al-tanner,84944925,"12,117 USD",11/05/2025 12:00 pm CST,2016,HOND,CR-V EXL,2.4L  4,4,5J6RM3H76GL******,CERT OF TITLE-SALVAGE TITLE,"146,856 A",ACTUAL,SIDE,175 USD,0 USD,0,AL - TANNER,0,N/A,N/A
https://www.copart.com/lot/84918845/salvage-2015-honda-accord-sport-al-tanner,84918845,"12,291 USD",11/05/2025 12:00 pm CST,2015,HOND,ACCORD SPORT,2.4L  4,4,1HGCR2E56FA******,CERT OF TITLE-SALVAGE TITLE,"127,723 N",NOT ACTUAL,FRONT END,0 USD,0 USD,0,AL - TANNER,0,N/A,N/A
https://www.copart.com/lot/84882515/salvage-2015-bentley-flying-spur-al-tanner,84882515,"69,743 USD",11/05/2025 12:00 pm CST,2015,BENT,FLYING SPU,6.0L 12,12,SCBEC9ZAXFC******,CERT OF TITLE-SALVAGE TITLE,"27,987 A",ACTUAL,REAR END,125 USD,0 USD,0,AL - TANNER,0,N/A,N/A
https://www.copart.com/lot/84878655/salvage-2015-chevrolet-malibu-ls-al-tanner,84878655,"6,522 USD",11/05/2025 12:00 pm CST,2015,CHEV,MALIBU LS,2.5L  4,4,1G11B5SL3FF******,CERT OF TITLE-SALVAGE TITLE,"141,960 N",NOT ACTUAL,FRONT END,0 USD,0 USD,0,AL - TANNER,0,N/A,N/A
https://www.copart.com/lot/84810415/salvage-2018-nissan-versa-s-al-tanner,84810415,"7,556 USD",11/05/2025 12:00 pm CST,2018,NISS,VERSA S,1.6L  4,4,3N1CN7AP2JK******,CERT OF TITLE-SALVAGE TITLE,"92,165 A",ACTUAL,FRONT END,0 USD,0 USD,0,AL - TANNER,0,N/A,N/A
https://www.copart.com/lot/84747395/salvage-2015-chevrolet-silverado-c1500-al-tanner,84747395,"15,368 USD",11/05/2025 12:00 pm CST,2015,CHEV,SILVERADO,5.3L  8,8,1GCRCPEC1FZ******,CERT OF TITLE-SALVAGE TITLE,"106,462 A",ACTUAL,REAR END,0 USD,0 USD,0,AL - TANNER,0,N/A,N/A
https://www.copart.com/lot/84733425/salvage-2017-hyundai-santa-fe-se-al-tanner,84733425,"11,939 USD",11/05/2025 12:00 pm CST,2017,HYUN,SANTA FE SE,3.3L  6,6,KM8SM4HF0HU******,CERT OF TITLE-SALVAGE TITLE,"90,423 A",ACTUAL,FRONT END,0 USD,0 USD,0,AL - TANNER,0,N/A,N/A
https://www.copart.com/lot/84728835/salvage-2015-toyota-highlander-le-al-tanner,84728835,"15,769 USD",11/05/2025 12:00 pm CST,2015,TOYT,HIGHLANDER,3.5L  6,6,5TDZKRFH8FS******,CERT OF TITLE-SALVAGE TITLE,"104,229 A",ACTUAL,FRONT END,0 USD,0 USD,0,AL - TANNER,0,N/A,N/A
https://www.copart.com/lot/84606575/salvage-2019-toyota-tundra-crewmax-sr5-al-tanner,84606575,"30,894 USD",11/05/2025 12:00 pm CST,2019,TOYT,TUNDRA CREWMAX SR5,5.7L  8,8,5TFDY5F17KX******,CERT OF TITLE-SALVAGE TITLE,"125,987 A",ACTUAL,FRONT END,0 USD,0 USD,0,AL - TANNER,0,N/A,N/A
https://www.copart.com/lot/84579915/salvage-2021-toyota-corolla-le-al-tanner,84579915,"15,420 USD",11/05/2025 12:00 pm CST,2021,TOYT,COROLLA LE,1.8L  4,4,5YFEPMAE2MP******,CERT OF TITLE-SALVAGE TITLE,"71,906 N",NOT ACTUAL,FRONT END,0 USD,0 USD,0,AL - TANNER,0,N/A,N/A
https://www.copart.com/lot/84570995/salvage-2019-honda-fit-lx-al-tanner,84570995,"10,464 USD",11/05/2025 12:00 pm CST,2019,HOND,FIT LX,1.5L  4,4,3HGGK5H49KM******,CERT OF TITLE-SALVAGE TITLE,"110,579 A",ACTUAL,REAR END,0 USD,0 USD,0,AL - TANNER,0,N/A,N/A
https://www.copart.com/lot/84559195/salvage-2020-toyota-rav4-le-al-tanner,84559195,"17,976 USD",11/05/2025 12:00 pm CST,2020,TOYT,RAV4 LE,2.5L  4,4,2T3H1RFV7LC******,CERT OF TITLE-SALVAGE TITLE,"160,907 N",NOT ACTUAL,FRONT END,0 USD,0 USD,0,AL - TANNER,0,N/A,N/A
https://www.copart.com/lot/84485115/salvage-2019-toyota-camry-xse-al-tanner,84485115,"16,274 USD",11/05/2025 12:00 pm CST,2019,TOYT,CAMRY XSE,2.5L  4,4,4T1B61HK8KU******,CERT OF TITLE-SALVAGE TITLE,"128,752 A",ACTUAL,FRONT END,0 USD,0 USD,0,AL - TANNER,0,N/A,N/A
https://www.copart.com/lot/84484565/salvage-2016-lincoln-mkx-reserve-al-tanner,84484565,"15,174 USD",11/05/2025 12:00 pm CST,2016,LINC,MKX RESERVE,3.7L  6,6,2LMPJ6LRXGB******,CERT OF TITLE-SALVAGE TITLE,"130,764 N",NOT ACTUAL,FRONT END,0 USD,0 USD,0,AL - TANNER,0,N/A,N/A
https://www.copart.com/lot/84477935/salvage-2016-chevrolet-trax-ls-al-tanner,84477935,"6,620 USD",11/05/2025 12:00 pm CST,2016,CHEV,TRAX LS,1.4L  4,4,3GNCJKSB0GL******,CERT OF TITLE-SALVAGE TITLE,"148,625 A",ACTUAL,FRONT END,0 USD,0 USD,0,AL - TANNER,0,N/A,N/A
https://www.copart.com/lot/84467785/salvage-2019-chevrolet-sonic-lt-al-tanner,84467785,"8,782 USD",11/05/2025 12:00 pm CST,2019,CHEV,SONIC LT,1.4L  4,4,1G1JD5SB3K4******,CERT OF TITLE-SALVAGE TITLE,"92,683 A",ACTUAL,SIDE,0 USD,0 USD,0,AL - TANNER,0,N/A,N/A
https://www.copart.com/lot/84432445/salvage-2019-hyundai-accent-se-al-tanner,84432445,"10,622 USD",11/05/2025 12:00 pm CST,2019,HYUN,ACCENT SE,1.6L  4,4,3KPC24A30KE******,CERT OF TITLE-SALVAGE TITLE,"26,627 A",ACTUAL,FRONT END,0 USD,0 USD,0,AL - TANNER,0,N/A,N/A
https://www.copart.com/lot/84400905/salvage-2022-kia-soul-lx-al-tanner,84400905,"18,573 USD",11/05/2025 12:00 pm CST,2022,KIA,SOUL LX,2.0L  4,4,KNDJ23AU9N7******,CERT OF TITLE-SALVAGE TITLE,"11,587 N",NOT ACTUAL,FRONT END,0 USD,0 USD,0,AL - TANNER,0,N/A,N/A
https://www.copart.com/lot/84392515/clean-title-2019-hyundai-tucson-se-al-tanner,84392515,"11,900 USD",11/05/2025 12:00 pm CST,2019,HYUN,TUCSON SE,2.0L  4,4,KM8J2CA40KU******,CERTIFICATE OF TITLE,"119,653 A",ACTUAL,REAR END,0 USD,0 USD,0,AL - TANNER,0,N/A,N/A
https://www.copart.com/lot/84383015/salvage-2015-chevrolet-tahoe-police-al-tanner,84383015,"13,178 USD",11/05/2025 12:00 pm CST,2015,CHEV,TAHOE POLI,5.3L  8,8,1GNLC2EC2FR******,CERT OF TITLE-SALVAGE TITLE,"127,605 A",ACTUAL,SIDE,0 USD,0 USD,0,AL - TANNER,0,N/A,N/A
https://www.copart.com/lot/84205435/clean-title-2016-honda-odyssey-se-al-tanner,84205435,"9,800 USD",11/05/2025 12:00 pm CST,2016,HOND,ODYSSEY SE,3.5L  6,6,5FNRL5H33GB******,CERTIFICATE OF TITLE,"217,838 A",ACTUAL,FRONT END,0 USD,0 USD,0,AL - TANNER,0,N/A,N/A
https://www.copart.com/lot/84205215/clean-title-2016-ford-explorer-sport-al-tanner,84205215,"10,900 USD",11/05/2025 12:00 pm CST,2016,FORD,EXPLORER S,3.5L  6,6,1FM5K8GT6GG******,CERTIFICATE OF TITLE,"238,645 A",ACTUAL,MECHANICAL,0 USD,0 USD,0,AL - TANNER,0,N/A,N/A
https://www.copart.com/lot/84168465/salvage-2016-ford-f150-supercrew-al-tanner,84168465,"16,257 USD",11/05/2025 12:00 pm CST,2016,FORD,F150 SUPERCREW,2.7L  6,6,1FTEW1CP8GK******,SALVAGE CERTIFICATE,"183,345 A",ACTUAL,FRONT END,0 USD,0 USD,0,AL - TANNER,0,N/A,N/A
https://www.copart.com/lot/84056135/salvage-2019-volkswagen-tiguan-se-al-tanner,84056135,"15,265 USD",11/05/2025 12:00 pm CST,2019,VOLK,TIGUAN SE,2.0L  4,4,3VV2B7AX2KM******,CERT OF TITLE-SALVAGE TITLE,"105,376 A",ACTUAL,FRONT END,0 USD,0 USD,0,AL - TANNER,0,N/A,N/A
https://www.copart.com/lot/84019975/salvage-2020-nissan-altima-sr-al-tanner,84019975,"18,030 USD",11/05/2025 12:00 pm CST,2020,NISS,ALTIMA SR,2.5L  4,4,1N4BL4CV2LC******,CERT OF TITLE-SALVAGE TITLE,"65,788 N",NOT ACTUAL,SIDE,0 USD,0 USD,0,AL - TANNER,0,N/A,N/A
https://www.copart.com/lot/83944855/salvage-2019-chevrolet-tahoe-police-al-tanner,83944855,"21,868 USD",11/05/2025 12:00 pm CST,2019,CHEV,TAHOE POLI,5.3L  8,8,1GNLCDEC2KR******,CERT OF TITLE-SALVAGE TITLE,"134,080 A",ACTUAL,FRONT END,0 USD,0 USD,0,AL - TANNER,0,N/A,N/A
https://www.copart.com/lot/83942475/salvage-2020-ram-1500-big-hornlone-star-al-tanner,83942475,"26,969 USD",11/05/2025 12:00 pm CST,2020,RAM,1500 BIG H,5.7L  8,8,1C6SRFFT5LN******,CERT OF TITLE-SALVAGE TITLE,"95,009 A",ACTUAL,FRONT END,125 USD,0 USD,0,AL - TANNER,0,N/A,N/A
https://www.copart.com/lot/83887575/salvage-2023-chevrolet-blazer-rs-al-tanner,83887575,"32,226 USD",11/05/2025 12:00 pm CST,2023,CHEV,BLAZER RS,3.6L  6,6,3GNKBERS9PS******,CERT OF TITLE-SALVAGE TITLE,"31,313 A",ACTUAL,SIDE,0 USD,0 USD,0,AL - TANNER,0,N/A,N/A
https://www.copart.com/lot/83878235/salvage-2021-toyota-camry-se-al-tanner,83878235,"19,555 USD",11/05/2025 12:00 pm CST,2021,TOYT,CAMRY SE,2.5L  4,4,4T1G11AK9MU******,CERT OF TITLE-SALVAGE TITLE,"78,340 A",ACTUAL,FRONT END,0 USD,0 USD,0,AL - TANNER,0,N/A,N/A
https://www.copart.com/lot/83842875/salvage-2017-nissan-maxima-3-5s-al-tanner,83842875,"11,881 USD",11/05/2025 12:00 pm CST,2017,NISS,MAXIMA 3.5S,3.5L  6,6,1N4AA6APXHC******,CERT OF TITLE-SALVAGE TITLE,"143,863 A",ACTUAL,REAR END,125 USD,0 USD,0,AL - TANNER,0,N/A,N/A
https://www.copart.com/lot/83819825/salvage-2019-nissan-versa-s-al-tanner,83819825,"7,875 USD",11/05/2025 12:00 pm CST,2019,NISS,VERSA S,1.6L  4,4,3N1CN7AP6KL******,CERT OF TITLE-SALVAGE TITLE,"106,927 N",NOT ACTUAL,FRONT END,375 USD,0 USD,0,AL - TANNER,0,N/A,N/A
https://www.copart.com/lot/83805205/salvage-2017-jaguar-f-pace-premium-al-tanner,83805205,"11,213 USD",11/05/2025 12:00 pm CST,2017,JAGU,F-PACE PREMIUM,2.0L  4,4,SADCJ2BN6HA******,CERT OF TITLE-SALVAGE TITLE,"204,022 N",NOT ACTUAL,MECHANICAL,0 USD,0 USD,0,AL - TANNER,0,N/A,N/A
https://www.copart.com/lot/82613025/clean-title-2016-ford-expedition-el-limited-al-tanner,82613025,"1,250 USD",11/05/2025 12:00 pm CST,2016,FORD,EXPEDITION,3.5L  6,6,1FMJK1KT6GE******,CERTIFICATE OF TITLE,"185,686 A",ACTUAL,STRIPPED,0 USD,0 USD,0,AL - TANNER,0,N/A,N/A
https://www.copart.com/lot/82440305/salvage-2017-toyota-camry-le-al-tanner,82440305,"9,702 USD",11/05/2025 12:00 pm CST,2017,TOYT,CAMRY LE,2.5L  4,4,4T1BF1FK0HU******,CERT OF TITLE-SALVAGE TITLE,"145,873 A",ACTUAL,FRONT END,0 USD,0 USD,0,AL - TANNER,0,N/A,N/A
https://www.copart.com/lot/82431745/salvage-2017-ford-focus-s-al-tanner,82431745,"8,011 USD",11/05/2025 12:00 pm CST,2017,FORD,FOCUS S,2.0L  4,4,1FADP3E20HL******,CERT OF TITLE-SALVAGE TITLE,"74,286 A",ACTUAL,REAR END,0 USD,0 USD,0,AL - TANNER,0,N/A,N/A
https://www.copart.com/lot/82314685/salvage-2015-acura-mdx-technology-al-tanner,82314685,"17,391 USD",11/05/2025 12:00 pm CST,2015,ACUR,MDX TECHNOLOGY,3.5L  6,6,5FRYD4H42FB******,CERT OF TITLE-SALVAGE TITLE,"59,851 A",ACTUAL,SIDE,125 USD,0 USD,0,AL - TANNER,0,N/A,N/A
https://www.copart.com/lot/82242255/salvage-2018-hyundai-accent-se-al-tanner,82242255,"5,437 USD",11/05/2025 12:00 pm CST,2018,HYUN,ACCENT SE,1.6L  4,4,3KPC24A37JE******,CERT OF TITLE-SALVAGE TITLE,0 N,NOT ACTUAL,FRONT END,0 USD,0 USD,0,AL - TANNER,0,N/A,N/A
https://www.copart.com/lot/82238025/salvage-2019-chevrolet-spark-ls-al-tanner,82238025,"4,602 USD",11/05/2025 12:00 pm CST,2019,CHEV,SPARK LS,1.4L  4,4,KL8CB6SAXKC******,CERT OF TITLE-SALVAGE TITLE,"135,049 A",ACTUAL,FRONT END,0 USD,0 USD,0,AL - TANNER,0,N/A,N/A
https://www.copart.com/lot/82163775/salvage-2024-chevrolet-silverado-k1500-custom-al-tanner,82163775,"38,170 USD",11/05/2025 12:00 pm CST,2024,CHEV,SILVERADO K1500 CUSTOM,2.7L  4,4,1GCPDBEK6RZ******,CERT OF TITLE-SALVAGE TITLE,"18,286 A",ACTUAL,REAR END,0 USD,0 USD,0,AL - TANNER,0,N/A,N/A
https://www.copart.com/lot/82145355/salvage-2015-toyota-highlander-limited-al-tanner,82145355,"20,364 USD",11/05/2025 12:00 pm CST,2015,TOYT,HIGHLANDER,3.5L  6,6,5TDDKRFH3FS******,CERT OF TITLE-SALVAGE TITLE,"94,464 A",ACTUAL,SIDE,0 USD,0 USD,0,AL - TANNER,0,N/A,N/A
https://www.copart.com/lot/82132925/salvage-2020-honda-fit-lx-al-tanner,82132925,"11,028 USD",11/05/2025 12:00 pm CST,2020,HOND,FIT LX,1.5L  4,4,3HGGK5H45LM******,CERT OF TITLE-SALVAGE TITLE,"134,703 A",ACTUAL,SIDE,0 USD,0 USD,0,AL - TANNER,0,N/A,N/A
https://www.copart.com/lot/82100775/salvage-2016-ford-f150-al-tanner,82100775,"20,181 USD",11/05/2025 12:00 pm CST,2016,FORD,F150,5.0L  8,8,1FTMF1EF1GK******,CERT OF TITLE-SALVAGE TITLE,"68,410 A",ACTUAL,FRONT END,125 USD,0 USD,0,AL - TANNER,0,N/A,N/A
https://www.copart.com/lot/82078135/salvage-2025-hyundai-tucson-sel-al-tanner,82078135,"29,585 USD",11/05/2025 12:00 pm CST,2025,HYUN,TUCSON SEL,2.5L  4,4,5NMJC3DE8SH******,CERT OF TITLE-SALVAGE TITLE,313 A,ACTUAL,REAR END,0 USD,0 USD,0,AL - TANNER,0,N/A,N/A
https://www.copart.com/lot/82053725/salvage-2015-ford-escape-se-al-tanner,82053725,"8,496 USD",11/05/2025 12:00 pm CST,2015,FORD,ESCAPE SE,1.6L  4,4,1FMCU9GX4FU******,CERT OF TITLE-SALVAGE TITLE,"113,329 N",NOT ACTUAL,REAR END,0 USD,0 USD,0,AL - TANNER,0,N/A,N/A
https://www.copart.com/lot/82051095/salvage-2016-nissan-altima-2-5-al-tanner,82051095,"13,249 USD",11/05/2025 12:00 pm CST,2016,NISS,ALTIMA 2.5,2.5L  4,4,1N4AL3AP9GC******,CERT OF TITLE-SALVAGE TITLE,"57,656 A",ACTUAL,REAR END,0 USD,0 USD,0,AL - TANNER,0,N/A,N/A
https://www.copart.com/lot/82046455/clean-title-2020-chevrolet-silverado-k1500-high-country-al-tanner,82046455,"32,506 USD",11/05/2025 12:00 pm CST,2020,CHEV,SILVERADO,3.0L  6,6,1GCUYHET4LZ******,CERTIFICATE OF TITLE,"109,649 A",ACTUAL,UNDERCARRIAGE,0 USD,0 USD,0,AL - TANNER,0,N/A,N/A
https://www.copart.com/lot/81913815/salvage-2017-nissan-frontier-s-al-tanner,81913815,"16,796 USD",11/05/2025 12:00 pm CST,2017,NISS,FRONTIER S,4.0L  6,6,1N6DD0ER2HN******,CERT OF TITLE-SALVAGE TITLE,"100,445 A",ACTUAL,FRONT END,0 USD,0 USD,0,AL - TANNER,0,N/A,N/A
https://www.copart.com/lot/81879265/salvage-2017-subaru-legacy-sport-al-tanner,81879265,"16,599 USD",11/05/2025 12:00 pm CST,2017,SUBA,LEGACY SPO,2.5L  4,4,4S3BNAS62H3******,CERT OF TITLE-SALVAGE TITLE,"47,666 A",ACTUAL,SIDE,0 USD,0 USD,0,AL - TANNER,0,N/A,N/A
https://www.copart.com/lot/81781385/salvage-2015-ford-other-al-tanner,81781385,"36,844 USD",11/05/2025 12:00 pm CST,2015,FORD,OTHER,6.7L  8,8,1FT7W2BT2FE******,CERT OF TITLE-SALVAGE TITLE,"97,992 A",ACTUAL,FRONT END,0 USD,0 USD,0,AL - TANNER,0,N/A,N/A
https://www.copart.com/lot/81741675/2016-infiniti-q50-red-sport-400-al-tanner,81741675,"10,625 USD",11/05/2025 12:00 pm CST,2016,INFI,Q50 RED SPORT 400,3.0L  6,6,JN1FV7AR6GM******,CERT OF TITLE-PARTS ONLY SALVG,"19,546 A",ACTUAL,REAR END,0 USD,0 USD,0,AL - TANNER,0,N/A,N/A
https://www.copart.com/lot/81675325/salvage-2020-nissan-maxima-s-al-tanner,81675325,"15,746 USD",11/05/2025 12:00 pm CST,2020,NISS,MAXIMA S,3.5L  6,6,1N4AA6BV9LC******,CERT OF TITLE-SALVAGE TITLE,"67,160 A",ACTUAL,FRONT END,0 USD,0 USD,0,AL - TANNER,0,N/A,N/A
https://www.copart.com/lot/81659835/salvage-2020-chevrolet-tahoe-police-al-tanner,81659835,"27,396 USD",11/05/2025 12:00 pm CST,2020,CHEV,TAHOE POLI,5.3L  8,8,1GNLCDEC0LR******,CERT OF TITLE-SALVAGE TITLE,"51,463 A",ACTUAL,FRONT END,0 USD,0 USD,0,AL - TANNER,0,N/A,N/A
https://www.copart.com/lot/81642425/salvage-2022-subaru-ascent-limited-al-tanner,81642425,"29,261 USD",11/05/2025 12:00 pm CST,2022,SUBA,ASCENT LIM,2.4L  4,4,4S4WMAPD1N3******,CERT OF TITLE-SALVAGE TITLE,"48,646 A",ACTUAL,SIDE,125 USD,0 USD,0,AL - TANNER,0,N/A,N/A
https://www.copart.com/lot/81515475/salvage-2019-nissan-pathfinder-s-al-tanner,81515475,"10,975 USD",11/05/2025 12:00 pm CST,2019,NISS,PATHFINDER S,3.5L  6,6,5N1DR2MN9KC******,CERT OF TITLE-SALVAGE TITLE,"182,113 N",NOT ACTUAL,FRONT END,0 USD,0 USD,0,AL - TANNER,0,N/A,N/A
https://www.copart.com/lot/81515295/salvage-2015-volkswagen-passat-s-al-tanner,81515295,"10,068 USD",11/05/2025 12:00 pm CST,2015,VOLK,PASSAT S,1.8L  4,4,1VWAS7A35FC******,CERT OF TITLE-SALVAGE TITLE,"59,307 A",ACTUAL,SIDE,0 USD,0 USD,0,AL - TANNER,0,N/A,N/A
https://www.copart.com/lot/81510335/salvage-2017-toyota-tacoma-access-cab-al-tanner,81510335,"24,707 USD",11/05/2025 12:00 pm CST,2017,TOYT,TACOMA ACC,3.5L  6,6,5TFSZ5ANXHX******,CERT OF TITLE SLVG REBUILDABLE,"75,413 A",ACTUAL,FRONT END,125 USD,0 USD,0,AL - TANNER,0,N/A,N/A
https://www.copart.com/lot/81496675/salvage-2020-chevrolet-silverado-k1500-lt-trail-boss-al-tanner,81496675,"31,963 USD",11/05/2025 12:00 pm CST,2020,CHEV,SILVERADO,6.2L  8,8,1GCPYFEL3LZ******,CERT OF TITLE-SALVAGE TITLE,"115,324 A",ACTUAL,FRONT END,0 USD,0 USD,0,AL - TANNER,0,N/A,N/A
https://www.copart.com/lot/81422355/salvage-2018-chevrolet-cruze-ls-al-tanner,81422355,"6,947 USD",11/05/2025 12:00 pm CST,2018,CHEV,CRUZE LS,1.4L  4,4,1G1BC5SM5J7******,CERT OF TITLE-SALVAGE TITLE,"166,194 A",ACTUAL,FRONT END,0 USD,0 USD,0,AL - TANNER,0,N/A,N/A
https://www.copart.com/lot/81325745/salvage-2019-cadillac-xt4-luxury-al-tanner,81325745,"17,101 USD",11/05/2025 12:00 pm CST,2019,CADI,XT4 LUXURY,2.0L  4,4,1GYAZAR49KF******,CERT OF TITLE-SALVAGE TITLE,0 N,NOT ACTUAL,SIDE,0 USD,0 USD,0,AL - TANNER,0,N/A,N/A
https://www.copart.com/lot/81299225/salvage-2019-bmw-x3-sdrive30i-al-tanner,81299225,"14,632 USD",11/05/2025 12:00 pm CST,2019,BMW,X3 SDRIVE30I,2.0L  4,4,5UXTR7C51KL******,CERT OF TITLE-SALVAGE TITLE,"95,089 A",ACTUAL,FRONT END,0 USD,0 USD,0,AL - TANNER,0,N/A,N/A
https://www.copart.com/lot/81269815/salvage-2017-nissan-rogue-sport-s-al-tanner,81269815,"17,898 USD",11/05/2025 12:00 pm CST,2017,NISS,ROGUE SPOR,2.0L  4,4,JN1BJ1CP5HW******,CERT OF TITLE-SALVAGE TITLE,0 N,NOT ACTUAL,FRONT END,0 USD,0 USD,0,AL - TANNER,0,N/A,N/A
https://www.copart.com/lot/81195525/salvage-2016-honda-civic-ex-al-tanner,81195525,"7,780 USD",11/05/2025 12:00 pm CST,2016,HOND,CIVIC EX,1.5L  4,4,19XFC1F31GE******,CERT OF TITLE-SALVAGE TITLE,"151,526 A",ACTUAL,FRONT END,0 USD,0 USD,0,AL - TANNER,0,N/A,N/A
https://www.copart.com/lot/81193835/salvage-2020-ford-explorer-al-tanner,81193835,"20,566 USD",11/05/2025 12:00 pm CST,2020,FORD,EXPLORER,2.3L  4,4,1FMSK8BH0LG******,CERT OF TITLE-SALVAGE TITLE,"59,707 A",ACTUAL,REAR END,125 USD,0 USD,0,AL - TANNER,0,N/A,N/A
https://www.copart.com/lot/81187845/salvage-2018-ford-explorer-xlt-al-tanner,81187845,"9,193 USD",11/05/2025 12:00 pm CST,2018,FORD,EXPLORER XLT,3.5L  6,6,1FM5K7D84JG******,CERT OF TITLE-SALVAGE TITLE,0 N,NOT ACTUAL,FRONT END,0 USD,0 USD,0,AL - TANNER,0,N/A,N/A
https://www.copart.com/lot/81144025/salvage-2019-hyundai-tucson-se-al-tanner,81144025,"13,616 USD",11/05/2025 12:00 pm CST,2019,HYUN,TUCSON SE,2.0L  4,4,KM8J23A46KU******,CERT OF TITLE-SALVAGE TITLE,"74,595 N",NOT ACTUAL,FRONT END,0 USD,0 USD,0,AL - TANNER,0,N/A,N/A
https://www.copart.com/lot/81065925/salvage-2017-mercedes-benz-gls-550-4matic-al-tanner,81065925,"16,263 USD",11/05/2025 12:00 pm CST,2017,MERZ,GLS 550 4M,4.7L  8,8,4JGDF7DE3HA******,CERT OF TITLE-SALVAGE TITLE,"159,076 A",ACTUAL,FRONT END,0 USD,0 USD,0,AL - TANNER,0,N/A,N/A
https://www.copart.com/lot/81062035/salvage-2019-ford-fiesta-se-al-tanner,81062035,"10,003 USD",11/05/2025 12:00 pm CST,2019,FORD,FIESTA SE,1.6L  4,4,3FADP4BJ1KM******,CERT OF TITLE-SALVAGE TITLE,"62,749 A",ACTUAL,REAR END,0 USD,0 USD,0,AL - TANNER,0,N/A,N/A
https://www.copart.com/lot/80999045/salvage-2019-acura-rdx-technology-al-tanner,80999045,"21,567 USD",11/05/2025 12:00 pm CST,2019,ACUR,RDX TECHNO,2.0L  4,4,5J8TC2H58KL******,CERT OF TITLE-SALVAGE TITLE,"90,837 A",ACTUAL,ROLLOVER,0 USD,0 USD,0,AL - TANNER,0,N/A,N/A
https://www.copart.com/lot/80860995/salvage-2015-hyundai-tucson-limited-al-tanner,80860995,"9,294 USD",11/05/2025 12:00 pm CST,2015,HYUN,TUCSON LIM,2.4L  4,4,KM8JU3AG6FU******,CERT OF TITLE-SALVAGE TITLE,"125,937 A",ACTUAL,FRONT END,0 USD,0 USD,0,AL - TANNER,0,N/A,N/A
https://www.copart.com/lot/80852595/salvage-2018-chevrolet-colorado-lt-al-tanner,80852595,"21,558 USD",11/05/2025 12:00 pm CST,2018,CHEV,COLORADO L,3.6L  6,6,1GCGTCENXJ1******,CERT OF TITLE-SALVAGE TITLE,"100,409 A",ACTUAL,SIDE,125 USD,0 USD,0,AL - TANNER,0,N/A,N/A
https://www.copart.com/lot/80846455/salvage-2024-toyota-camry-xse-al-tanner,80846455,"29,922 USD",11/05/2025 12:00 pm CST,2024,TOYT,CAMRY XSE,2.5L  4,4,4T1K61AK9RU******,CERT OF TITLE-SALVAGE TITLE,"27,642 A",ACTUAL,FRONT END,0 USD,0 USD,0,AL - TANNER,0,N/A,N/A
https://www.copart.com/lot/80842935/salvage-2018-kia-forte-lx-al-tanner,80842935,"10,904 USD",11/05/2025 12:00 pm CST,2018,KIA,FORTE LX,2.0L  4,4,3KPFL4A72JE******,CERT OF TITLE-SALVAGE TITLE,"93,996 N",NOT ACTUAL,FRONT END,0 USD,0 USD,0,AL - TANNER,0,N/A,N/A
https://www.copart.com/lot/80792625/salvage-2020-chevrolet-equinox-lt-al-tanner,80792625,"12,880 USD",11/05/2025 12:00 pm CST,2020,CHEV,EQUINOX LT,2.0L  4,4,3GNAXLEX7LL******,CERT OF TITLE-SALVAGE TITLE,"93,395 A",ACTUAL,FRONT END,0 USD,0 USD,0,AL - TANNER,0,N/A,N/A
https://www.copart.com/lot/80759875/salvage-2021-hyundai-elantra-se-al-tanner,80759875,"12,396 USD",11/05/2025 12:00 pm CST,2021,HYUN,ELANTRA SE,2.0L  4,4,5NPLL4AG8MH******,CERT OF TITLE-SALVAGE TITLE,"149,781 N",NOT ACTUAL,FRONT END,0 USD,0 USD,0,AL - TANNER,0,N/A,N/A
https://www.copart.com/lot/80755724/salvage-2018-honda-cr-v-ex-al-tanner,80755724,"25,153 USD",11/05/2025 12:00 pm CST,2018,HOND,CR-V EX,1.5L  4,4,5J6RW1H51JL******,SALVAGE CERTIFICATE OF TITLE,0 N,NOT ACTUAL,STRIPPED,0 USD,0 USD,0,AL - TANNER,0,N/A,N/A
https://www.copart.com/lot/80738185/2015-ford-f250-super-duty-al-tanner,80738185,"27,238 USD",11/05/2025 12:00 pm CST,2015,FORD,F250 SUPER DUTY,6.7L  8,8,1FT7W2BT9FE******,CERT OF TITLE-PARTS ONLY SALVG,0 N,NOT ACTUAL,BURN,125 USD,0 USD,0,AL - TANNER,0,N/A,N/A
https://www.copart.com/lot/80695135/salvage-2022-toyota-corolla-se-al-tanner,80695135,"18,839 USD",11/05/2025 12:00 pm CST,2022,TOYT,COROLLA SE,2.0L  4,4,JTND4MBE2N3******,CERT OF TITLE-SALVAGE TITLE,"81,411 A",ACTUAL,SIDE,0 USD,0 USD,0,AL - TANNER,0,N/A,N/A
https://www.copart.com/lot/80675765/salvage-2019-ram-1500-classic-tradesman-al-tanner,80675765,"17,956 USD",11/05/2025 12:00 pm CST,2019,RAM,1500 CLASS,3.6L  6,6,1C6RR6FG6KS******,CERT OF TITLE-SALVAGE TITLE,"93,530 A",ACTUAL,FRONT END,0 USD,0 USD,0,AL - TANNER,0,N/A,N/A
https://www.copart.com/lot/80667365/salvage-2017-nissan-rogue-s-al-tanner,80667365,"8,294 USD",11/05/2025 12:00 pm CST,2017,NISS,ROGUE S,2.5L  4,4,5N1AT2MT6HC******,CERT OF TITLE-SALVAGE TITLE,"91,214 A",ACTUAL,REAR END,0 USD,0 USD,0,AL - TANNER,0,N/A,N/A
https://www.copart.com/lot/80656705/salvage-2018-nissan-rogue-s-al-tanner,80656705,"8,197 USD",11/05/2025 12:00 pm CST,2018,NISS,ROGUE S,2.5L  4,4,5N1AT2MTXJC******,CERT OF TITLE-SALVAGE TITLE,"137,768 A",ACTUAL,FRONT END,0 USD,0 USD,0,AL - TANNER,0,N/A,N/A
https://www.copart.com/lot/80566115/salvage-2017-ford-expedition-limited-al-tanner,80566115,"12,522 USD",11/05/2025 12:00 pm CST,2017,FORD,EXPEDITION,3.5L  6,6,1FMJU1KT9HE******,CERT OF TITLE-SALVAGE TITLE,"169,746 A",ACTUAL,HAIL,0 USD,0 USD,0,AL - TANNER,0,N/A,N/A
https://www.copart.com/lot/80482895/salvage-2019-honda-hr-v-sport-al-tanner,80482895,"13,818 USD",11/05/2025 12:00 pm CST,2019,HOND,HR-V SPORT,1.8L  4,4,3CZRU5H15KG******,CERT OF TITLE-SALVAGE TITLE,"111,757 A",ACTUAL,FRONT END,0 USD,0 USD,0,AL - TANNER,0,N/A,N/A
https://www.copart.com/lot/80463955/salvage-2018-subaru-impreza-premium-plus-al-tanner,80463955,"11,943 USD",11/05/2025 12:00 pm CST,2018,SUBA,IMPREZA PREMIUM PLUS,2.0L  4,4,4S3GTAD61J3******,CERT OF TITLE-SALVAGE TITLE,"187,170 N",NOT ACTUAL,SIDE,0 USD,0 USD,0,AL - TANNER,0,N/A,N/A
https://www.copart.com/lot/80389415/salvage-2018-nissan-rogue-sport-s-al-tanner,80389415,"11,486 USD",11/05/2025 12:00 pm CST,2018,NISS,ROGUE SPOR,2.0L  4,4,JN1BJ1CPXJW******,CERT OF TITLE-SALVAGE TITLE,"97,033 A",ACTUAL,SIDE,0 USD,0 USD,0,AL - TANNER,0,N/A,N/A
https://www.copart.com/lot/80367265/salvage-2017-nissan-maxima-3-5s-al-tanner,80367265,"13,829 USD",11/05/2025 12:00 pm CST,2017,NISS,MAXIMA 3.5S,3.5L  6,6,1N4AA6AP4HC******,CERT OF TITLE-SALVAGE TITLE,0 N,NOT ACTUAL,FRONT END,0 USD,0 USD,0,AL - TANNER,0,N/A,N/A
https://www.copart.com/lot/80335825/salvage-2015-ford-explorer-al-tanner,80335825,"6,726 USD",11/05/2025 12:00 pm CST,2015,FORD,EXPLORER,3.5L  6,6,1FM5K7B86FG******,CERT OF TITLE-SALVAGE TITLE,"185,448 N",NOT ACTUAL,FRONT END,125 USD,0 USD,0,AL - TANNER,0,N/A,N/A
https://www.copart.com/lot/80326105/salvage-2021-honda-hr-v-lx-al-tanner,80326105,"17,767 USD",11/05/2025 12:00 pm CST,2021,HOND,HR-V LX,1.8L  4,4,3CZRU5H3XMM******,CERT OF TITLE-SALVAGE TITLE,"68,349 N",NOT ACTUAL,SIDE,0 USD,0 USD,0,AL - TANNER,0,N/A,N/A
https://www.copart.com/lot/80308785/salvage-2020-ford-f150-raptor-al-tanner,80308785,"48,318 USD",11/05/2025 12:00 pm CST,2020,FORD,F150 RAPTO,3.5L  6,6,1FTFW1RG0LF******,CERT OF TITLE-SALVAGE TITLE,"83,669 A",ACTUAL,SIDE,0 USD,0 USD,0,AL - TANNER,0,N/A,N/A
https://www.copart.com/lot/80275755/salvage-2016-ford-explorer-xlt-al-tanner,80275755,"13,069 USD",11/05/2025 12:00 pm CST,2016,FORD,EXPLORER XLT,2.3L  4,4,1FM5K7DH7GG******,CERT OF TITLE-SALVAGE TITLE,"125,214 N",NOT ACTUAL,FRONT END,0 USD,0 USD,0,AL - TANNER,0,N/A,N/A
https://www.copart.com/lot/80215365/salvage-2019-toyota-camry-xse-al-tanner,80215365,"18,665 USD",11/05/2025 12:00 pm CST,2019,TOYT,CAMRY XSE,2.5L  4,4,4T1B61HK2KU******,CERT OF TITLE-SALVAGE TITLE,"138,150 N",NOT ACTUAL,FRONT END,0 USD,0 USD,0,AL - TANNER,0,N/A,N/A
https://www.copart.com/lot/80210055/salvage-2019-toyota-rav4-le-al-tanner,80210055,"23,192 USD",11/05/2025 12:00 pm CST,2019,TOYT,RAV4 LE,2.5L  4,4,2T3F1RFV0KC******,CERT OF TITLE-SALVAGE TITLE,"50,845 A",ACTUAL,FRONT END,0 USD,0 USD,0,AL - TANNER,0,N/A,N/A
https://www.copart.com/lot/80195405/salvage-2018-infiniti-q60-luxe-300-al-tanner,80195405,"23,835 USD",11/05/2025 12:00 pm CST,2018,INFI,Q60 LUXE 300,3.0L  6,6,JN1EV7EL1JM******,CERT OF TITLE-SALVAGE TITLE,"52,903 N",NOT ACTUAL,MECHANICAL,0 USD,0 USD,0,AL - TANNER,0,N/A,N/A
https://www.copart.com/lot/80189975/salvage-2018-nissan-altima-2-5-al-tanner,80189975,"10,057 USD",11/05/2025 12:00 pm CST,2018,NISS,ALTIMA 2.5,2.5L  4,4,1N4AL3AP3JC******,CERT OF TITLE-SALVAGE TITLE,"152,240 A",ACTUAL,REAR END,125 USD,0 USD,0,AL - TANNER,0,N/A,N/A
https://www.copart.com/lot/80188775/salvage-2016-honda-cr-v-touring-al-tanner,80188775,"13,679 USD",11/05/2025 12:00 pm CST,2016,HOND,CR-V TOURI,2.4L  4,4,5J6RM3H92GL******,CERT OF TITLE-SALVAGE TITLE,"166,816 A",ACTUAL,SIDE,0 USD,0 USD,0,AL - TANNER,0,N/A,N/A
https://www.copart.com/lot/80090905/salvage-2015-nissan-quest-s-al-tanner,80090905,"3,572 USD",11/05/2025 12:00 pm CST,2015,NISS,QUEST S,3.5L  6,6,JN8AE2KP5F9******,CERT OF TITLE-SALVAGE TITLE,0 N,NOT ACTUAL,ROLLOVER,0 USD,0 USD,0,AL - TANNER,0,N/A,N/A
https://www.copart.com/lot/80021485/salvage-2019-dodge-journey-se-al-tanner,80021485,"7,838 USD",11/05/2025 12:00 pm CST,2019,DODG,JOURNEY SE,2.4L  4,4,3C4PDCBB1KT******,CERT OF TITLE-SALVAGE TITLE,"141,959 A",ACTUAL,FRONT END,0 USD,0 USD,0,AL - TANNER,0,N/A,N/A
https://www.copart.com/lot/78699854/clean-title-2024-ford-f250-super-duty-al-tanner,78699854,"54,342 USD",11/05/2025 12:00 pm CST,2024,FORD,F250 SUPER,6.8L  8,8,1FT7W2BA8RE******,CERTIFICATE OF TITLE,"1,776 A",ACTUAL,FRONT END,"12,900 USD",0 USD,0,AL - TANNER,0,N/A,N/A
https://www.copart.com/lot/72093545/salvage-2018-toyota-camry-l-al-tanner,72093545,"14,370 USD",11/05/2025 12:00 pm CST,2018,TOYT,CAMRY L,2.5L  4,4,4T1B11HK7JU******,CERT OF TITLE-SALVAGE TITLE,"137,878 N",NOT ACTUAL,FRONT END,"3,050 USD",0 USD,0,AL - TANNER,0,N/A,N/A
https://www.copart.com/lot/72040915/salvage-2019-ford-fusion-se-al-tanner,72040915,"11,859 USD",11/05/2025 12:00 pm CST,2019,FORD,FUSION SE,1.5L  4,4,3FA6P0HD4KR******,CERT OF TITLE-SALVAGE TITLE,"83,677 A",ACTUAL,FRONT END,0 USD,0 USD,0,AL - TANNER,0,N/A,N/A
https://www.copart.com/lot/71991755/salvage-2023-dodge-challenger-gt-al-tanner,71991755,"22,383 USD",11/05/2025 12:00 pm CST,2023,DODG,CHALLENGER GT,3.6L  6,6,2C3CDZJG9PH******,CERT OF TITLE-SALVAGE TITLE,"68,971 N",NOT ACTUAL,FRONT END,0 USD,0 USD,0,AL - TANNER,0,N/A,N/A
https://www.copart.com/lot/71958045/salvage-2022-toyota-corolla-le-al-tanner,71958045,"15,942 USD",11/05/2025 12:00 pm CST,2022,TOYT,COROLLA LE,1.8L  4,4,JTDEPMAE6NJ******,CERT OF TITLE-SALVAGED,"38,338 A",ACTUAL,FRONT END,125 USD,0 USD,0,AL - TANNER,0,N/A,N/A
https://www.copart.com/lot/71892335/salvage-2016-toyota-corolla-l-al-tanner,71892335,"10,376 USD",11/05/2025 12:00 pm CST,2016,TOYT,COROLLA L,1.8L  4,4,2T1BURHE0GC******,CERT OF TITLE-SALVAGE TITLE,"108,654 A",ACTUAL,FRONT END,0 USD,0 USD,0,AL - TANNER,0,N/A,N/A
https://www.copart.com/lot/71880985/salvage-2016-bmw-x3-xdrive28i-al-tanner,71880985,"11,423 USD",11/05/2025 12:00 pm CST,2016,BMW,X3 XDRIVE28I,2.0L  4,4,5UXWX9C55G0******,CERT OF TITLE-SALVAGE TITLE,"128,737 A",ACTUAL,REAR END,0 USD,0 USD,0,AL - TANNER,0,N/A,N/A
https://www.copart.com/lot/71813805/clean-title-2017-nissan-maxima-3-5s-al-tanner,71813805,"14,525 USD",11/05/2025 12:00 pm CST,2017,NISS,MAXIMA 3.5,3.5L  6,6,1N4AA6AP2HC******,CERTIFICATE OF TITLE,"114,501 A",ACTUAL,FRONT END,0 USD,0 USD,0,AL - TANNER,0,N/A,N/A
https://www.copart.com/lot/71713615/salvage-2023-chrysler-pacifica-touring-l-al-tanner,71713615,"21,752 USD",11/05/2025 12:00 pm CST,2023,CHRY,PACIFICA T,3.6L  6,6,2C4RC1BG5PR******,CERT OF TITLE-SALVAGE TITLE,"59,020 A",ACTUAL,FRONT END,0 USD,0 USD,0,AL - TANNER,0,N/A,N/A
https://www.copart.com/lot/71627155/salvage-2022-kia-forte-fe-al-tanner,71627155,"14,642 USD",11/05/2025 12:00 pm CST,2022,KIA,FORTE FE,2.0L  4,4,3KPF24AD0NE******,CERT OF TITLE-SALVAGE TITLE,"76,565 A",ACTUAL,FRONT END,0 USD,0 USD,0,AL - TANNER,0,N/A,N/A
https://www.copart.com/lot/71596675/salvage-2025-kia-soul-lx-al-tanner,71596675,"18,461 USD",11/05/2025 12:00 pm CST,2025,KIA,SOUL LX,2.0L  4,4,KNDJ23AU5S7******,CERT OF TITLE-SALVAGE TITLE,"26,781 A",ACTUAL,FRONT END,0 USD,0 USD,0,AL - TANNER,0,N/A,N/A
https://www.copart.com/lot/71591515/salvage-2025-toyota-corolla-le-al-tanner,71591515,"20,798 USD",11/05/2025 12:00 pm CST,2025,TOYT,COROLLA LE,2.0L  4,4,5YFB4MDE5SP******,CERT OF TITLE-SALVAGE TITLE,"5,784 A",ACTUAL,REAR END,0 USD,0 USD,0,AL - TANNER,0,N/A,N/A
https://www.copart.com/lot/71524455/salvage-2016-honda-odyssey-exl-al-tanner,71524455,"8,251 USD",11/05/2025 12:00 pm CST,2016,HOND,ODYSSEY EX,3.5L  6,6,5FNRL5H6XGB******,CERT OF TITLE-SALVAGE TITLE,"216,700 A",ACTUAL,ROLLOVER,0 USD,0 USD,0,AL - TANNER,0,N/A,N/A
https://www.copart.com/lot/71456145/salvage-2015-bmw-228-i-al-tanner,71456145,"13,295 USD",11/05/2025 12:00 pm CST,2015,BMW,228 I,2.0L  4,4,WBA1K5C57FV******,CERT OF TITLE-SALVAGE TITLE,"151,201 A",ACTUAL,FRONT END,0 USD,0 USD,0,AL - TANNER,0,N/A,N/A
https://www.copart.com/lot/71435115/salvage-2017-gmc-sierra-k1500-slt-al-tanner,71435115,"23,947 USD",11/05/2025 12:00 pm CST,2017,GMC,SIERRA K1500 SLT,5.3L  8,8,1GTV2NEC6HZ******,CERT OF TITLE-SALVAGE TITLE,"131,724 A",ACTUAL,FRONT END,0 USD,0 USD,0,AL - TANNER,0,N/A,N/A
https://www.copart.com/lot/71321925/salvage-2016-toyota-prius-al-tanner,71321925,"9,224 USD",11/05/2025 12:00 pm CST,2016,TOYT,PRIUS,1.8L  4,4,JTDKBRFU4G3******,CERT OF TITLE-SALVAGE TITLE,"86,293 N",NOT ACTUAL,REAR END,0 USD,0 USD,0,AL - TANNER,0,N/A,N/A
https://www.copart.com/lot/71272825/salvage-2023-jeep-grand-cherokee-limited-al-tanner,71272825,"37,265 USD",11/05/2025 12:00 pm CST,2023,JEP,GRAND CHEROKEE LIMITED,3.6L  6,6,1C4RJHBGXPC******,CERT OF TITLE-SALVAGE TITLE,"15,121 A",ACTUAL,MINOR DENT/SCRATCHES,125 USD,0 USD,0,AL - TANNER,0,N/A,N/A
https://www.copart.com/lot/71265815/salvage-2017-acura-mdx-technology-al-tanner,71265815,"13,733 USD",11/05/2025 12:00 pm CST,2017,ACUR,MDX TECHNO,3.5L  6,6,5FRYD3H58HB******,CERT OF TITLE-SALVAGE TITLE,"143,677 A",ACTUAL,FRONT END,0 USD,0 USD,0,AL - TANNER,0,N/A,N/A
https://www.copart.com/lot/71214635/salvage-2017-hyundai-ioniq-blue-al-tanner,71214635,"5,161 USD",11/05/2025 12:00 pm CST,2017,HYUN,IONIQ BLUE,1.6L  4,4,KMHC65LC2HU******,CERT OF TITLE-SALVAGE TITLE,"154,886 N",NOT ACTUAL,ALL OVER,0 USD,0 USD,0,AL - TANNER,0,N/A,N/A
https://www.copart.com/lot/71072565/salvage-2020-land-rover-range-rover-velar-r-dynamic-s-al-tanner,71072565,"31,281 USD",11/05/2025 12:00 pm CST,2020,LAND,RANGE ROVE,2.0L  4,4,SALYK2EX1LA******,CERT OF TITLE-SALVAGE TITLE,"33,720 A",ACTUAL,FRONT END,125 USD,0 USD,0,AL - TANNER,0,N/A,N/A
https://www.copart.com/lot/71021615/salvage-2017-toyota-rav4-xle-al-tanner,71021615,"16,177 USD",11/05/2025 12:00 pm CST,2017,TOYT,RAV4 XLE,2.5L  4,4,JTMWFREV4HD******,CERT OF TITLE-SALVAGE TITLE,"129,208 A",ACTUAL,FRONT END,0 USD,0 USD,0,AL - TANNER,0,N/A,N/A
https://www.copart.com/lot/70902225/clean-title-2017-kia-sorento-lx-al-tanner,70902225,"9,100 USD",11/05/2025 12:00 pm CST,2017,KIA,SORENTO LX,3.3L  6,6,5XYPGDA50HG******,CERTIFICATE OF TITLE,"192,602 A",ACTUAL,FRONT END,0 USD,0 USD,0,AL - TANNER,0,N/A,N/A
https://www.copart.com/lot/70836205/clean-title-2016-ford-escape-se-al-tanner,70836205,$1 USD,11/05/2025 12:00 pm CST,2016,FORD,ESCAPE SE,1.6L  4,4,1FMCU9GX1GU******,CERTIFICATE OF TITLE,"173,356 A",ACTUAL,NORMAL WEAR,0 USD,0 USD,0,AL - TANNER,0,N/A,N/A
https://www.copart.com/lot/70759425/salvage-2016-mazda-6-sport-al-tanner,70759425,"13,317 USD",11/05/2025 12:00 pm CST,2016,MAZD,6 SPORT,2.5L  4,4,JM1GJ1U5XG1******,CERT OF TITLE-SALVAGE TITLE,"68,182 N",NOT ACTUAL,FRONT END,0 USD,0 USD,0,AL - TANNER,0,N/A,N/A
https://www.copart.com/lot/70721735/2015-buick-regal-al-tanner,70721735,"9,028 USD",11/05/2025 12:00 pm CST,2015,BUIC,REGAL,2.4L  4,4,2G4GV5EK1F9******,CERT OF TITLE-PARTS ONLY SALVG,0 N,NOT ACTUAL,BURN - INTERIOR,125 USD,0 USD,0,AL - TANNER,0,N/A,N/A
https://www.copart.com/lot/70683985/salvage-2022-toyota-tacoma-double-cab-al-tanner,70683985,"46,253 USD",11/05/2025 12:00 pm CST,2022,TOYT,TACOMA DOUBLE CAB,3.5L  6,6,3TYCZ5AN8NT******,CERT OF TITLE-SALVAGE TITLE,0 N,NOT ACTUAL,ROLLOVER,"4,600 USD",0 USD,0,AL - TANNER,0,N/A,N/A
https://www.copart.com/lot/70636645/salvage-2022-volkswagen-taos-se-al-tanner,70636645,"22,955 USD",11/05/2025 12:00 pm CST,2022,VOLK,TAOS SE,1.5L  4,4,3VVTX7B21NM******,CERT OF TITLE-SALVAGE TITLE,0 N,NOT ACTUAL,SIDE,0 USD,0 USD,0,AL - TANNER,0,N/A,N/A
https://www.copart.com/lot/70588535/salvage-2018-lexus-rx-350-l-al-tanner,70588535,"24,896 USD",11/05/2025 12:00 pm CST,2018,LEXS,RX 350 L,3.5L  6,6,JTJDZKCAXJ2******,CERT OF TITLE-SALVAGE TITLE,"131,890 A",ACTUAL,FRONT END,0 USD,0 USD,0,AL - TANNER,0,N/A,N/A
https://www.copart.com/lot/70584715/salvage-2019-chevrolet-silverado-k1500-al-tanner,70584715,"21,163 USD",11/05/2025 12:00 pm CST,2019,CHEV,SILVERADO,4.3L  6,6,3GCNYAEHXKG******,CERT OF TITLE-SALVAGE TITLE,"89,285 A",ACTUAL,ALL OVER,0 USD,0 USD,0,AL - TANNER,0,N/A,N/A
https://www.copart.com/lot/70572645/salvage-2016-nissan-maxima-3-5s-al-tanner,70572645,"10,384 USD",11/05/2025 12:00 pm CST,2016,NISS,MAXIMA 3.5,3.5L  6,6,1N4AA6APXGC******,CERT OF TITLE-SALVAGE TITLE,"142,006 A",ACTUAL,REAR END,0 USD,0 USD,0,AL - TANNER,0,N/A,N/A
https://www.copart.com/lot/70560075/2021-ford-escape-sel-al-tanner,70560075,"20,740 USD",11/05/2025 12:00 pm CST,2021,FORD,ESCAPE SEL,1.5L  3,3,1FMCU0H6XMU******,CERT OF TITLE-PARTS ONLY SALVG,0 N,NOT ACTUAL,BURN,125 USD,0 USD,0,AL - TANNER,0,N/A,N/A
https://www.copart.com/lot/70384725/salvage-2016-mazda-cx-5-touring-al-tanner,70384725,"10,182 USD",11/05/2025 12:00 pm CST,2016,MAZD,CX-5 TOURI,2.5L  4,4,JM3KE4CY4G0******,CERT OF TITLE-SALVAGE TITLE,"136,501 A",ACTUAL,FRONT END,0 USD,0 USD,0,AL - TANNER,0,N/A,N/A
https://www.copart.com/lot/70372465/salvage-2019-ford-f150-supercrew-al-tanner,70372465,"23,126 USD",11/05/2025 12:00 pm CST,2019,FORD,F150 SUPERCREW,5.0L  8,8,1FTEW1E56KK******,CERT OF TITLE-SALVAGE TITLE,"190,200 A",ACTUAL,ROLLOVER,0 USD,0 USD,0,AL - TANNER,0,N/A,N/A
https://www.copart.com/lot/70214915/salvage-2018-ford-escape-s-al-tanner,70214915,"11,525 USD",11/05/2025 12:00 pm CST,2018,FORD,ESCAPE S,2.5L  4,4,1FMCU0F78JU******,CERT OF TITLE-SALVAGE TITLE,"81,538 A",ACTUAL,FRONT END,0 USD,0 USD,0,AL - TANNER,0,N/A,N/A
https://www.copart.com/lot/69858965/salvage-2019-ford-fusion-titanium-al-tanner,69858965,"12,157 USD",11/05/2025 12:00 pm CST,2019,FORD,FUSION TIT,2.0L  4,4,3FA6P0D94KR******,CERT OF TITLE-SALVAGE TITLE,"101,511 A",ACTUAL,FRONT END,0 USD,0 USD,0,AL - TANNER,0,N/A,N/A
https://www.copart.com/lot/69857365/2017-ford-fusion-se-al-tanner,69857365,"10,136 USD",11/05/2025 12:00 pm CST,2017,FORD,FUSION SE,2.0L  4,4,3FA6P0H93HR******,CERT OF TITLE-PARTS ONLY SALVG,0 N,NOT ACTUAL,BURN,0 USD,0 USD,0,AL - TANNER,0,N/A,N/A
https://www.copart.com/lot/69617535/salvage-2016-jeep-grand-cherokee-overland-al-tanner,69617535,"11,749 USD",11/05/2025 12:00 pm CST,2016,JEP,GRAND CHEROKEE OVERLAND,3.6L  6,6,1C4RJECG5GC******,CERT OF TITLE-SALVAGE TITLE,"170,696 N",NOT ACTUAL,FRONT END,0 USD,0 USD,0,AL - TANNER,0,N/A,N/A
https://www.copart.com/lot/69610095/salvage-2021-kia-forte-fe-al-tanner,69610095,"12,926 USD",11/05/2025 12:00 pm CST,2021,KIA,FORTE FE,2.0L  4,4,3KPF24AD8ME******,CERT OF TITLE-SALVAGE TITLE,"64,815 A",ACTUAL,FRONT END,0 USD,0 USD,0,AL - TANNER,0,N/A,N/A
https://www.copart.com/lot/69469815/salvage-2017-honda-accord-sport-al-tanner,69469815,"12,571 USD",11/05/2025 12:00 pm CST,2017,HOND,ACCORD SPORT,2.4L  4,4,1HGCR2F59HA******,CERT OF TITLE-SALVAGE TITLE,"114,482 A",ACTUAL,SIDE,0 USD,0 USD,0,AL - TANNER,0,N/A,N/A
https://www.copart.com/lot/69422295/salvage-2018-infiniti-qx60-al-tanner,69422295,"14,120 USD",11/05/2025 12:00 pm CST,2018,INFI,QX60,3.5L  6,6,5N1DL0MN4JC******,CERT OF TITLE-SALVAGE TITLE,"107,866 A",ACTUAL,FRONT END,0 USD,0 USD,0,AL - TANNER,0,N/A,N/A
https://www.copart.com/lot/68973225/salvage-2015-chevrolet-malibu-2lt-al-tanner,68973225,"6,246 USD",11/05/2025 12:00 pm CST,2015,CHEV,MALIBU 2LT,2.5L  4,4,1G11D5SL4FF******,CERT OF TITLE-SALVAGE TITLE,"197,128 A",ACTUAL,FRONT END,0 USD,0 USD,0,AL - TANNER,0,N/A,N/A
https://www.copart.com/lot/68943225/salvage-2019-gmc-sierra-k1500-at4-al-tanner,68943225,"37,773 USD",11/05/2025 12:00 pm CST,2019,GMC,SIERRA K1500 AT4,6.2L  8,8,3GTP9EEL9KG******,CERT OF TITLE-SALVAGE TITLE,"113,894 N",NOT ACTUAL,FRONT END,100 USD,0 USD,0,AL - TANNER,0,N/A,N/A
https://www.copart.com/lot/68742075/salvage-2022-ford-f250-super-duty-al-tanner,68742075,"34,680 USD",11/05/2025 12:00 pm CST,2022,FORD,F250 SUPER,7.3L  8,8,1FT7W2BN2NE******,CERT OF TITLE-SALVAGE TITLE,"74,194 A",ACTUAL,FRONT END,0 USD,0 USD,0,AL - TANNER,0,N/A,N/A
https://www.copart.com/lot/68544205/salvage-2017-hyundai-santa-fe-se-al-tanner,68544205,"9,084 USD",11/05/2025 12:00 pm CST,2017,HYUN,SANTA FE SE,3.3L  6,6,KM8SMDHF1HU******,CERT OF TITLE-SALVAGE TITLE,"103,190 A",ACTUAL,FRONT END,0 USD,0 USD,0,AL - TANNER,0,N/A,N/A
https://www.copart.com/lot/68529845/salvage-2020-ford-edge-titanium-al-tanner,68529845,"19,291 USD",11/05/2025 12:00 pm CST,2020,FORD,EDGE TITANIUM,2.0L  4,4,2FMPK3K90LB******,CERT OF TITLE-SALVAGE TITLE,"62,647 N",NOT ACTUAL,SIDE,0 USD,0 USD,0,AL - TANNER,0,N/A,N/A
https://www.copart.com/lot/68356945/salvage-2018-dodge-charger-sxt-plus-al-tanner,68356945,"12,409 USD",11/05/2025 12:00 pm CST,2018,DODG,CHARGER SX,3.6L  6,6,2C3CDXHG1JH******,CERT OF TITLE-SALVAGE TITLE,"117,117 A",ACTUAL,FRONT END,0 USD,0 USD,0,AL - TANNER,0,N/A,N/A
https://www.copart.com/lot/68280075/clean-title-2017-toyota-rav4-le-al-tanner,68280075,"13,100 USD",11/05/2025 12:00 pm CST,2017,TOYT,RAV4 LE,2.5L  4,4,2T3ZFREV7HW******,CERTIFICATE OF TITLE,"214,811 A",ACTUAL,REAR END,0 USD,0 USD,0,AL - TANNER,0,N/A,N/A
https://www.copart.com/lot/68279365/clean-title-2016-hyundai-tucson-limited-al-tanner,68279365,"10,900 USD",11/05/2025 12:00 pm CST,2016,HYUN,TUCSON LIM,1.6L  4,4,KM8J33A20GU******,CERTIFICATE OF TITLE,"124,875 A",ACTUAL,NORMAL WEAR,650 USD,0 USD,0,AL - TANNER,0,N/A,N/A
https://www.copart.com/lot/68272305/salvage-2019-toyota-4runner-sr5sr5-premium-al-tanner,68272305,"30,468 USD",11/05/2025 12:00 pm CST,2019,TOYT,4RUNNER SR,4.0L  6,6,JTEBU5JR7K5******,CERT OF TITLE-SALVAGE TITLE,"122,571 A",ACTUAL,FRONT END,0 USD,0 USD,0,AL - TANNER,0,N/A,N/A
https://www.copart.com/lot/68258825/salvage-2018-honda-civic-lx-al-tanner,68258825,"14,736 USD",11/05/2025 12:00 pm CST,2018,HOND,CIVIC LX,2.0L  4,4,2HGFC2F53JH******,CERT OF TITLE-SALVAGE TITLE,"58,251 A",ACTUAL,FRONT END,0 USD,0 USD,0,AL - TANNER,0,N/A,N/A
https://www.copart.com/lot/68254235/salvage-2017-gmc-acadia-denali-al-tanner,68254235,"14,972 USD",11/05/2025 12:00 pm CST,2017,GMC,ACADIA DENALI,3.6L  6,6,1GKKNPLS8HZ******,CERT OF TITLE-SALVAGE TITLE,"151,559 A",ACTUAL,FRONT END,0 USD,0 USD,0,AL - TANNER,0,N/A,N/A
https://www.copart.com/lot/68119685/salvage-2020-jeep-compass-trailhawk-al-tanner,68119685,"18,496 USD",11/05/2025 12:00 pm CST,2020,JEP,COMPASS TRAILHAWK,2.4L  4,4,3C4NJDDB7LT******,CERT OF TITLE-SALVAGE TITLE,0 N,NOT ACTUAL,SIDE,0 USD,0 USD,0,AL - TANNER,0,N/A,N/A
https://www.copart.com/lot/68041275/2015-chevrolet-suburban-k1500-ltz-al-tanner,68041275,"11,193 USD",11/05/2025 12:00 pm CST,2015,CHEV,SUBURBAN K1500 LTZ,5.3L  8,8,1GNSKKKC5FR******,BILL OF SALE - PARTS ONLY,0 N,NOT ACTUAL,FRONT END,0 USD,0 USD,0,AL - TANNER,0,N/A,N/A
https://www.copart.com/lot/67459515/salvage-2015-nissan-rogue-s-al-tanner,67459515,"6,211 USD",11/05/2025 12:00 pm CST,2015,NISS,ROGUE S,2.5L  4,4,5N1AT2MT1FC******,CERT OF TITLE-SALVAGE TITLE,"208,821 A",ACTUAL,FRONT END,0 USD,0 USD,0,AL - TANNER,0,N/A,N/A
https://www.copart.com/lot/67435245/clean-title-2017-ford-escape-titanium-al-tanner,67435245,"9,700 USD",11/05/2025 12:00 pm CST,2017,FORD,ESCAPE TIT,1.5L  4,4,1FMCU0JD8HU******,CERT OF TITLE-FLOOD & REBUILT,"108,554 A",ACTUAL,NORMAL WEAR,0 USD,0 USD,0,AL - TANNER,0,N/A,N/A
https://www.copart.com/lot/67406275/salvage-2021-gmc-sierra-k1500-at4-al-tanner,67406275,"36,292 USD",11/05/2025 12:00 pm CST,2021,GMC,SIERRA K1500 AT4,3.0L  6,6,3GTU9EET4MG******,CERT OF TITLE-SALVAGE TITLE,0 N,NOT ACTUAL,FRONT END,0 USD,0 USD,0,AL - TANNER,0,N/A,N/A
https://www.copart.com/lot/67276125/salvage-2022-ford-escape-sel-al-tanner,67276125,$1 USD,11/05/2025 12:00 pm CST,2022,FORD,ESCAPE SEL,1.5L  3,3,1FMCU0H62NU******,CERT OF TITLE-SALVAGE TITLE,"19,596 A",ACTUAL,FRONT END,0 USD,0 USD,0,AL - TANNER,0,N/A,N/A
https://www.copart.com/lot/67215105/salvage-2017-infiniti-qx60-al-tanner,67215105,"11,382 USD",11/05/2025 12:00 pm CST,2017,INFI,QX60,3.5L  6,6,5N1DL0MN9HC******,CERT OF TITLE-SALVAGE TITLE,"110,751 A",ACTUAL,FRONT END,0 USD,0 USD,0,AL - TANNER,0,N/A,N/A
https://www.copart.com/lot/66927565/salvage-2025-toyota-corolla-le-al-tanner,66927565,"23,861 USD",11/05/2025 12:00 pm CST,2025,TOYT,COROLLA LE,2.0L  4,4,5YFB4MDE4SP******,CERT OF TITLE-SALVAGE TITLE,"2,850 A",ACTUAL,SIDE,0 USD,0 USD,0,AL - TANNER,0,N/A,N/A
https://www.copart.com/lot/66888175/salvage-2015-chrysler-200-limited-al-tanner,66888175,"4,967 USD",11/05/2025 12:00 pm CST,2015,CHRY,200 LIMITED,2.4L  4,4,1C3CCCAB8FN******,CERT OF TITLE-SALVAGE TITLE,"157,916 A",ACTUAL,FRONT END,0 USD,0 USD,0,AL - TANNER,0,N/A,N/A
https://www.copart.com/lot/66702935/salvage-2021-ram-2500-laramie-al-tanner,66702935,"47,316 USD",11/05/2025 12:00 pm CST,2021,RAM,2500 LARAM,6.7L  6,6,3C6UR5FL7MG******,CERT OF TITLE-FLOOD SALVAGE,0 N,NOT ACTUAL,WATER/FLOOD,125 USD,0 USD,0,AL - TANNER,0,N/A,N/A
https://www.copart.com/lot/66220655/salvage-2018-ford-f150-supercrew-al-tanner,66220655,"24,435 USD",11/05/2025 12:00 pm CST,2018,FORD,F150 SUPER,3.5L  6,6,1FTEW1EG4JK******,CERT OF TITLE-SALVAGE TITLE,"111,420 A",ACTUAL,FRONT END,0 USD,0 USD,0,AL - TANNER,0,N/A,N/A
https://www.copart.com/lot/66146545/salvage-2022-ford-f350-super-duty-al-tanner,66146545,"57,218 USD",11/05/2025 12:00 pm CST,2022,FORD,F350 SUPER DUTY,6.7L  8,8,1FT8W3DT4NE******,CERT OF TITLE-SALVAGE TITLE,"139,547 N",NOT ACTUAL,SIDE,900 USD,0 USD,0,AL - TANNER,0,N/A,N/A
https://www.copart.com/lot/66079155/salvage-2019-chevrolet-equinox-ls-al-tanner,66079155,"7,690 USD",11/05/2025 12:00 pm CST,2019,CHEV,EQUINOX LS,1.5L  4,4,2GNAXSEV1K6******,CERT OF TITLE-SALVAGE,"126,453 A",ACTUAL,FRONT END,0 USD,0 USD,0,AL - TANNER,0,N/A,N/A
https://www.copart.com/lot/66000515/salvage-2023-hyundai-santa-fe-sel-premium-al-tanner,66000515,"28,862 USD",11/05/2025 12:00 pm CST,2023,HYUN,SANTA FE SEL PREMIUM,2.5L  4,4,5NMS34AJXPH******,CERT OF TITLE-SALVAGE TITLE,"27,833 A",ACTUAL,FRONT END,0 USD,0 USD,0,AL - TANNER,0,N/A,N/A
https://www.copart.com/lot/65746135/salvage-2017-chevrolet-traverse-lt-al-tanner,65746135,"13,052 USD",11/05/2025 12:00 pm CST,2017,CHEV,TRAVERSE LT,3.6L  6,6,1GNKRGKD2HJ******,CERT OF TITLE-SALVAGE TITLE,"104,518 N",NOT ACTUAL,FRONT END,400 USD,0 USD,0,AL - TANNER,0,N/A,N/A
https://www.copart.com/lot/65630385/2019-toyota-camry-l-al-tanner,65630385,"16,506 USD",11/05/2025 12:00 pm CST,2019,TOYT,CAMRY L,2.5L  4,4,4T1B11HK7KU******,CERT OF TITLE-PARTS ONLY SALVG,0 N,NOT ACTUAL,BURN,0 USD,0 USD,0,AL - TANNER,0,N/A,N/A
https://www.copart.com/lot/65388175/salvage-2016-gmc-terrain-sle-al-tanner,65388175,"8,405 USD",11/05/2025 12:00 pm CST,2016,GMC,TERRAIN SLE,2.4L  4,4,2GKALMEK8G6******,CERT OF TITLE-SALVAGE TITLE,"145,445 A",ACTUAL,SIDE,125 USD,0 USD,0,AL - TANNER,0,N/A,N/A
https://www.copart.com/lot/65166315/salvage-2019-nissan-altima-sr-al-tanner,65166315,"15,077 USD",11/05/2025 12:00 pm CST,2019,NISS,ALTIMA SR,2.5L  4,4,1N4BL4CV0KC******,CERT OF TITLE-SALVAGE TITLE,"86,174 A",ACTUAL,FRONT END,0 USD,0 USD,0,AL - TANNER,0,N/A,N/A
https://www.copart.com/lot/65075395/salvage-2018-gmc-acadia-sle-al-tanner,65075395,"10,267 USD",11/05/2025 12:00 pm CST,2018,GMC,ACADIA SLE,2.5L  4,4,1GKKNKLA2JZ******,SALVAGE VEHICLE TITLE,"155,776 A",ACTUAL,ALL OVER,0 USD,0 USD,0,AL - TANNER,0,N/A,N/A
https://www.copart.com/lot/65040905/salvage-2018-hyundai-sonata-se-al-tanner,65040905,"12,832 USD",11/05/2025 12:00 pm CST,2018,HYUN,SONATA SE,2.4L  4,4,5NPE24AF8JH******,CERT OF TITLE-SALVAGE TITLE,0 N,NOT ACTUAL,FRONT END,0 USD,0 USD,0,AL - TANNER,0,N/A,N/A
https://www.copart.com/lot/64690535/salvage-2021-toyota-4runner-sr5sr5-premium-al-tanner,64690535,"35,892 USD",11/05/2025 12:00 pm CST,2021,TOYT,4RUNNER SR,4.0L  6,6,JTENU5JR3M5******,CERT OF TITLE-SALVAGE TITLE,"78,927 A",ACTUAL,FRONT END,600 USD,0 USD,0,AL - TANNER,0,N/A,N/A
https://www.copart.com/lot/64182835/salvage-2019-land-rover-discovery-sport-hse-al-tanner,64182835,"15,027 USD",11/05/2025 12:00 pm CST,2019,LAND,DISCOVERY,2.0L  4,4,SALCR2FX3KH******,CERT OF TITLE-SALVAGE TITLE,"81,130 A",ACTUAL,UNDERCARRIAGE,0 USD,0 USD,0,AL - TANNER,0,N/A,N/A
https://www.copart.com/lot/63390355/salvage-2017-gmc-yukon-denali-al-tanner,63390355,"24,438 USD",11/05/2025 12:00 pm CST,2017,GMC,YUKON DENALI,6.2L  8,8,1GKS2CKJ3HR******,CERT OF TITLE-SALVAGE TITLE,"163,974 A",ACTUAL,FRONT END,0 USD,0 USD,0,AL - TANNER,0,N/A,N/A
https://www.copart.com/lot/63097265/salvage-2016-volkswagen-jetta-sel-al-tanner,63097265,"9,171 USD",11/05/2025 12:00 pm CST,2016,VOLK,JETTA SEL,1.8L  4,4,3VWL07AJ8GM******,CERT OF TITLE-SALVAGE TITLE,"138,758 A",ACTUAL,FRONT END,300 USD,0 USD,0,AL - TANNER,0,N/A,N/A
https://www.copart.com/lot/62774645/salvage-2015-infiniti-q50-hybrid-premium-al-tanner,62774645,"15,888 USD",11/05/2025 12:00 pm CST,2015,INFI,Q50 HYBRID,3.5L  6,6,JN1AV7AP2FM******,CERT OF TITLE-SALVAGE TITLE,"88,387 N",NOT ACTUAL,FRONT END,125 USD,0 USD,0,AL - TANNER,0,N/A,N/A
https://www.copart.com/lot/62694505/clean-title-2015-cadillac-escalade-premium-al-tanner,62694505,"19,800 USD",11/05/2025 12:00 pm CST,2015,CADI,ESCALADE P,6.2L  8,8,1GYS4CKJ1FR******,CERTIFICATE OF TITLE,"202,694 A",ACTUAL,NORMAL WEAR,0 USD,0 USD,0,AL - TANNER,0,N/A,N/A
https://www.copart.com/lot/62585445/salvage-2018-ford-fiesta-s-al-tanner,62585445,"3,986 USD",11/05/2025 12:00 pm CST,2018,FORD,FIESTA S,1.6L  4,4,3FADP4AJ3JM******,CERT OF TITLE-SALVAGE TITLE,"160,419 A",ACTUAL,SIDE,0 USD,0 USD,0,AL - TANNER,0,N/A,N/A
https://www.copart.com/lot/62084665/salvage-2017-nissan-altima-2-5-al-tanner,62084665,"6,186 USD",11/05/2025 12:00 pm CST,2017,NISS,ALTIMA 2.5,2.5L  4,4,1N4AL3AP9HC******,CERT OF TITLE-SALVAGE TITLE,"205,215 A",ACTUAL,SIDE,0 USD,0 USD,0,AL - TANNER,0,N/A,N/A
https://www.copart.com/lot/61933895/salvage-2019-nissan-versa-s-al-tanner,61933895,"8,430 USD",11/05/2025 12:00 pm CST,2019,NISS,VERSA S,1.6L  4,4,3N1CN7AP2KL******,CERT OF TITLE-SALVAGE TITLE,"110,846 A",ACTUAL,REAR END,0 USD,0 USD,0,AL - TANNER,0,N/A,N/A
https://www.copart.com/lot/60903685/salvage-2017-ford-fusion-se-al-tanner,60903685,"14,043 USD",11/05/2025 12:00 pm CST,2017,FORD,FUSION SE,1.5L  4,4,3FA6P0HD0HR******,CERT OF TITLE-SALVAGE TITLE,"99,358 A",ACTUAL,FRONT END,0 USD,0 USD,0,AL - TANNER,0,N/A,N/A
https://www.copart.com/lot/60896225/salvage-2018-toyota-yaris-ia-al-tanner,60896225,"11,176 USD",11/05/2025 12:00 pm CST,2018,TOYT,YARIS IA,1.5L  4,4,3MYDLBYV7JY******,CERT OF TITLE-SALVAGE TITLE,0 N,NOT ACTUAL,FRONT END,0 USD,0 USD,0,AL - TANNER,0,N/A,N/A
https://www.copart.com/lot/60885085/salvage-2017-chevrolet-silverado-k1500-lt-al-tanner,60885085,"22,050 USD",11/05/2025 12:00 pm CST,2017,CHEV,SILVERADO K1500 LT,5.3L  8,8,1GCVKREC8HZ******,CERT OF TITLE-SALVAGE TITLE,"104,942 N",NOT ACTUAL,FRONT END,0 USD,0 USD,0,AL - TANNER,0,N/A,N/A
https://www.copart.com/lot/60697655/2015-chrysler-200-limited-al-tanner,60697655,"6,665 USD",11/05/2025 12:00 pm CST,2015,CHRY,200 LIMITED,2.4L  4,4,1C3CCCAB1FN******,CERT OF TITLE-PARTS ONLY SALVG,0 N,NOT ACTUAL,BURN - ENGINE,125 USD,0 USD,0,AL - TANNER,0,N/A,N/A
https://www.copart.com/lot/60561135/clean-title-2015-toyota-prius-al-tanner,60561135,$1 USD,11/05/2025 12:00 pm CST,2015,TOYT,PRIUS,1.8L  4,4,JTDKN3DU8F1******,CERTIFICATE OF TITLE,"286,552 A",ACTUAL,MINOR DENT/SCRATCHES,0 USD,0 USD,0,AL - TANNER,0,N/A,N/A
https://www.copart.com/lot/59886865/salvage-2017-volkswagen-passat-r-line-al-tanner,59886865,"10,340 USD",11/05/2025 12:00 pm CST,2017,VOLK,PASSAT R-L,1.8L  4,4,1VWDT7A3XHC******,CERT OF TITLE-SALVAGE TITLE,"107,066 A",ACTUAL,HAIL,200 USD,0 USD,0,AL - TANNER,0,N/A,N/A
https://www.copart.com/lot/59567185/salvage-2015-tesla-model-s-85d-al-tanner,59567185,"16,906 USD",11/05/2025 12:00 pm CST,2015,TESL,MODEL S 85,,,5YJSA1H21FF******,CERT OF TITLE-SALVAGE TITLE,"87,764 A",ACTUAL,FRONT END,0 USD,0 USD,0,AL - TANNER,0,N/A,N/A
https://www.copart.com/lot/57639445/salvage-2024-kia-forte-lx-al-tanner,57639445,"18,482 USD",11/05/2025 12:00 pm CST,2024,KIA,FORTE LX,2  L  4,4,3KPF24AD9RE******,CERT OF TITLE-SALVAGE TITLE,"10,026 A",ACTUAL,FRONT END,0 USD,0 USD,0,AL - TANNER,0,N/A,N/A
https://www.copart.com/lot/57392135/salvage-2018-toyota-camry-l-al-tanner,57392135,"14,470 USD",11/05/2025 12:00 pm CST,2018,TOYT,CAMRY L,2.5L  4,4,4T1B11HK9JU******,CERT OF TITLE-SALVAGE TITLE,"154,772 N",NOT ACTUAL,HAIL,0 USD,0 USD,0,AL - TANNER,0,N/A,N/A
https://www.copart.com/lot/57333645/salvage-2017-mercedes-benz-e-300-al-tanner,57333645,"16,453 USD",11/05/2025 12:00 pm CST,2017,MERZ,E 300,2.0L  4,4,WDDZF4JB8HA******,CERT OF TITLE-SALVAGE TITLE,"116,258 N",NOT ACTUAL,SIDE,0 USD,0 USD,0,AL - TANNER,0,N/A,N/A
https://www.copart.com/lot/55477215/salvage-2016-dodge-dart-sxt-sport-al-tanner,55477215,"6,923 USD",11/05/2025 12:00 pm CST,2016,DODG,DART SXT SPORT,2.0L  4,4,1C3CDFFAXGD******,CERT OF TITLE-SALVAGE TITLE,"113,439 N",NOT ACTUAL,FRONT END,0 USD,0 USD,0,AL - TANNER,0,N/A,N/A
https://www.copart.com/lot/54875015/salvage-2022-lincoln-nautilus-reserve-al-tanner,54875015,"39,143 USD",11/05/2025 12:00 pm CST,2022,LINC,NAUTILUS R,2.7L  6,6,2LMPJ8KP1NB******,CERT OF TITLE-SALVAGE TITLE,0 N,NOT ACTUAL,ALL OVER,125 USD,0 USD,0,AL - TANNER,0,N/A,N/A
https://www.copart.com/lot/52996445/salvage-2015-ford-f150-supercrew-al-tanner,52996445,"22,546 USD",11/05/2025 12:00 pm CST,2015,FORD,F150 SUPER,3.5L  6,6,1FTEW1EGXFF******,CERT OF TITLE-SALVAGE TITLE,"128,342 A",ACTUAL,BURN,125 USD,0 USD,0,AL - TANNER,0,N/A,N/A
https://www.copart.com/lot/51828445/salvage-2017-chevrolet-trax-1lt-al-tanner,51828445,"7,826 USD",11/05/2025 12:00 pm CST,2017,CHEV,TRAX 1LT,1.4L  4,4,3GNCJLSB3HL******,CERT OF TITLE-SALVAGE TITLE,"147,861 N",NOT ACTUAL,FRONT END,0 USD,0 USD,0,AL - TANNER,0,N/A,N/A
https://www.copart.com/lot/51677205/salvage-2016-chevrolet-impala-lt-al-tanner,51677205,"6,283 USD",11/05/2025 12:00 pm CST,2016,CHEV,IMPALA LT,3.6L  6,6,2G1115S30G9******,CERT OF TITLE-SALVAGE TITLE,"156,624 A",ACTUAL,SIDE,0 USD,0 USD,0,AL - TANNER,0,N/A,N/A
https://www.copart.com/lot/49686795/salvage-2020-hyundai-kona-sel-al-tanner,49686795,"13,321 USD",11/05/2025 12:00 pm CST,2020,HYUN,KONA SEL,2.0L  4,4,KM8K22AA4LU******,SALVAGE CERTIFICATE,"88,889 A",ACTUAL,REAR END,0 USD,0 USD,0,AL - TANNER,0,N/A,N/A
https://www.copart.com/lot/48414205/clean-title-2023-gmc-acadia-slt-al-tanner,48414205,"25,935 USD",11/05/2025 12:00 pm CST,2023,GMC,ACADIA SLT,3.6L  6,6,1GKKNMLS0PZ******,CERTIFICATE OF TITLE,"45,985 A",ACTUAL,FRONT END,0 USD,0 USD,0,AL - TANNER,0,N/A,N/A
https://www.copart.com/lot/42829475/clean-title-2024-nissan-sentra-sv-al-tanner,42829475,"20,125 USD",11/05/2025 12:00 pm CST,2024,NISS,SENTRA SV,2.0L  4,4,3N1AB8CV3RY******,CERTIFICATE OF TITLE,"14,911 A",ACTUAL,REAR END,0 USD,0 USD,0,AL - TANNER,0,N/A,N/A
https://www.copart.com/lot/89566355/salvage-2022-chevrolet-colorado-lt-al-mobile,89566355,"19,780 USD",11/05/2025 08:00 pm CST,2022,CHEV,COLORADO L,2.5L  4,4,1GCHSCEA5N1******,CERT OF TITLE - SALVAGE,"165,568 A",ACTUAL,FRONT END,"1,150 USD",0 USD,0,AL - MOBILE,0,N/A,N/A
https://www.copart.com/lot/87242835/salvage-2023-hyundai-tucson-limited-al-mobile,87242835,"25,719 USD",11/05/2025 08:00 pm CST,2023,HYUN,TUCSON LIM,2.5L  4,4,5NMJE3AE6PH******,CERT OF TITLE-SALVAGE TITLE,"30,038 A",ACTUAL,FRONT END,"6,700 USD",0 USD,0,AL - MOBILE,0,N/A,N/A
https://www.copart.com/lot/86715325/clean-title-2018-toyota-camry-l-al-mobile,86715325,$1 USD,11/05/2025 08:00 pm CST,2018,TOYT,CAMRY L,2.5L  4,4,4T1B11HK3JU******,CERTIFICATE OF TITLE (P),"263,464 A",ACTUAL,MINOR DENT/SCRATCHES,"3,100 USD",0 USD,0,AL - MOBILE,0,N/A,N/A
https://www.copart.com/lot/85761375/clean-title-2020-nissan-pathfinder-sv-al-mobile,85761375,"12,319 USD",11/05/2025 08:00 pm CST,2020,NISS,PATHFINDER,3.5L  6,6,5N1DR2BM4LC******,CERTIFICATE OF TITLE,"140,165 A",ACTUAL,REAR END,"2,900 USD",0 USD,0,AL - MOBILE,0,N/A,N/A
https://www.copart.com/lot/85370805/clean-title-2015-hyundai-sonata-se-al-mobile,85370805,$1 USD,11/05/2025 08:00 pm CST,2015,HYUN,SONATA SE,2.4L  4,4,5NPE24AFXFH******,CERTIFICATE OF TITLE (P),"215,054 A",ACTUAL,MINOR DENT/SCRATCHES,250 USD,0 USD,0,AL - MOBILE,0,N/A,N/A
https://www.copart.com/lot/85322685/salvage-2022-chevrolet-colorado-al-mobile,85322685,"20,718 USD",11/05/2025 08:00 pm CST,2022,CHEV,COLORADO,3.6L  6,6,1GCGSBEN8N1******,CERT OF TITLE-SALVAGE TITLE,"80,830 N",NOT ACTUAL,FRONT END,"5,300 USD",0 USD,0,AL - MOBILE,0,N/A,N/A
https://www.copart.com/lot/85096275/clean-title-2020-ford-f250-super-duty-al-mobile,85096275,"58,598 USD",11/05/2025 08:00 pm CST,2020,FORD,F250 SUPER,6.7L  8,8,1FT7W2BT4LE******,CERTIFICATE OF TITLE,"115,782 A",ACTUAL,ALL OVER,"36,500 USD",0 USD,0,AL - MOBILE,0,N/A,N/A
https://www.copart.com/lot/84598385/clean-title-2017-kia-sorento-lx-al-mobile,84598385,$1 USD,11/05/2025 08:00 pm CST,2017,KIA,SORENTO LX,3.3L  6,6,5XYPG4A55HG******,CERTIFICATE OF TITLE,"136,286 A",ACTUAL,NORMAL WEAR,"2,750 USD",0 USD,0,AL - MOBILE,0,N/A,N/A
https://www.copart.com/lot/83782915/clean-title-2018-toyota-camry-l-al-mobile,83782915,"16,200 USD",11/05/2025 08:00 pm CST,2018,TOYT,CAMRY L,2.5L  4,4,4T1B11HK1JU******,CERTIFICATE OF TITLE,"209,293 A",ACTUAL,SIDE,"4,150 USD",0 USD,0,AL - MOBILE,0,N/A,N/A
https://www.copart.com/lot/70737095/clean-title-2019-land-rover-range-rover-sport-hse-dynamic-al-mobile,70737095,$1 USD,11/05/2025 08:00 pm CST,2019,LAND,RANGE ROVER SPORT HSE DYNAMIC,3.0L  6,6,SALWV2SV9KA******,CERTIFICATE OF TITLE (P),"122,624 A",ACTUAL,MINOR DENT/SCRATCHES,"13,800 USD",0 USD,0,AL - MOBILE,0,N/A,N/A
https://www.copart.com/lot/67590505/clean-title-2016-kia-sedona-lx-al-mobile,67590505,$1 USD,11/05/2025 08:00 pm CST,2016,KIA,SEDONA LX,3.3L  6,6,KNDMB5C17G6******,CERTIFICATE OF TITLE,"147,397 A",ACTUAL,MINOR DENT/SCRATCHES,"1,900 USD",0 USD,0,AL - MOBILE,0,N/A,N/A
https://www.copart.com/lot/89708975/clean-title-2024-dodge-hornet-gt-al-montgomery,89708975,$1 USD,11/06/2025 11:00 am CST,2024,DODG,HORNET GT,2.0L  4,4,ZACNDFAN4R3******,CERTIFICATE OF TITLE,0 N,NOT ACTUAL,,0 USD,0 USD,0,AL - MONTGOMERY,0,N/A,N/A
https://www.copart.com/lot/89453745/clean-title-2020-nissan-altima-s-al-mobile-south,89453745,"18,450 USD",11/06/2025 11:00 am CST,2020,NISS,ALTIMA S,2.5L  4,4,1N4BL4BV4LC******,CERTIFICATE OF VEHICLE TITLE,"146,471 A",ACTUAL,,0 USD,0 USD,0,AL - MOBILE SOUTH,3.5,RED LIGHT,N/A
https://www.copart.com/lot/87400185/clean-title-2022-chevrolet-malibu-ls-al-mobile,87400185,"17,140 USD",11/06/2025 11:00 am CST,2022,CHEV,MALIBU LS,1.5L  4,4,1G1ZC5ST3NF******,CERTIFICATE OF TITLE,"92,476 A",ACTUAL,,0 USD,0 USD,0,AL - MOBILE,3.6,RED LIGHT,Other
https://www.copart.com/lot/87124445/clean-title-2024-chevrolet-malibu-ls-al-tanner,87124445,"26,050 USD",11/06/2025 11:00 am CST,2024,CHEV,MALIBU LS,1.5L  4,4,1G1ZB5ST9RF******,CERTIFICATE OF TITLE,"74,679 A",ACTUAL,,0 USD,0 USD,0,AL - TANNER,0,RED LIGHT,N/A
https://www.copart.com/lot/87022165/clean-title-2023-nissan-kicks-s-al-birmingham,87022165,"18,675 USD",11/06/2025 11:00 am CST,2023,NISS,KICKS S,1.6L  4,4,3N1CP5BVXPL******,CERTIFICATE OF TITLE,"93,276 A",ACTUAL,,0 USD,0 USD,0,AL - BIRMINGHAM,3.8,RED LIGHT,N/A
https://www.copart.com/lot/87001105/clean-title-2017-hyundai-santa-fe-sport-al-mobile-south,87001105,$1 USD,11/06/2025 11:00 am CST,2017,HYUN,SANTA FE S,2.4L  4,4,5NMZT3LB6HH******,CERTIFICATE OF TITLE,"135,479 A",ACTUAL,,0 USD,0 USD,0,AL - MOBILE SOUTH,3.3,RED LIGHT,N/A
https://www.copart.com/lot/86458075/clean-title-2022-kia-forte-fe-al-mobile-south,86458075,$1 USD,11/06/2025 11:00 am CST,2022,KIA,FORTE FE,2.0L  4,4,3KPF24AD8NE******,CERTIFICATE OF TITLE,"35,897 A",ACTUAL,,0 USD,0 USD,0,AL - MOBILE SOUTH,3.6,GREEN LIGHT,Other
https://www.copart.com/lot/85870135/clean-title-2023-dodge-charger-gt-al-tanner,85870135,$1 USD,11/06/2025 11:00 am CST,2023,DODG,CHARGER GT,3.6L  6,6,2C3CDXHG9PH******,CERTIFICATE OF TITLE,"84,818 A",ACTUAL,,0 USD,0 USD,0,AL - TANNER,1.8,RED LIGHT,N/A
https://www.copart.com/lot/85533065/clean-title-2023-toyota-camry-se-night-shade-al-birmingham,85533065,"22,880 USD",11/06/2025 11:00 am CST,2023,TOYT,CAMRY SE N,2.5L  4,4,4T1G11AK2PU******,CERTIFICATE OF TITLE,"79,568 A",ACTUAL,,0 USD,0 USD,0,AL - BIRMINGHAM,1.3,RED LIGHT,N/A
https://www.copart.com/lot/85270125/clean-title-2015-ram-1500-st-al-birmingham,85270125,"8,700 USD",11/06/2025 11:00 am CST,2015,RAM,1500 ST,3.6L  6,6,3C6JR6DG0FG******,CERTIFICATE OF TITLE,"124,949 A",ACTUAL,,550 USD,0 USD,0,AL - BIRMINGHAM,1.9,YELLOW LIGHT,"Maintenance,Safety,Emission"
https://www.copart.com/lot/84302085/clean-title-2021-nissan-sentra-sv-al-birmingham,84302085,$1 USD,11/06/2025 11:00 am CST,2021,NISS,SENTRA SV,2.0L  4,4,3N1AB8CV4MY******,CERTIFICATE OF TITLE,"53,318 A",ACTUAL,,0 USD,0 USD,0,AL - BIRMINGHAM,1,RED LIGHT,N/A
https://www.copart.com/lot/81009945/clean-title-2019-toyota-corolla-l-al-montgomery,81009945,$1 USD,11/06/2025 11:00 am CST,2019,TOYT,COROLLA L,1.8L  4,4,5YFBURHE1KP******,CERTIFICATE OF TITLE,"131,035 A",ACTUAL,,0 USD,0 USD,0,AL - MONTGOMERY,0,RED LIGHT,N/A
https://www.copart.com/lot/63635945/clean-title-2022-ram-3500-tradesman-al-mobile-south,63635945,$1 USD,11/06/2025 11:00 am CST,2022,RAM,3500 TRADE,6.7L  6,6,3C63RRGL5NG******,CERTIFICATE OF TITLE,"140,953 A",ACTUAL,,0 USD,0 USD,0,AL - MOBILE SOUTH,2.7,N/A,N/A
https://www.copart.com/lot/91516295/clean-title-2015-chevrolet-tahoe-police-al-montgomery,91516295,$1 USD,11/06/2025 12:00 pm CST,2015,CHEV,TAHOE POLI,5.3L  8,8,1GNLC2EC3FR******,CERTIFICATE OF TITLE,"181,066 N",NOT ACTUAL,FRONT END,0 USD,0 USD,0,AL - MONTGOMERY,0,N/A,N/A
https://www.copart.com/lot/91195225/clean-title-2024-chevrolet-tahoe-k1500-z71-al-montgomery,91195225,$1 USD,11/06/2025 12:00 pm CST,2024,CHEV,TAHOE K150,5.3L  8,8,1GNSKPKD2RR******,CERTIFICATE OF TITLE (P),"23,974 A",ACTUAL,REAR END,0 USD,0 USD,0,AL - MONTGOMERY,0,N/A,N/A
https://www.copart.com/lot/91194125/clean-title-2024-ram-1500-rebel-al-montgomery,91194125,$1 USD,11/06/2025 12:00 pm CST,2024,RAM,1500 REBEL,5.7L  8,8,1C6SRFLT4RN******,CERTIFICATE OF TITLE (P),"12,021 A",ACTUAL,FRONT END,0 USD,0 USD,0,AL - MONTGOMERY,0,N/A,N/A
https://www.copart.com/lot/91126235/salvage-2017-toyota-corolla-l-al-dothan,91126235,"10,077 USD",11/06/2025 12:00 pm CST,2017,TOYT,COROLLA L,1.8L  4,4,2T1BURHE4HC******,CERT OF TITLE-SALVAGE TITLE,0 N,NOT ACTUAL,BURN,0 USD,0 USD,0,AL - DOTHAN,0,N/A,N/A
https://www.copart.com/lot/90864715/clean-title-2016-kia-soul-al-montgomery,90864715,$1 USD,11/06/2025 12:00 pm CST,2016,KIA,SOUL,1.6L  4,4,KNDJN2A29G7******,CERTIFICATE OF TITLE,0 N,NOT ACTUAL,SIDE,0 USD,0 USD,0,AL - MONTGOMERY,0,N/A,N/A
https://www.copart.com/lot/90836905/clean-title-2015-hyundai-sonata-hybrid-al-montgomery,90836905,$1 USD,11/06/2025 12:00 pm CST,2015,HYUN,SONATA HYB,2.4L  4,4,KMHEC4A43FA******,CERTIFICATE OF TITLE,"107,834 A",ACTUAL,MECHANICAL,0 USD,0 USD,0,AL - MONTGOMERY,0,N/A,N/A
https://www.copart.com/lot/90279905/salvage-2015-kia-sorento-lx-al-montgomery,90279905,"7,323 USD",11/06/2025 12:00 pm CST,2015,KIA,SORENTO LX,2.4L  4,4,5XYKT4A69FG******,CERT OF TITLE-SALVAGE TITLE,"179,426 A",ACTUAL,FRONT END,0 USD,0 USD,0,AL - MONTGOMERY,0,N/A,N/A
https://www.copart.com/lot/89846905/clean-title-2017-ram-1500-st-al-montgomery,89846905,$1 USD,11/06/2025 12:00 pm CST,2017,RAM,1500 ST,5.7L  8,8,1C6RR6ST8HS******,CERTIFICATE OF TITLE,"167,338 A",ACTUAL,REAR END,0 USD,0 USD,0,AL - MONTGOMERY,0,N/A,N/A
https://www.copart.com/lot/89540055/salvage-2018-toyota-rav4-limited-al-dothan,89540055,"22,825 USD",11/06/2025 12:00 pm CST,2018,TOYT,RAV4 LIMIT,2.5L  4,4,JTMYFREV8JD******,CERT OF TITLE SLVG REBUILDABLE,"40,299 N",NOT ACTUAL,FRONT END,0 USD,0 USD,0,AL - DOTHAN,0,N/A,N/A
https://www.copart.com/lot/89471035/clean-title-2018-nissan-pathfinder-s-al-montgomery,89471035,"8,150 USD",11/06/2025 12:00 pm CST,2018,NISS,PATHFINDER,3.5L  6,6,5N1DR2MN0JC******,CERTIFICATE OF TITLE,"142,038 A",ACTUAL,MINOR DENT/SCRATCHES,0 USD,0 USD,0,AL - MONTGOMERY,0,N/A,N/A
https://www.copart.com/lot/89002585/clean-title-2022-honda-pilot-exl-al-dothan,89002585,"28,638 USD",11/06/2025 12:00 pm CST,2022,HOND,PILOT EXL,3.5L  6,6,5FNYF5H53NB******,CERTIFICATE OF TITLE,"46,693 A",ACTUAL,SIDE,0 USD,0 USD,0,AL - DOTHAN,0,N/A,N/A
https://www.copart.com/lot/87288615/salvage-2017-audi-a4-premium-plus-al-montgomery,87288615,"13,926 USD",11/06/2025 12:00 pm CST,2017,AUDI,A4 PREMIUM,2.0L  4,4,WAULNAF46HN******,CERT OF TITLE SLVG REBUILDABLE,"82,290 A",ACTUAL,FRONT END,0 USD,0 USD,0,AL - MONTGOMERY,0,N/A,N/A
https://www.copart.com/lot/87259995/clean-title-2021-chevrolet-equinox-lt-al-montgomery,87259995,$1 USD,11/06/2025 12:00 pm CST,2021,CHEV,EQUINOX LT,1.5L  4,4,2GNAXJEV2M6******,CERTIFICATE OF TITLE,"140,275 A",ACTUAL,FRONT END,0 USD,0 USD,0,AL - MONTGOMERY,0,N/A,N/A
https://www.copart.com/lot/87246105/salvage-2017-chrysler-pacifica-touring-l-plus-al-dothan,87246105,"8,396 USD",11/06/2025 12:00 pm CST,2017,CHRY,PACIFICA T,3.6L  6,6,2C4RC1EG9HR******,CERT OF TITLE SLVG REBUILDABLE,"141,158 A",ACTUAL,FRAME DAMAGE,0 USD,0 USD,0,AL - DOTHAN,0,N/A,N/A
https://www.copart.com/lot/86716925/salvage-2017-honda-cr-v-exl-al-dothan,86716925,"14,403 USD",11/06/2025 12:00 pm CST,2017,HOND,CR-V EXL,1.5L  4,4,5J6RW1H8XHL******,CERT OF TITLE SLVG REBUILDABLE,"106,330 N",NOT ACTUAL,FRONT END,0 USD,0 USD,0,AL - DOTHAN,0,N/A,N/A
https://www.copart.com/lot/86714255/salvage-2016-chrysler-200-lx-al-dothan,86714255,"4,842 USD",11/06/2025 12:00 pm CST,2016,CHRY,200 LX,2.4L  4,4,1C3CCCFBXGN******,CERT OF TITLE-SALVAGE TITLE,"179,201 A",ACTUAL,FRONT END,0 USD,0 USD,0,AL - DOTHAN,0,N/A,N/A
https://www.copart.com/lot/86607405/clean-title-2015-chevrolet-camaro-lt-al-montgomery,86607405,"9,325 USD",11/06/2025 12:00 pm CST,2015,CHEV,CAMARO LT,3.6L  6,6,2G1FD3D36F9******,CERTIFICATE OF TITLE,"137,806 A",ACTUAL,FRONT END,0 USD,0 USD,0,AL - MONTGOMERY,0,N/A,N/A
https://www.copart.com/lot/86440005/salvage-2015-nissan-rogue-s-al-montgomery,86440005,"6,483 USD",11/06/2025 12:00 pm CST,2015,NISS,ROGUE S,2.5L  4,4,5N1AT2ML8FC******,CERT OF TITLE-SALVAGE TITLE,"238,100 A",ACTUAL,FRONT END,0 USD,0 USD,0,AL - MONTGOMERY,0,N/A,N/A
https://www.copart.com/lot/86252235/salvage-2015-chevrolet-equinox-ls-al-montgomery,86252235,"8,126 USD",11/06/2025 12:00 pm CST,2015,CHEV,EQUINOX LS,2.4L  4,4,2GNALAEK4F6******,CERT OF TITLE-SALVAGE TITLE,"118,970 N",NOT ACTUAL,SIDE,0 USD,0 USD,0,AL - MONTGOMERY,0,N/A,N/A
https://www.copart.com/lot/86239785/salvage-2020-buick-encore-preferred-al-dothan,86239785,"10,038 USD",11/06/2025 12:00 pm CST,2020,BUIC,ENCORE PRE,1.4L  4,4,KL4CJASB3LB******,CERT OF TITLE SLVG REBUILDABLE,"99,845 A",ACTUAL,FRONT END,0 USD,0 USD,0,AL - DOTHAN,0,N/A,N/A
https://www.copart.com/lot/86109245/salvage-2019-genesis-g70-elite-al-montgomery,86109245,"24,378 USD",11/06/2025 12:00 pm CST,2019,GENS,G70 ELITE,3.3L  6,6,KMTG74LE2KU******,CERT OF TITLE-SALVAGE TITLE,0 N,NOT ACTUAL,ALL OVER,0 USD,0 USD,0,AL - MONTGOMERY,0,N/A,N/A
https://www.copart.com/lot/86103405/salvage-2015-nissan-rogue-s-al-dothan,86103405,"5,292 USD",11/06/2025 12:00 pm CST,2015,NISS,ROGUE S,2.5L  4,4,KNMAT2MT1FP******,CERT OF TITLE SLVG REBUILDABLE,"200,817 A",ACTUAL,SIDE,0 USD,0 USD,0,AL - DOTHAN,0,N/A,N/A
https://www.copart.com/lot/86077775/salvage-2019-gmc-terrain-slt-al-dothan,86077775,"19,482 USD",11/06/2025 12:00 pm CST,2019,GMC,TERRAIN SL,2.0L  4,4,3GKALPEX7KL******,CERT OF TITLE-SALVAGE TITLE,"40,716 A",ACTUAL,FRONT END,0 USD,0 USD,0,AL - DOTHAN,0,N/A,N/A
https://www.copart.com/lot/86075935/clean-title-2015-nissan-pathfinder-s-al-dothan,86075935,$1 USD,11/06/2025 12:00 pm CST,2015,NISS,PATHFINDER,3.5L  6,6,5N1AR2MN6FC******,CERTIFICATE OF TITLE,"170,938 A",ACTUAL,MINOR DENT/SCRATCHES,275 USD,0 USD,0,AL - DOTHAN,0,N/A,N/A
https://www.copart.com/lot/85873685/clean-title-2016-chevrolet-malibu-limited-ls-al-dothan,85873685,"7,428 USD",11/06/2025 12:00 pm CST,2016,CHEV,MALIBU LIM,2.5L  4,4,1G11A5SA3GU******,CERT OF TITLE-REBUILT,"147,007 A",ACTUAL,MECHANICAL,0 USD,0 USD,0,AL - DOTHAN,0,N/A,N/A
https://www.copart.com/lot/85719045/salvage-2016-hyundai-genesis-3-8l-al-dothan,85719045,"10,665 USD",11/06/2025 12:00 pm CST,2016,HYUN,GENESIS 3.,3.8L  6,6,KMHGN4JE5GU******,CERT OF TITLE SLVG REBUILDABLE,"108,470 N",NOT ACTUAL,REAR END,300 USD,0 USD,0,AL - DOTHAN,0,N/A,N/A
https://www.copart.com/lot/85683555/salvage-2019-toyota-corolla-l-al-montgomery,85683555,"10,624 USD",11/06/2025 12:00 pm CST,2019,TOYT,COROLLA L,1.8L  4,4,2T1BURHE0KC******,CERT OF TITLE-SALVAGE TITLE,"93,763 A",ACTUAL,FRONT END,0 USD,0 USD,0,AL - MONTGOMERY,0,N/A,N/A
https://www.copart.com/lot/85579795/salvage-2022-toyota-corolla-cross-xle-al-montgomery,85579795,"27,512 USD",11/06/2025 12:00 pm CST,2022,TOYT,COROLLA CR,2.0L  4,4,7MUDAAAG4NV******,CERT OF TITLE-SALVAGE TITLE,"41,803 A",ACTUAL,FRONT END,0 USD,0 USD,0,AL - MONTGOMERY,0,N/A,N/A
https://www.copart.com/lot/85579055/salvage-2020-hyundai-elantra-sel-al-montgomery,85579055,"12,247 USD",11/06/2025 12:00 pm CST,2020,HYUN,ELANTRA SE,2.0L  4,4,5NPD84LF0LH******,CERT OF TITLE-SALVAGE TITLE,"104,466 N",NOT ACTUAL,ALL OVER,0 USD,0 USD,0,AL - MONTGOMERY,0,N/A,N/A
https://www.copart.com/lot/85541165/salvage-2017-chevrolet-silverado-c1500-lt-al-dothan,85541165,"15,584 USD",11/06/2025 12:00 pm CST,2017,CHEV,SILVERADO,5.3L  8,8,3GCPCRECXHG******,CERT OF TITLE SLVG REBUILDABLE,"157,270 N",NOT ACTUAL,FRONT END,0 USD,0 USD,0,AL - DOTHAN,0,N/A,N/A
https://www.copart.com/lot/85521225/salvage-2017-volkswagen-tiguan-s-al-dothan,85521225,"10,632 USD",11/06/2025 12:00 pm CST,2017,VOLK,TIGUAN S,2.0L  4,4,WVGAV7AX9HK******,CERT OF TITLE SLVG REBUILDABLE,"95,410 A",ACTUAL,FRONT END,0 USD,0 USD,0,AL - DOTHAN,0,N/A,N/A
https://www.copart.com/lot/85506405/salvage-2016-nissan-altima-2-5-al-montgomery,85506405,"7,019 USD",11/06/2025 12:00 pm CST,2016,NISS,ALTIMA 2.5,2.5L  4,4,1N4AL3AP1GC******,CERT OF TITLE-SALVAGE TITLE,0 N,NOT ACTUAL,REAR END,0 USD,0 USD,0,AL - MONTGOMERY,0,N/A,N/A
https://www.copart.com/lot/85497405/salvage-2024-chevrolet-equinox-ls-al-montgomery,85497405,"19,027 USD",11/06/2025 12:00 pm CST,2024,CHEV,EQUINOX LS,1.5L  4,4,3GNAXHEG8RL******,CERT OF TITLE-SALVAGE TITLE,"37,236 A",ACTUAL,FRONT END,0 USD,0 USD,0,AL - MONTGOMERY,0,N/A,N/A
https://www.copart.com/lot/85387415/salvage-2018-honda-pilot-exl-al-montgomery,85387415,"17,261 USD",11/06/2025 12:00 pm CST,2018,HOND,PILOT EXL,3.5L  6,6,5FNYF5H57JB******,CERT OF TITLE-SALVAGE TITLE,"114,728 A",ACTUAL,SIDE,0 USD,0 USD,0,AL - MONTGOMERY,0,N/A,N/A
https://www.copart.com/lot/85386325/salvage-2023-toyota-highlander-l-al-montgomery,85386325,"37,653 USD",11/06/2025 12:00 pm CST,2023,TOYT,HIGHLANDER,2.4L  4,4,5TDKDRBH6PS******,CERT OF TITLE-SALVAGE TITLE,"28,940 A",ACTUAL,REAR END,0 USD,0 USD,0,AL - MONTGOMERY,0,N/A,N/A
https://www.copart.com/lot/85360585/salvage-2018-honda-civic-lx-al-montgomery,85360585,"10,967 USD",11/06/2025 12:00 pm CST,2018,HOND,CIVIC LX,2.0L  4,4,2HGFC2F51JH******,CERT OF TITLE-SALVAGE TITLE,"115,071 A",ACTUAL,TOP/ROOF,0 USD,0 USD,0,AL - MONTGOMERY,0,N/A,N/A
https://www.copart.com/lot/85349355/salvage-2016-kia-sorento-sx-al-montgomery,85349355,"6,497 USD",11/06/2025 12:00 pm CST,2016,KIA,SORENTO SX,3.3L  6,6,5XYPK4A54GG******,CERT OF TITLE-SALVAGE TITLE,"175,864 A",ACTUAL,REAR END,0 USD,0 USD,0,AL - MONTGOMERY,0,N/A,N/A
https://www.copart.com/lot/85265245/2019-ram-1500-classic-tradesman-al-dothan,85265245,"22,274 USD",11/06/2025 12:00 pm CST,2019,RAM,1500 CLASS,5.7L  8,8,1C6RR6KT8KS******,CERTIFICATE OF DESTRUCTION,"64,331 A",ACTUAL,FRONT END,0 USD,0 USD,0,AL - DOTHAN,0,N/A,N/A
https://www.copart.com/lot/85264655/salvage-2015-ford-f150-supercrew-al-montgomery,85264655,"17,265 USD",11/06/2025 12:00 pm CST,2015,FORD,F150 SUPER,2.7L  6,6,1FTEW1EP9FF******,CERT OF TITLE-SALVAGE TITLE,"186,354 A",ACTUAL,FRONT END,60 USD,0 USD,0,AL - MONTGOMERY,0,N/A,N/A
https://www.copart.com/lot/85133765/salvage-2017-toyota-rav4-se-al-montgomery,85133765,"16,738 USD",11/06/2025 12:00 pm CST,2017,TOYT,RAV4 SE,2.5L  4,4,JTMNFREV2HD******,CERT OF TITLE-SALVAGE TITLE,"122,535 A",ACTUAL,FRONT END,0 USD,0 USD,0,AL - MONTGOMERY,0,N/A,N/A
https://www.copart.com/lot/85113245/salvage-2020-kia-optima-lx-al-dothan,85113245,"10,789 USD",11/06/2025 12:00 pm CST,2020,KIA,OPTIMA LX,2.4L  4,4,5XXGT4L37LG******,CERT OF TITLE SLVG REBUILDABLE,"128,661 A",ACTUAL,FRONT END,0 USD,0 USD,0,AL - DOTHAN,0,N/A,N/A
https://www.copart.com/lot/84945075/salvage-2016-toyota-camry-le-al-montgomery,84945075,"9,596 USD",11/06/2025 12:00 pm CST,2016,TOYT,CAMRY LE,2.5L  4,4,4T1BF1FKXGU******,CERT OF TITLE-SALVAGE TITLE,"155,329 A",ACTUAL,REAR END,0 USD,0 USD,0,AL - MONTGOMERY,0,N/A,N/A
https://www.copart.com/lot/84879885/2022-nissan-titan-sv-al-dothan,84879885,"34,713 USD",11/06/2025 12:00 pm CST,2022,NISS,TITAN SV,5.6L  8,8,1N6AA1ED9NN******,CERTIFICATE OF DESTRUCTION,"81,284 A",ACTUAL,SIDE,0 USD,0 USD,0,AL - DOTHAN,0,N/A,N/A
https://www.copart.com/lot/84877875/salvage-2018-chevrolet-equinox-lt-al-montgomery,84877875,"18,309 USD",11/06/2025 12:00 pm CST,2018,CHEV,EQUINOX LT,2.0L  4,4,3GNAXTEX2JL******,CERT OF TITLE-SALVAGE TITLE,"57,901 A",ACTUAL,FRONT END,0 USD,0 USD,0,AL - MONTGOMERY,0,N/A,N/A
https://www.copart.com/lot/84815265/salvage-2017-audi-a4-premium-al-montgomery,84815265,"12,907 USD",11/06/2025 12:00 pm CST,2017,AUDI,A4 PREMIUM,2.0L  4,4,WAUDNAF49HN******,CERT OF TITLE-SALVAGE TITLE,"102,537 A",ACTUAL,REAR END,0 USD,0 USD,0,AL - MONTGOMERY,0,N/A,N/A
https://www.copart.com/lot/84762245/salvage-2018-hyundai-sonata-sport-al-montgomery,84762245,"14,342 USD",11/06/2025 12:00 pm CST,2018,HYUN,SONATA SPORT,2.0L  4,4,5NPE34AB9JH******,CERT OF TITLE-SALVAGE TITLE,"106,322 A",ACTUAL,FRONT END,0 USD,0 USD,0,AL - MONTGOMERY,0,N/A,N/A
https://www.copart.com/lot/84737065/salvage-2025-cadillac-lyriq-luxury-al-montgomery,84737065,"56,708 USD",11/06/2025 12:00 pm CST,2025,CADI,LYRIQ LUXURY,,,1GYKPNRK6SZ******,CERT OF TITLE-SALVAGE TITLE,"4,958 A",ACTUAL,FRONT END,0 USD,0 USD,0,AL - MONTGOMERY,0,N/A,N/A
https://www.copart.com/lot/84734295/salvage-2017-nissan-altima-2-5-al-montgomery,84734295,"10,275 USD",11/06/2025 12:00 pm CST,2017,NISS,ALTIMA 2.5,2.5L  4,4,1N4AL3AP7HC******,CERT OF TITLE-SALVAGE TITLE,"142,826 A",ACTUAL,FRONT END,0 USD,0 USD,0,AL - MONTGOMERY,0,N/A,N/A
https://www.copart.com/lot/84731385/salvage-2017-mitsubishi-outlander-se-al-dothan,84731385,"9,072 USD",11/06/2025 12:00 pm CST,2017,MITS,OUTLANDER,2.4L  4,4,JA4AD3A33HZ******,CERT OF TITLE SLVG REBUILDABLE,"135,427 A",ACTUAL,FRONT END,0 USD,0 USD,0,AL - DOTHAN,0,N/A,N/A
https://www.copart.com/lot/84640075/salvage-2021-ford-ecosport-se-al-dothan,84640075,"13,585 USD",11/06/2025 12:00 pm CST,2021,FORD,ECOSPORT S,1.0L  3,3,MAJ3S2GE1MC******,CERT OF TITLE SLVG REBUILDABLE,"66,061 A",ACTUAL,UNDERCARRIAGE,0 USD,0 USD,0,AL - DOTHAN,0,N/A,N/A
https://www.copart.com/lot/84553625/salvage-2017-lincoln-mkx-reserve-al-montgomery,84553625,"15,073 USD",11/06/2025 12:00 pm CST,2017,LINC,MKX RESERVE,2.7L  6,6,2LMPJ6LP5HB******,CERT OF TITLE-SALVAGE TITLE,"115,438 A",ACTUAL,FRONT END,200 USD,0 USD,0,AL - MONTGOMERY,0,N/A,N/A
https://www.copart.com/lot/84551075/salvage-2015-ford-fusion-se-al-montgomery,84551075,"8,186 USD",11/06/2025 12:00 pm CST,2015,FORD,FUSION SE,2.0L  4,4,3FA6P0H9XFR******,CERT OF TITLE-SALVAGE TITLE,"186,176 A",ACTUAL,FRONT END,0 USD,0 USD,0,AL - MONTGOMERY,0,N/A,N/A
https://www.copart.com/lot/84472895/salvage-2017-honda-civic-touring-al-dothan,84472895,"11,694 USD",11/06/2025 12:00 pm CST,2017,HOND,CIVIC TOUR,1.5L  4,4,19XFC1F92HE******,CERT OF TITLE SLVG REBUILDABLE,"140,419 A",ACTUAL,SIDE,0 USD,0 USD,0,AL - DOTHAN,0,N/A,N/A
https://www.copart.com/lot/84452975/salvage-2020-buick-envision-essence-al-montgomery,84452975,"22,194 USD",11/06/2025 12:00 pm CST,2020,BUIC,ENVISION E,2.5L  4,4,LRBFXCSAXLD******,CERT OF TITLE-SALVAGE TITLE,"11,294 A",ACTUAL,FRONT END,0 USD,0 USD,0,AL - MONTGOMERY,0,N/A,N/A
https://www.copart.com/lot/84411925/salvage-2016-hyundai-elantra-se-al-montgomery,84411925,"7,624 USD",11/06/2025 12:00 pm CST,2016,HYUN,ELANTRA SE,1.8L  4,4,KMHDH4AE9GU******,CERT OF TITLE-SALVAGE TITLE,"146,118 A",ACTUAL,FRONT END,0 USD,0 USD,0,AL - MONTGOMERY,0,N/A,N/A
https://www.copart.com/lot/84361765/salvage-2025-lincoln-aviator-al-montgomery,84361765,"58,483 USD",11/06/2025 12:00 pm CST,2025,LINC,AVIATOR,3.0L  6,6,5LM5J6WC5SG******,CERT OF TITLE-SALVAGE TITLE,"4,689 A",ACTUAL,FRONT END,0 USD,0 USD,0,AL - MONTGOMERY,0,N/A,N/A
https://www.copart.com/lot/84272305/salvage-2018-audi-q3-premium-al-dothan,84272305,"12,375 USD",11/06/2025 12:00 pm CST,2018,AUDI,Q3 PREMIUM,2.0L  4,4,WA1BCCFS5JR******,CERT OF TITLE-SALVAGE TITLE,"98,326 A",ACTUAL,REAR END,0 USD,0 USD,0,AL - DOTHAN,0,N/A,N/A
https://www.copart.com/lot/84250075/salvage-2019-gmc-acadia-sle-al-montgomery,84250075,"16,555 USD",11/06/2025 12:00 pm CST,2019,GMC,ACADIA SLE,2.5L  4,4,1GKKNSLA2KZ******,CERT OF TITLE-SALVAGE,"95,294 A",ACTUAL,FRONT END,0 USD,0 USD,0,AL - MONTGOMERY,0,N/A,N/A
https://www.copart.com/lot/84240355/salvage-2016-hyundai-elantra-se-al-montgomery,84240355,"9,271 USD",11/06/2025 12:00 pm CST,2016,HYUN,ELANTRA SE,1.8L  4,4,KMHDH4AE8GU******,CERT OF TITLE-SALVAGE TITLE,"75,315 A",ACTUAL,FRONT END,0 USD,0 USD,0,AL - MONTGOMERY,0,N/A,N/A
https://www.copart.com/lot/84222115/salvage-2015-subaru-outback-2-5i-premium-al-montgomery,84222115,"12,072 USD",11/06/2025 12:00 pm CST,2015,SUBA,OUTBACK 2.,2.5L  4,4,4S4BSBDCXF3******,CERT OF TITLE-SALVAGE TITLE,"50,105 A",ACTUAL,FRONT END,0 USD,0 USD,0,AL - MONTGOMERY,0,N/A,N/A
https://www.copart.com/lot/84197685/salvage-2019-buick-encore-al-montgomery,84197685,"11,689 USD",11/06/2025 12:00 pm CST,2019,BUIC,ENCORE,1.4L  4,4,KL4CJ3SB5KB******,CERT OF TITLE-SALVAGE TITLE,"69,680 A",ACTUAL,FRONT END,0 USD,0 USD,0,AL - MONTGOMERY,0,N/A,N/A
https://www.copart.com/lot/84064635/salvage-2016-chrysler-200-limited-al-montgomery,84064635,"8,027 USD",11/06/2025 12:00 pm CST,2016,CHRY,200 LIMITED,2.4L  4,4,1C3CCCABXGN******,CERT OF TITLE-SALVAGE TITLE,"180,890 N",NOT ACTUAL,MECHANICAL,0 USD,0 USD,0,AL - MONTGOMERY,0,N/A,N/A
https://www.copart.com/lot/84003785/clean-title-2021-chevrolet-silverado-c1500-al-montgomery,84003785,"16,933 USD",11/06/2025 12:00 pm CST,2021,CHEV,SILVERADO C1500,4.3L  6,6,3GCNWAEH9MG******,CERTIFICATE OF TITLE,"104,694 A",ACTUAL,FRONT END,"1,000 USD",0 USD,0,AL - MONTGOMERY,0,N/A,N/A
https://www.copart.com/lot/83982305/salvage-2016-volkswagen-passat-se-al-montgomery,83982305,"8,558 USD",11/06/2025 12:00 pm CST,2016,VOLK,PASSAT SE,1.8L  4,4,1VWBT7A32GC******,CERT OF TITLE-SALVAGE TITLE,"107,087 A",ACTUAL,SIDE,300 USD,0 USD,0,AL - MONTGOMERY,0,N/A,N/A
https://www.copart.com/lot/83979655/salvage-2015-bmw-320-i-xdrive-al-montgomery,83979655,"8,762 USD",11/06/2025 12:00 pm CST,2015,BMW,320 I XDRI,2.0L  4,4,WBA3C3G55FN******,CERT OF TITLE SLVG REBUILDABLE,"97,273 A",ACTUAL,FRONT END,0 USD,0 USD,0,AL - MONTGOMERY,0,N/A,N/A
https://www.copart.com/lot/83978485/salvage-2015-ford-f150-supercrew-al-montgomery,83978485,"21,190 USD",11/06/2025 12:00 pm CST,2015,FORD,F150 SUPER,5.0L  8,8,1FTEW1EF4FF******,CERT OF TITLE-SALVAGE TITLE,0 N,NOT ACTUAL,ALL OVER,0 USD,0 USD,0,AL - MONTGOMERY,0,N/A,N/A
https://www.copart.com/lot/83961465/salvage-2015-honda-civic-lx-al-montgomery,83961465,"7,837 USD",11/06/2025 12:00 pm CST,2015,HOND,CIVIC LX,1.8L  4,4,19XFB2F59FE******,CERT OF TITLE-SALVAGE TITLE,0 N,NOT ACTUAL,FRONT END,0 USD,0 USD,0,AL - MONTGOMERY,0,N/A,N/A
https://www.copart.com/lot/83863785/salvage-2020-honda-cr-v-ex-al-montgomery,83863785,"23,349 USD",11/06/2025 12:00 pm CST,2020,HOND,CR-V EX,1.5L  4,4,7FARW1H54LE******,CERT OF TITLE-SALVAGE TITLE,"34,310 A",ACTUAL,FRONT END,0 USD,0 USD,0,AL - MONTGOMERY,0,N/A,N/A
https://www.copart.com/lot/83817165/salvage-2022-mitsubishi-outlander-es-al-dothan,83817165,"16,836 USD",11/06/2025 12:00 pm CST,2022,MITS,OUTLANDER,2.5L  4,4,JA4J3TA82NZ******,CERT OF TITLE-SALVAGE TITLE,"87,539 A",ACTUAL,SIDE,0 USD,0 USD,0,AL - DOTHAN,0,N/A,N/A
https://www.copart.com/lot/83813915/salvage-2017-chevrolet-volt-lt-al-dothan,83813915,"8,504 USD",11/06/2025 12:00 pm CST,2017,CHEV,VOLT LT,1.5L  4,4,1G1RC6S5XHU******,CERT OF TITLE-SALVAGE TITLE,"121,179 A",ACTUAL,REAR END,0 USD,0 USD,0,AL - DOTHAN,0,N/A,N/A
https://www.copart.com/lot/82706375/salvage-2024-chevrolet-corvette-stingray-2lt-al-dothan,82706375,"66,865 USD",11/06/2025 12:00 pm CST,2024,CHEV,CORVETTE S,6.2L  8,8,1G1YB2D47R5******,CERT OF TITLE SLVG REBUILDABLE,"8,241 A",ACTUAL,REAR END,0 USD,0 USD,0,AL - DOTHAN,0,N/A,N/A
https://www.copart.com/lot/82296295/salvage-2025-ford-bronco-al-montgomery,82296295,"39,948 USD",11/06/2025 12:00 pm CST,2025,FORD,BRONCO,2.3L  4,4,1FMDE6BH5SL******,CERT OF TITLE-SALVAGE TITLE,"5,311 A",ACTUAL,FRONT END,60 USD,0 USD,0,AL - MONTGOMERY,0,N/A,N/A
https://www.copart.com/lot/82184195/salvage-2015-honda-fit-ex-al-dothan,82184195,"8,611 USD",11/06/2025 12:00 pm CST,2015,HOND,FIT EX,1.5L  4,4,3HGGK5H81FM******,CERT OF TITLE SLVG REBUILDABLE,"74,571 A",ACTUAL,FRONT END,0 USD,0 USD,0,AL - DOTHAN,0,N/A,N/A
https://www.copart.com/lot/82139965/salvage-2019-nissan-sentra-s-al-montgomery,82139965,"12,733 USD",11/06/2025 12:00 pm CST,2019,NISS,SENTRA S,1.8L  4,4,3N1AB7AP8KY******,CERT OF TITLE-SALVAGE TITLE,"50,156 A",ACTUAL,REAR END,0 USD,0 USD,0,AL - MONTGOMERY,0,N/A,N/A
https://www.copart.com/lot/82114815/salvage-2020-chevrolet-sonic-al-dothan,82114815,"10,857 USD",11/06/2025 12:00 pm CST,2020,CHEV,SONIC,1.4L  4,4,1G1JG6SBXL4******,CERT OF TITLE-SALVAGE TITLE,"56,817 A",ACTUAL,FRONT END,0 USD,0 USD,0,AL - DOTHAN,0,N/A,N/A
https://www.copart.com/lot/82091655/salvage-2021-toyota-corolla-l-al-montgomery,82091655,"17,775 USD",11/06/2025 12:00 pm CST,2021,TOYT,COROLLA L,1.8L  4,4,5YFDPMAE7MP******,CERT OF TITLE-SALVAGE TITLE,"51,744 A",ACTUAL,SIDE,0 USD,0 USD,0,AL - MONTGOMERY,0,N/A,N/A
https://www.copart.com/lot/82070425/clean-title-2015-nissan-sentra-s-al-dothan,82070425,$1 USD,11/06/2025 12:00 pm CST,2015,NISS,SENTRA S,1.8L  4,4,3N1AB7AP8FY******,CERTIFICATE OF TITLE,"81,362 A",ACTUAL,MECHANICAL,0 USD,0 USD,0,AL - DOTHAN,0,N/A,N/A
https://www.copart.com/lot/81981665/salvage-2017-nissan-maxima-3-5s-al-montgomery,81981665,"9,878 USD",11/06/2025 12:00 pm CST,2017,NISS,MAXIMA 3.5,3.5L  6,6,1N4AA6AP3HC******,CERT OF TITLE-SALVAGE TITLE,"160,586 A",ACTUAL,FRONT END,0 USD,0 USD,0,AL - MONTGOMERY,0,N/A,N/A
https://www.copart.com/lot/81961445/salvage-2016-toyota-tacoma-access-cab-al-montgomery,81961445,"18,635 USD",11/06/2025 12:00 pm CST,2016,TOYT,TACOMA ACC,3.5L  6,6,5TFSZ5AN8GX******,CERT OF TITLE-SALVAGE TITLE,"208,839 A",ACTUAL,FRONT END,0 USD,0 USD,0,AL - MONTGOMERY,0,N/A,N/A
https://www.copart.com/lot/81941555/salvage-2018-ford-f150-supercrew-al-dothan,81941555,"31,674 USD",11/06/2025 12:00 pm CST,2018,FORD,F150 SUPER,3.5L  6,6,1FTEW1EG7JF******,CERT OF TITLE-SALVAGE TITLE,0 N,NOT ACTUAL,ALL OVER,0 USD,0 USD,0,AL - DOTHAN,0,N/A,N/A
https://www.copart.com/lot/81927275/salvage-2018-ford-fusion-se-hybrid-al-dothan,81927275,"7,412 USD",11/06/2025 12:00 pm CST,2018,FORD,FUSION SE,2.0L  4,4,3FA6P0LU9JR******,CERT OF TITLE-SALVAGE TITLE,"112,235 A",ACTUAL,FRONT END,0 USD,0 USD,0,AL - DOTHAN,0,N/A,N/A
https://www.copart.com/lot/81925915/clean-title-2018-toyota-camry-l-al-montgomery,81925915,"2,242 USD",11/06/2025 12:00 pm CST,2018,TOYT,CAMRY L,2.5L  4,4,4T1B11HKXJU******,CERTIFICATE OF TITLE,"238,534 A",ACTUAL,FRONT END,0 USD,0 USD,0,AL - MONTGOMERY,0,N/A,N/A
https://www.copart.com/lot/81866545/2020-mitsubishi-mirage-g4-es-al-dothan,81866545,"8,929 USD",11/06/2025 12:00 pm CST,2020,MITS,MIRAGE G4,1.2L  3,3,ML32F3FJ6LH******,CERTIFICATE OF DESTRUCTION,"51,306 A",ACTUAL,FRONT END,0 USD,0 USD,0,AL - DOTHAN,0,N/A,N/A
https://www.copart.com/lot/81854035/salvage-2015-kia-cadenza-premium-al-montgomery,81854035,"11,035 USD",11/06/2025 12:00 pm CST,2015,KIA,CADENZA PR,3.3L  6,6,KNALN4D78F5******,CERT OF TITLE-SALVAGE TITLE,"44,046 N",NOT ACTUAL,FRONT END,0 USD,0 USD,0,AL - MONTGOMERY,0,N/A,N/A
https://www.copart.com/lot/81804255/clean-title-2016-kia-rio-lx-al-dothan,81804255,$1 USD,11/06/2025 12:00 pm CST,2016,KIA,RIO,1.6L  4,4,KNADM4A30G6******,CERTIFICATE OF TITLE,"210,419 A",ACTUAL,FRONT END,0 USD,0 USD,0,AL - DOTHAN,0,N/A,N/A
https://www.copart.com/lot/81706225/salvage-2017-land-rover-range-rover-evoque-se-al-montgomery,81706225,"14,094 USD",11/06/2025 12:00 pm CST,2017,LAND,RANGE ROVE,2.0L  4,4,SALVP2BG1HH******,CERT OF TITLE-SALVAGE TITLE,"64,278 A",ACTUAL,FRONT END,0 USD,0 USD,0,AL - MONTGOMERY,0,N/A,N/A
https://www.copart.com/lot/81644765/salvage-2022-hyundai-sonata-limited-al-dothan,81644765,"20,423 USD",11/06/2025 12:00 pm CST,2022,HYUN,SONATA LIM,1.6L  4,4,KMHL34J21NA******,CERT OF TITLE SLVG REBUILDABLE,"75,974 N",NOT ACTUAL,FRONT END,0 USD,0 USD,0,AL - DOTHAN,0,N/A,N/A
https://www.copart.com/lot/81588715/salvage-2015-nissan-pathfinder-s-al-montgomery,81588715,"7,244 USD",11/06/2025 12:00 pm CST,2015,NISS,PATHFINDER S,3.5L  6,6,5N1AR2MN6FC******,CERT OF TITLE-SALVAGE TITLE,"183,064 A",ACTUAL,FRONT END,0 USD,0 USD,0,AL - MONTGOMERY,0,N/A,N/A
https://www.copart.com/lot/81566935/salvage-2017-ford-fusion-s-al-montgomery,81566935,"6,321 USD",11/06/2025 12:00 pm CST,2017,FORD,FUSION S,2.5L  4,4,3FA6P0G72HR******,CERT OF TITLE-SALVAGE TITLE,"130,782 A",ACTUAL,REAR END,0 USD,0 USD,0,AL - MONTGOMERY,0,N/A,N/A
https://www.copart.com/lot/81550775/salvage-2015-chevrolet-malibu-1lt-al-montgomery,81550775,"8,490 USD",11/06/2025 12:00 pm CST,2015,CHEV,MALIBU 1LT,2.5L  4,4,1G11C5SL8FF******,CERT OF TITLE-SALVAGE TITLE,"109,929 A",ACTUAL,FRONT END,0 USD,0 USD,0,AL - MONTGOMERY,0,N/A,N/A
https://www.copart.com/lot/81508855/salvage-2016-gmc-canyon-sle-al-montgomery,81508855,"15,134 USD",11/06/2025 12:00 pm CST,2016,GMC,CANYON SLE,3.6L  6,6,1GTG5CE32G1******,CERT OF TITLE-SALVAGE TITLE,"200,983 A",ACTUAL,ROLLOVER,0 USD,0 USD,0,AL - MONTGOMERY,0,N/A,N/A
https://www.copart.com/lot/81495595/salvage-2022-chevrolet-trailblazer-activ-al-montgomery,81495595,"23,157 USD",11/06/2025 12:00 pm CST,2022,CHEV,TRAILBLAZER ACTIV,1.3L  3,3,KL79MVSL6NB******,CERT OF TITLE-SALVAGE TITLE,"32,014 A",ACTUAL,FRONT END,0 USD,0 USD,0,AL - MONTGOMERY,0,N/A,N/A
https://www.copart.com/lot/81479945/salvage-2017-honda-accord-sport-special-edition-al-dothan,81479945,"12,989 USD",11/06/2025 12:00 pm CST,2017,HOND,ACCORD SPO,2.4L  4,4,1HGCR2F13HA******,CERT OF TITLE-SALVAGE TITLE,"118,200 A",ACTUAL,FRONT END,0 USD,0 USD,0,AL - DOTHAN,0,N/A,N/A
https://www.copart.com/lot/81452555/salvage-2016-kia-rio-lx-al-montgomery,81452555,"8,265 USD",11/06/2025 12:00 pm CST,2016,KIA,RIO LX,1.6L  4,4,KNADM5A3XG6******,CERT OF TITLE-SALVAGE TITLE,"97,307 A",ACTUAL,REAR END,0 USD,0 USD,0,AL - MONTGOMERY,0,N/A,N/A
https://www.copart.com/lot/81449605/2018-hyundai-elantra-al-dothan,81449605,"5,909 USD",11/06/2025 12:00 pm CST,2018,HYUN,ELANTRA,2.0L  4,4,5NPD84LF1JH******,CERT OF TITLE-PARTS ONLY SALVG,"101,411 A",ACTUAL,FRONT END,0 USD,0 USD,0,AL - DOTHAN,0,N/A,N/A
https://www.copart.com/lot/81440475/salvage-2025-nissan-armada-pro-4x-al-dothan,81440475,"71,300 USD",11/06/2025 12:00 pm CST,2025,NISS,ARMADA PRO,3.5L  6,6,JN8AY3DE2S9******,CERT OF TITLE SLVG REBUILDABLE,"1,340 A",ACTUAL,FRONT END,"1,100 USD",0 USD,0,AL - DOTHAN,0,N/A,N/A
https://www.copart.com/lot/81431295/salvage-2018-nissan-rogue-s-al-montgomery,81431295,"9,969 USD",11/06/2025 12:00 pm CST,2018,NISS,ROGUE S,2.5L  4,4,JN8AT2MT8JW******,CERT OF TITLE-SALVAGE TITLE,"163,076 A",ACTUAL,REAR END,0 USD,0 USD,0,AL - MONTGOMERY,0,N/A,N/A
https://www.copart.com/lot/81408985/salvage-2015-hyundai-elantra-se-al-montgomery,81408985,"9,277 USD",11/06/2025 12:00 pm CST,2015,HYUN,ELANTRA SE,1.8L  4,4,KMHDH4AE3FU******,CERT OF TITLE-SALVAGE TITLE,"90,502 N",NOT ACTUAL,FRONT END,0 USD,0 USD,0,AL - MONTGOMERY,0,N/A,N/A
https://www.copart.com/lot/81394045/salvage-2016-ford-fusion-titanium-al-dothan,81394045,"7,789 USD",11/06/2025 12:00 pm CST,2016,FORD,FUSION TITANIUM,2.0L  4,4,3FA6P0D91GR******,CERT OF TITLE-SALVAGE TITLE,"229,986 A",ACTUAL,FRONT END,0 USD,0 USD,0,AL - DOTHAN,0,N/A,N/A
https://www.copart.com/lot/81325595/salvage-2015-chevrolet-malibu-1lt-al-montgomery,81325595,"4,135 USD",11/06/2025 12:00 pm CST,2015,CHEV,MALIBU 1LT,2.5L  4,4,1G11C5SL7FF******,CERT OF TITLE-SALVAGE TITLE,"317,846 A",ACTUAL,FRONT END,0 USD,0 USD,0,AL - MONTGOMERY,0,N/A,N/A
https://www.copart.com/lot/81308335/salvage-2020-hyundai-elantra-sport-al-montgomery,81308335,"13,812 USD",11/06/2025 12:00 pm CST,2020,HYUN,ELANTRA SPORT,1.6L  4,4,KMHD04LB3LU******,CERT OF TITLE-SALVAGE TITLE,"177,403 A",ACTUAL,FRONT END,0 USD,0 USD,0,AL - MONTGOMERY,0,N/A,N/A
https://www.copart.com/lot/81247795/salvage-2018-gmc-acadia-sle-al-dothan,81247795,"11,958 USD",11/06/2025 12:00 pm CST,2018,GMC,ACADIA SLE,2.5L  4,4,1GKKNLLA9JZ******,CERT OF TITLE-SALVAGE,"113,426 A",ACTUAL,FRONT END,0 USD,0 USD,0,AL - DOTHAN,0,N/A,N/A
https://www.copart.com/lot/81204185/salvage-2016-kia-sportage-lx-al-montgomery,81204185,"5,826 USD",11/06/2025 12:00 pm CST,2016,KIA,SPORTAGE L,2.4L  4,4,KNDPBCAC1G7******,CERT OF TITLE-SALVAGE TITLE,"202,555 A",ACTUAL,FRONT END,0 USD,0 USD,0,AL - MONTGOMERY,0,N/A,N/A
https://www.copart.com/lot/81202405/salvage-2020-hyundai-sonata-sel-al-montgomery,81202405,"14,728 USD",11/06/2025 12:00 pm CST,2020,HYUN,SONATA SEL,2.5L  4,4,5NPEF4JA0LH******,CERT OF TITLE-SALVAGE TITLE,"91,594 A",ACTUAL,SIDE,0 USD,0 USD,0,AL - MONTGOMERY,0,N/A,N/A
https://www.copart.com/lot/81154415/2017-dodge-charger-rt-al-montgomery,81154415,"14,067 USD",11/06/2025 12:00 pm CST,2017,DODG,CHARGER R/T,5.7L  8,8,2C3CDXCTXHH******,CERT OF TITLE-PARTS ONLY SALVG,0 N,NOT ACTUAL,BURN,0 USD,0 USD,0,AL - MONTGOMERY,0,N/A,N/A
https://www.copart.com/lot/81147195/salvage-2022-buick-encore-preferred-al-montgomery,81147195,"16,450 USD",11/06/2025 12:00 pm CST,2022,BUIC,ENCORE PREFERRED,1.4L  4,4,KL4CJESM5NB******,CERT OF TITLE-SALVAGE TITLE,"81,740 A",ACTUAL,TOP/ROOF,0 USD,0 USD,0,AL - MONTGOMERY,0,N/A,N/A
https://www.copart.com/lot/81033205/salvage-2021-nissan-maxima-sr-al-montgomery,81033205,"21,416 USD",11/06/2025 12:00 pm CST,2021,NISS,MAXIMA SR,3.5L  6,6,1N4AA6EV0MC******,CERT OF TITLE-SALVAGE TITLE,"81,361 A",ACTUAL,SIDE,0 USD,0 USD,0,AL - MONTGOMERY,0,N/A,N/A
https://www.copart.com/lot/81017275/salvage-2016-chevrolet-malibu-ls-al-montgomery,81017275,"9,531 USD",11/06/2025 12:00 pm CST,2016,CHEV,MALIBU LS,1.5L  4,4,1G1ZC5ST2GF******,CERT OF TITLE-SALVAGE TITLE,"81,099 A",ACTUAL,FRONT END,0 USD,0 USD,0,AL - MONTGOMERY,0,N/A,N/A
https://www.copart.com/lot/80995475/salvage-2020-honda-accord-lx-al-montgomery,80995475,"13,371 USD",11/06/2025 12:00 pm CST,2020,HOND,ACCORD LX,1.5L  4,4,1HGCV1F19LA******,CERT OF TITLE-SALVAGE TITLE,"151,340 A",ACTUAL,SIDE,0 USD,0 USD,0,AL - MONTGOMERY,0,N/A,N/A
https://www.copart.com/lot/80933255/salvage-2017-dodge-durango-sxt-al-dothan,80933255,"11,144 USD",11/06/2025 12:00 pm CST,2017,DODG,DURANGO SX,3.6L  6,6,1C4RDJAG9HC******,CERT OF TITLE-SALVAGE TITLE,"132,136 A",ACTUAL,UNDERCARRIAGE,0 USD,0 USD,0,AL - DOTHAN,0,N/A,N/A
https://www.copart.com/lot/80915465/salvage-2015-ford-focus-se-al-montgomery,80915465,"4,303 USD",11/06/2025 12:00 pm CST,2015,FORD,FOCUS SE,2.0L  4,4,1FADP3F23FL******,CERT OF TITLE-SALVAGE TITLE,"222,246 A",ACTUAL,FRONT END,0 USD,0 USD,0,AL - MONTGOMERY,0,N/A,N/A
https://www.copart.com/lot/80881055/salvage-2018-ford-fusion-titaniumplatinum-hev-al-montgomery,80881055,"16,406 USD",11/06/2025 12:00 pm CST,2018,FORD,FUSION TIT,2.0L  4,4,3FA6P0RU1JR******,CERT OF TITLE-SALVAGE TITLE,"128,375 A",ACTUAL,FRONT END,0 USD,0 USD,0,AL - MONTGOMERY,0,N/A,N/A
https://www.copart.com/lot/80870795/salvage-2020-ford-f150-supercrew-al-montgomery,80870795,"42,688 USD",11/06/2025 12:00 pm CST,2020,FORD,F150 SUPERCREW,5.0L  8,8,1FTEW1E53LF******,CERT OF TITLE-SALVAGE TITLE,"100,063 N",NOT ACTUAL,ALL OVER,0 USD,0 USD,0,AL - MONTGOMERY,0,N/A,N/A
https://www.copart.com/lot/80832905/salvage-2016-chevrolet-suburban-c1500-ltz-al-dothan,80832905,"23,086 USD",11/06/2025 12:00 pm CST,2016,CHEV,SUBURBAN C,5.3L  8,8,1GNSCJKC5GR******,CERT OF TITLE-SALVAGE TITLE,"110,358 A",ACTUAL,SIDE,0 USD,0 USD,0,AL - DOTHAN,0,N/A,N/A
https://www.copart.com/lot/80784805/salvage-2019-honda-accord-lx-al-dothan,80784805,"15,798 USD",11/06/2025 12:00 pm CST,2019,HOND,ACCORD LX,1.5L  4,4,1HGCV1F10KA******,CERT OF TITLE-SALVAGE TITLE,"102,424 A",ACTUAL,REAR END,0 USD,0 USD,0,AL - DOTHAN,0,N/A,N/A
https://www.copart.com/lot/80697814/salvage-2022-ford-f250-super-duty-al-montgomery,80697814,"74,175 USD",11/06/2025 12:00 pm CST,2022,FORD,F250 SUPER,6.7L  8,8,1FT7W2BT1NE******,CERT OF TITLE-SALVAGE TITLE,"37,894 A",ACTUAL,ROLLOVER,200 USD,0 USD,0,AL - MONTGOMERY,0,N/A,N/A
https://www.copart.com/lot/80663525/salvage-2020-mitsubishi-outlander-sport-se-al-montgomery,80663525,"15,966 USD",11/06/2025 12:00 pm CST,2020,MITS,OUTLANDER,2.0L  4,4,JA4AP4AU1LU******,CERT OF TITLE-SALVAGE TITLE,"49,390 A",ACTUAL,SIDE,0 USD,0 USD,0,AL - MONTGOMERY,0,N/A,N/A
https://www.copart.com/lot/80619965/salvage-2020-jeep-cherokee-latitude-al-montgomery,80619965,"16,697 USD",11/06/2025 12:00 pm CST,2020,JEP,CHEROKEE LATITUDE,2.4L  4,4,1C4PJLCB2LD******,CERT OF TITLE-SALVAGE TITLE,"87,288 A",ACTUAL,FRONT END,0 USD,0 USD,0,AL - MONTGOMERY,0,N/A,N/A
https://www.copart.com/lot/80567165/salvage-2015-nissan-frontier-s-al-montgomery,80567165,"9,672 USD",11/06/2025 12:00 pm CST,2015,NISS,FRONTIER S,4.0L  6,6,1N6AD0EV5FN******,CERT OF TITLE-SALVAGE TITLE,"360,923 N",NOT ACTUAL,FRONT END,0 USD,0 USD,0,AL - MONTGOMERY,0,N/A,N/A
https://www.copart.com/lot/80565735/2020-ford-escape-sel-al-dothan,80565735,"17,790 USD",11/06/2025 12:00 pm CST,2020,FORD,ESCAPE SEL,1.5L  3,3,1FMCU0H64LU******,CERTIFICATE OF DESTRUCTION,"52,827 A",ACTUAL,FRONT END,0 USD,0 USD,0,AL - DOTHAN,0,N/A,N/A
https://www.copart.com/lot/80499515/salvage-2018-dodge-grand-caravan-sxt-al-dothan,80499515,"11,383 USD",11/06/2025 12:00 pm CST,2018,DODG,GRAND CARAVAN SXT,3.6L  6,6,2C4RDGCG1JR******,CERT OF TITLE SLVG REBUILDABLE,"117,452 A",ACTUAL,MECHANICAL,0 USD,0 USD,0,AL - DOTHAN,0,N/A,N/A
https://www.copart.com/lot/80467095/salvage-2016-cadillac-escalade-platinum-al-montgomery,80467095,"27,128 USD",11/06/2025 12:00 pm CST,2016,CADI,ESCALADE P,6.2L  8,8,1GYS4DKJ7GR******,CERT OF TITLE-SALVAGE TITLE,0 N,NOT ACTUAL,SIDE,0 USD,0 USD,0,AL - MONTGOMERY,0,N/A,N/A
https://www.copart.com/lot/80400105/salvage-2020-chevrolet-equinox-lt-al-dothan,80400105,"13,753 USD",11/06/2025 12:00 pm CST,2020,CHEV,EQUINOX LT,1.5L  4,4,3GNAXKEV0LS******,CERT OF TITLE-SALVAGE TITLE,"100,969 A",ACTUAL,FRONT END,0 USD,0 USD,0,AL - DOTHAN,0,N/A,N/A
https://www.copart.com/lot/80366185/salvage-2018-toyota-corolla-l-al-montgomery,80366185,"11,309 USD",11/06/2025 12:00 pm CST,2018,TOYT,COROLLA L,1.8L  4,4,2T1BURHE7JC******,CERT OF TITLE-SALVAGE TITLE,"150,741 A",ACTUAL,ALL OVER,0 USD,0 USD,0,AL - MONTGOMERY,0,N/A,N/A
https://www.copart.com/lot/80364865/salvage-2018-chevrolet-cruze-ls-al-montgomery,80364865,"9,796 USD",11/06/2025 12:00 pm CST,2018,CHEV,CRUZE LS,1.4L  4,4,1G1BB5SM2J7******,CERT OF TITLE-SALVAGE TITLE,"108,304 A",ACTUAL,SIDE,0 USD,0 USD,0,AL - MONTGOMERY,0,N/A,N/A
https://www.copart.com/lot/80326475/salvage-2018-gmc-acadia-slt-1-al-dothan,80326475,"15,646 USD",11/06/2025 12:00 pm CST,2018,GMC,ACADIA SLT-1,3.6L  6,6,1GKKNMLS4JZ******,CERT OF TITLE-SALVAGE TITLE,"115,007 A",ACTUAL,FRONT END,0 USD,0 USD,0,AL - DOTHAN,0,N/A,N/A
https://www.copart.com/lot/80311265/salvage-2017-subaru-outback-2-5i-limited-al-montgomery,80311265,"10,843 USD",11/06/2025 12:00 pm CST,2017,SUBA,OUTBACK 2.,2.5L  4,4,4S4BSANC9H3******,CERT OF TITLE-SALVAGE TITLE,"134,010 A",ACTUAL,FRONT END,0 USD,0 USD,0,AL - MONTGOMERY,0,N/A,N/A
https://www.copart.com/lot/80308865/salvage-2018-toyota-camry-l-al-dothan,80308865,"16,462 USD",11/06/2025 12:00 pm CST,2018,TOYT,CAMRY L,2.5L  4,4,4T1B11HK0JU******,CERT OF TITLE-SALVAGE TITLE,"96,191 A",ACTUAL,SIDE,0 USD,0 USD,0,AL - DOTHAN,0,N/A,N/A
https://www.copart.com/lot/80287925/salvage-2016-honda-odyssey-exl-al-montgomery,80287925,"17,211 USD",11/06/2025 12:00 pm CST,2016,HOND,ODYSSEY EXL,3.5L  6,6,5FNRL5H63GB******,CERT OF TITLE-SALVAGE TITLE,"79,178 A",ACTUAL,SIDE,0 USD,0 USD,0,AL - MONTGOMERY,0,N/A,N/A
https://www.copart.com/lot/80278465/salvage-2020-mazda-cx-9-touring-al-montgomery,80278465,"16,341 USD",11/06/2025 12:00 pm CST,2020,MAZD,CX-9 TOURI,2.5L  4,4,JM3TCACY0L0******,CERT OF TITLE-SALVAGE TITLE,"87,107 A",ACTUAL,FRONT END,0 USD,0 USD,0,AL - MONTGOMERY,0,N/A,N/A
https://www.copart.com/lot/80268835/salvage-2016-hyundai-tucson-limited-al-dothan,80268835,"10,500 USD",11/06/2025 12:00 pm CST,2016,HYUN,TUCSON LIM,1.6L  4,4,KM8J3CA22GU******,CERT OF TITLE-SALVAGE TITLE,"139,921 A",ACTUAL,FRONT END,0 USD,0 USD,0,AL - DOTHAN,0,N/A,N/A
https://www.copart.com/lot/80223085/salvage-2019-chevrolet-silverado-c1500-custom-al-montgomery,80223085,"22,414 USD",11/06/2025 12:00 pm CST,2019,CHEV,SILVERADO C1500 CUSTOM,5.3L  8,8,3GCPWBEF9KG******,CERT OF TITLE-SALVAGE TITLE,"175,604 A",ACTUAL,REAR END,0 USD,0 USD,0,AL - MONTGOMERY,0,N/A,N/A
https://www.copart.com/lot/80136395/salvage-2017-ford-edge-titanium-al-montgomery,80136395,"15,538 USD",11/06/2025 12:00 pm CST,2017,FORD,EDGE TITANIUM,3.5L  6,6,2FMPK4K83HB******,CERT OF TITLE-SALVAGE TITLE,"113,074 A",ACTUAL,REAR END,0 USD,0 USD,0,AL - MONTGOMERY,0,N/A,N/A
https://www.copart.com/lot/80113215/salvage-2019-nissan-altima-s-al-dothan,80113215,"9,355 USD",11/06/2025 12:00 pm CST,2019,NISS,ALTIMA S,2.5L  4,4,1N4BL4BV1KC******,CERT OF TITLE SLVG REBUILDABLE,"144,377 A",ACTUAL,FRONT END,0 USD,0 USD,0,AL - DOTHAN,0,N/A,N/A
https://www.copart.com/lot/80085545/salvage-2019-lexus-is-300-al-montgomery,80085545,"24,382 USD",11/06/2025 12:00 pm CST,2019,LEXS,IS 300,2.0L  4,4,JTHBA1D23K5******,CERT OF TITLE-SALVAGE,"56,970 A",ACTUAL,REAR END,0 USD,0 USD,0,AL - MONTGOMERY,0,N/A,N/A
https://www.copart.com/lot/80083895/salvage-2017-nissan-sentra-s-al-montgomery,80083895,"9,693 USD",11/06/2025 12:00 pm CST,2017,NISS,SENTRA S,1.8L  4,4,3N1AB7AP4HY******,CERT OF TITLE-SALVAGE TITLE,"114,635 A",ACTUAL,FRONT END,0 USD,0 USD,0,AL - MONTGOMERY,0,N/A,N/A
https://www.copart.com/lot/80081665/salvage-2017-nissan-altima-2-5-al-montgomery,80081665,"11,575 USD",11/06/2025 12:00 pm CST,2017,NISS,ALTIMA 2.5,2.5L  4,4,1N4AL3AP3HC******,CERT OF TITLE-SALVAGE TITLE,0 N,NOT ACTUAL,FRONT END,0 USD,0 USD,0,AL - MONTGOMERY,0,N/A,N/A
https://www.copart.com/lot/80072035/salvage-2016-nissan-altima-2-5-al-montgomery,80072035,"6,644 USD",11/06/2025 12:00 pm CST,2016,NISS,ALTIMA 2.5,2.5L  4,4,1N4AL3AP2GC******,CERT OF TITLE-SALVAGE TITLE,"151,039 A",ACTUAL,FRONT END,0 USD,0 USD,0,AL - MONTGOMERY,0,N/A,N/A
https://www.copart.com/lot/80010705/salvage-2020-chevrolet-malibu-ls-al-montgomery,80010705,"14,368 USD",11/06/2025 12:00 pm CST,2020,CHEV,MALIBU LS,1.5L  4,4,1G1ZB5ST3LF******,SALVAGE CERTIFICATE OF TITLE,"69,059 A",ACTUAL,SIDE,0 USD,0 USD,0,AL - MONTGOMERY,0,N/A,N/A
https://www.copart.com/lot/80005695/2015-kia-forte-lx-al-montgomery,80005695,"4,025 USD",11/06/2025 12:00 pm CST,2015,KIA,FORTE LX,1.8L  4,4,KNAFK4A66F5******,CERT OF TITLE-PARTS ONLY SALVG,"240,421 A",ACTUAL,ROLLOVER,0 USD,0 USD,0,AL - MONTGOMERY,0,N/A,N/A
https://www.copart.com/lot/79346734/salvage-2022-ford-bronco-sport-big-bend-al-montgomery,79346734,"26,656 USD",11/06/2025 12:00 pm CST,2022,FORD,BRONCO SPO,1.5L  3,3,3FMCR9B69NR******,CERT OF TITLE-SALVAGE TITLE,"8,808 A",ACTUAL,FRONT END,0 USD,0 USD,0,AL - MONTGOMERY,0,N/A,N/A
https://www.copart.com/lot/72044835/2017-acura-ilx-premium-al-montgomery,72044835,"12,539 USD",11/06/2025 12:00 pm CST,2017,ACUR,ILX PREMIU,2.4L  4,4,19UDE2F73HA******,CERT OF TITLE-PARTS ONLY SALVG,0 N,NOT ACTUAL,FRONT END,0 USD,0 USD,0,AL - MONTGOMERY,0,N/A,N/A
https://www.copart.com/lot/72035975/salvage-2019-dodge-grand-caravan-gt-al-dothan,72035975,"9,013 USD",11/06/2025 12:00 pm CST,2019,DODG,GRAND CARA,3.6L  6,6,2C4RDGEG3KR******,CERT OF TITLE-SALVAGE TITLE,"131,476 A",ACTUAL,SIDE,0 USD,0 USD,0,AL - DOTHAN,0,N/A,N/A
https://www.copart.com/lot/71982635/salvage-2016-dodge-charger-sxt-al-montgomery,71982635,"7,322 USD",11/06/2025 12:00 pm CST,2016,DODG,CHARGER SX,3.6L  6,6,2C3CDXHG2GH******,CERT OF TITLE-SALVAGE TITLE,"168,583 A",ACTUAL,FRONT END,0 USD,0 USD,0,AL - MONTGOMERY,0,N/A,N/A
https://www.copart.com/lot/71981945/salvage-2018-hyundai-elantra-sel-al-montgomery,71981945,"12,110 USD",11/06/2025 12:00 pm CST,2018,HYUN,ELANTRA SEL,2.0L  4,4,5NPD84LFXJH******,CERT OF TITLE-SALVAGE TITLE,"84,443 A",ACTUAL,FRONT END,0 USD,0 USD,0,AL - MONTGOMERY,0,N/A,N/A
https://www.copart.com/lot/71970895/salvage-2017-jeep-renegade-sport-al-montgomery,71970895,"7,360 USD",11/06/2025 12:00 pm CST,2017,JEP,RENEGADE S,2.4L  4,4,ZACCJAAB4HP******,CERT OF TITLE-SALVAGE,"133,090 A",ACTUAL,FRONT END,0 USD,0 USD,0,AL - MONTGOMERY,0,N/A,N/A
https://www.copart.com/lot/71863745/salvage-2019-mercedes-benz-a-220-4matic-al-montgomery,71863745,"16,071 USD",11/06/2025 12:00 pm CST,2019,MERZ,A 220 4MAT,2.0L  4,4,WDD3G4FB7KW******,CERT OF TITLE-SALVAGE TITLE,"100,231 A",ACTUAL,REAR END,0 USD,0 USD,0,AL - MONTGOMERY,0,N/A,N/A
https://www.copart.com/lot/71790465/salvage-2021-kia-k5-lx-al-dothan,71790465,"18,518 USD",11/06/2025 12:00 pm CST,2021,KIA,K5 LX,1.6L  4,4,5XXG24J27MG******,CERT OF TITLE SLVG REBUILDABLE,"19,123 A",ACTUAL,REAR END,0 USD,0 USD,0,AL - DOTHAN,0,N/A,N/A
https://www.copart.com/lot/71785175/salvage-2017-honda-accord-exl-al-dothan,71785175,"12,188 USD",11/06/2025 12:00 pm CST,2017,HOND,ACCORD EXL,2.4L  4,4,1HGCR2F8XHA******,CERT OF TITLE-SALVAGE TITLE,"127,462 A",ACTUAL,FRONT END,0 USD,0 USD,0,AL - DOTHAN,0,N/A,N/A
https://www.copart.com/lot/71692375/salvage-2015-nissan-altima-2-5-al-montgomery,71692375,"4,488 USD",11/06/2025 12:00 pm CST,2015,NISS,ALTIMA 2.5,2.5L  4,4,1N4AL3AP6FC******,CERT OF TITLE-SALVAGE TITLE,"184,877 A",ACTUAL,FRONT END,0 USD,0 USD,0,AL - MONTGOMERY,0,N/A,N/A
https://www.copart.com/lot/71685495/salvage-2023-gmc-sierra-k2500-at4-al-montgomery,71685495,"57,838 USD",11/06/2025 12:00 pm CST,2023,GMC,1/2 TON PI,6.6L  8,8,1GT49PEY4PF******,CERT OF TITLE-SALVAGE TITLE,"76,249 A",ACTUAL,SIDE,525 USD,0 USD,0,AL - MONTGOMERY,0,N/A,N/A
https://www.copart.com/lot/71616385/salvage-2019-ram-1500-big-hornlone-star-al-montgomery,71616385,"24,069 USD",11/06/2025 12:00 pm CST,2019,RAM,1500 BIG H,5.7L  8,8,1C6SRFFT5KN******,CERT OF TITLE-SALVAGE TITLE,"116,178 A",ACTUAL,FRONT END,0 USD,0 USD,0,AL - MONTGOMERY,0,N/A,N/A
https://www.copart.com/lot/71607205/salvage-2017-chevrolet-malibu-ls-al-dothan,71607205,"4,491 USD",11/06/2025 12:00 pm CST,2017,CHEV,MALIBU LS,1.5L  4,4,1G1ZB5ST1HF******,CERT OF TTL-REBUILT&SLVG RBLD,"150,021 A",ACTUAL,FRONT END,0 USD,0 USD,0,AL - DOTHAN,0,N/A,N/A
https://www.copart.com/lot/71590085/salvage-2016-dodge-challenger-rt-al-montgomery,71590085,"20,252 USD",11/06/2025 12:00 pm CST,2016,DODG,CHALLENGER R/T,5.7L  8,8,2C3CDZBT3GH******,CERT OF TITLE-SALVAGE TITLE,"70,984 A",ACTUAL,MINOR DENT/SCRATCHES,0 USD,0 USD,0,AL - MONTGOMERY,0,N/A,N/A
https://www.copart.com/lot/71453985/salvage-2015-hyundai-sonata-sport-al-montgomery,71453985,"5,915 USD",11/06/2025 12:00 pm CST,2015,HYUN,SONATA SPO,2.4L  4,4,5NPE34AF2FH******,CERT OF TITLE-SALVAGE TITLE,"209,385 A",ACTUAL,FRONT END,0 USD,0 USD,0,AL - MONTGOMERY,0,N/A,N/A
https://www.copart.com/lot/71441575/salvage-2019-nissan-rogue-s-al-montgomery,71441575,"14,480 USD",11/06/2025 12:00 pm CST,2019,NISS,ROGUE S,2.5L  4,4,JN8AT2MT1KW******,CERT OF TITLE-SALVAGE TITLE,"75,493 A",ACTUAL,FRONT END,0 USD,0 USD,0,AL - MONTGOMERY,0,N/A,N/A
https://www.copart.com/lot/71434075/salvage-2020-chrysler-pacifica-limited-al-montgomery,71434075,"14,068 USD",11/06/2025 12:00 pm CST,2020,CHRY,PACIFICA L,3.6L  6,6,2C4RC1GG1LR******,CERT OF TITLE-SALVAGE TITLE,"217,435 A",ACTUAL,FRONT END,0 USD,0 USD,0,AL - MONTGOMERY,0,N/A,N/A
https://www.copart.com/lot/71430645/salvage-2024-mazda-cx-90-select-al-dothan,71430645,"27,999 USD",11/06/2025 12:00 pm CST,2024,MAZD,CX-90 SELE,3.3L  6,6,JM3KKAHD3R1******,CERT OF TITLE SLVG REBUILDABLE,"24,270 A",ACTUAL,FRONT END,0 USD,0 USD,0,AL - DOTHAN,0,N/A,N/A
https://www.copart.com/lot/71349985/salvage-2017-nissan-rogue-s-al-montgomery,71349985,"9,543 USD",11/06/2025 12:00 pm CST,2017,NISS,ROGUE S,2.5L  4,4,JN8AT2MT9HW******,CERT OF TITLE-SALVAGE TITLE,"177,476 A",ACTUAL,VANDALISM,60 USD,0 USD,0,AL - MONTGOMERY,0,N/A,N/A
https://www.copart.com/lot/71201335/salvage-2019-toyota-camry-l-al-montgomery,71201335,"16,265 USD",11/06/2025 12:00 pm CST,2019,TOYT,CAMRY L,2.5L  4,4,4T1B11HK0KU******,CERT OF TITLE-SALVAGE TITLE,"109,201 A",ACTUAL,FRONT END,0 USD,0 USD,0,AL - MONTGOMERY,0,N/A,N/A
https://www.copart.com/lot/71099905/salvage-2015-honda-accord-exl-al-montgomery,71099905,"10,836 USD",11/06/2025 12:00 pm CST,2015,HOND,ACCORD EXL,2.4L  4,4,1HGCT1B83FA******,CERT OF TITLE-SALVAGE TITLE,"134,337 A",ACTUAL,FRONT END,0 USD,0 USD,0,AL - MONTGOMERY,0,N/A,N/A
https://www.copart.com/lot/71074635/salvage-2018-honda-odyssey-exl-al-dothan,71074635,"18,275 USD",11/06/2025 12:00 pm CST,2018,HOND,ODYSSEY EX,3.5L  6,6,5FNRL6H72JB******,CERT OF TITLE-SALVAGE TITLE,"121,855 A",ACTUAL,REAR END,0 USD,0 USD,0,AL - DOTHAN,0,N/A,N/A
https://www.copart.com/lot/71074435/salvage-2017-gmc-acadia-slt-2-al-dothan,71074435,"8,339 USD",11/06/2025 12:00 pm CST,2017,GMC,ACADIA SLT-2,3.6L  6,6,1GKKNNLS2HZ******,CERT OF TITLE-SALVAGE TITLE,"172,874 A",ACTUAL,FRONT END,0 USD,0 USD,0,AL - DOTHAN,0,N/A,N/A
https://www.copart.com/lot/71016185/salvage-2023-jeep-grand-cherokee-l-limited-al-montgomery,71016185,"30,426 USD",11/06/2025 12:00 pm CST,2023,JEP,GRAND CHER,3.6L  6,6,1C4RJJBG9P8******,CERT OF TITLE-SALVAGE TITLE,"34,139 A",ACTUAL,FRONT END,0 USD,0 USD,0,AL - MONTGOMERY,0,N/A,N/A
https://www.copart.com/lot/70962165/salvage-2020-chevrolet-equinox-ls-al-montgomery,70962165,"13,593 USD",11/06/2025 12:00 pm CST,2020,CHEV,EQUINOX LS,1.5L  4,4,2GNAXHEV4L6******,CERT OF TITLE-SALVAGE TITLE,"82,995 A",ACTUAL,FRONT END,0 USD,0 USD,0,AL - MONTGOMERY,0,N/A,N/A
https://www.copart.com/lot/70824425/salvage-2018-hyundai-ioniq-blue-al-dothan,70824425,"8,313 USD",11/06/2025 12:00 pm CST,2018,HYUN,IONIQ BLUE,1.6L  4,4,KMHC65LC8JU******,CERT OF TITLE-SALVAGE TITLE,"99,608 A",ACTUAL,FRONT END,0 USD,0 USD,0,AL - DOTHAN,0,N/A,N/A
https://www.copart.com/lot/70820115/salvage-2017-jeep-wrangler-unlimited-sport-al-montgomery,70820115,"21,823 USD",11/06/2025 12:00 pm CST,2017,JEP,WRANGLER UNLIMITED SPORT,3.6L  6,6,1C4BJWDG2HL******,CERT OF TITLE-SALVAGE TITLE,"86,837 A",ACTUAL,FRONT END,0 USD,0 USD,0,AL - MONTGOMERY,0,N/A,N/A
https://www.copart.com/lot/70815655/salvage-2020-nissan-altima-sr-al-montgomery,70815655,"19,230 USD",11/06/2025 12:00 pm CST,2020,NISS,ALTIMA SR,2.5L  4,4,1N4BL4CV7LC******,CERT OF TITLE-SALVAGE TITLE,"22,982 A",ACTUAL,FRONT END,0 USD,0 USD,0,AL - MONTGOMERY,0,N/A,N/A
https://www.copart.com/lot/70736105/salvage-2016-nissan-altima-2-5-al-montgomery,70736105,"11,913 USD",11/06/2025 12:00 pm CST,2016,NISS,ALITMA,2.5L  4,4,1N4AL3AP9GC******,CERT OF TITLE-SALVAGE TITLE,"155,386 A",ACTUAL,ALL OVER,0 USD,0 USD,0,AL - MONTGOMERY,0,N/A,N/A
https://www.copart.com/lot/70717925/salvage-2023-nissan-murano-sv-al-montgomery,70717925,"24,038 USD",11/06/2025 12:00 pm CST,2023,NISS,MURANO SV,3.5L  6,6,5N1AZ2BJ4PC******,CERT OF TITLE-SALVAGE TITLE,"19,921 A",ACTUAL,FRONT END,175 USD,0 USD,0,AL - MONTGOMERY,0,N/A,N/A
https://www.copart.com/lot/70589715/salvage-2019-ford-mustang-al-montgomery,70589715,"19,656 USD",11/06/2025 12:00 pm CST,2019,FORD,MUSTANG,2.3L  4,4,1FA6P8TH1K5******,CERT OF TITLE-SALVAGE TITLE,"77,526 N",NOT ACTUAL,FRONT END,0 USD,0 USD,0,AL - MONTGOMERY,0,N/A,N/A
https://www.copart.com/lot/70553315/salvage-2017-toyota-tacoma-access-cab-al-montgomery,70553315,"20,451 USD",11/06/2025 12:00 pm CST,2017,TOYT,TACOMA ACC,3.5L  6,6,5TFSZ5AN6HX******,CERT OF TITLE-SALVAGE TITLE,"135,980 A",ACTUAL,SIDE,0 USD,0 USD,0,AL - MONTGOMERY,0,N/A,N/A
https://www.copart.com/lot/70509765/salvage-2019-gmc-yukon-denali-al-montgomery,70509765,"28,162 USD",11/06/2025 12:00 pm CST,2019,GMC,YUKON DENA,6.2L  8,8,1GKS1CKJ5KR******,CERT OF TITLE-SALVAGE TITLE,"127,562 A",ACTUAL,FRONT END,0 USD,0 USD,0,AL - MONTGOMERY,0,N/A,N/A
https://www.copart.com/lot/70319365/salvage-2019-dodge-grand-caravan-gt-al-montgomery,70319365,"10,650 USD",11/06/2025 12:00 pm CST,2019,DODG,GRAND CARAVAN GT,3.6L  6,6,2C4RDGEG2KR******,CERT OF TITLE-SALVAGE TITLE,"163,528 A",ACTUAL,FRONT END,0 USD,0 USD,0,AL - MONTGOMERY,0,N/A,N/A
https://www.copart.com/lot/70207885/salvage-2015-nissan-titan-s-al-montgomery,70207885,"14,108 USD",11/06/2025 12:00 pm CST,2015,NISS,TITAN S,5.6L  8,8,1N6AA0EC2FN******,CERT OF TITLE-SALVAGE TITLE,"215,949 A",ACTUAL,FRONT END,0 USD,0 USD,0,AL - MONTGOMERY,0,N/A,N/A
https://www.copart.com/lot/70183365/salvage-2019-gmc-acadia-slt-1-al-montgomery,70183365,"22,025 USD",11/06/2025 12:00 pm CST,2019,GMC,ACADIA SLT-1,3.6L  6,6,1GKKNMLS5KZ******,CERT OF TITLE-SALVAGE TITLE,"33,257 A",ACTUAL,FRONT END,0 USD,0 USD,0,AL - MONTGOMERY,0,N/A,N/A
https://www.copart.com/lot/70061285/salvage-2016-honda-accord-lx-al-montgomery,70061285,"10,763 USD",11/06/2025 12:00 pm CST,2016,HOND,ACCORD LX,2.4L  4,4,1HGCR2F34GA******,CERT OF TITLE-SALVAGE TITLE,"148,960 A",ACTUAL,FRONT END,60 USD,0 USD,0,AL - MONTGOMERY,0,N/A,N/A
https://www.copart.com/lot/70042955/salvage-2017-toyota-tacoma-double-cab-al-montgomery,70042955,"30,275 USD",11/06/2025 12:00 pm CST,2017,TOYT,TACOMA DOUBLE CAB,3.5L  6,6,3TMCZ5AN8HM******,CERT OF TITLE SLVG REBUILDABLE,"111,059 A",ACTUAL,REAR END,0 USD,0 USD,0,AL - MONTGOMERY,0,N/A,N/A
https://www.copart.com/lot/70017815/salvage-2017-nissan-sentra-s-al-montgomery,70017815,"5,973 USD",11/06/2025 12:00 pm CST,2017,NISS,SENTRA S,1.8L  4,4,3N1AB7AP8HY******,CERT OF TITLE-SALVAGE TITLE,"94,362 A",ACTUAL,FRONT END,0 USD,0 USD,0,AL - MONTGOMERY,0,N/A,N/A
https://www.copart.com/lot/69804665/salvage-2021-nissan-rogue-sport-s-al-montgomery,69804665,"15,875 USD",11/06/2025 12:00 pm CST,2021,NISS,ROGUE SPORT S,2.0L  4,4,JN1BJ1AVXMW******,CERT OF TITLE-SALVAGE TITLE,"110,825 A",ACTUAL,FRONT END,0 USD,0 USD,0,AL - MONTGOMERY,0,N/A,N/A
https://www.copart.com/lot/69664545/salvage-2024-hyundai-elantra-blue-al-montgomery,69664545,"19,540 USD",11/06/2025 12:00 pm CST,2024,HYUN,ELANTRA BL,1.6L  4,4,KMHLM4DJ1RU******,CERT OF TITLE-SALVAGE TITLE,"23,552 A",ACTUAL,FRONT END,0 USD,0 USD,0,AL - MONTGOMERY,0,N/A,N/A
https://www.copart.com/lot/69579675/salvage-2016-chevrolet-camaro-lt-al-montgomery,69579675,"14,581 USD",11/06/2025 12:00 pm CST,2016,CHEV,CAMARO LT,3.6L  6,6,1G1FB1RS3G0******,CERT OF TITLE-SALVAGE TITLE,"117,714 A",ACTUAL,REAR END,60 USD,0 USD,0,AL - MONTGOMERY,0,N/A,N/A
https://www.copart.com/lot/69445465/salvage-2025-honda-civic-sport-al-montgomery,69445465,"26,221 USD",11/06/2025 12:00 pm CST,2025,HOND,CIVIC SPORT,2.0L  4,4,19XFL2H83SE******,CERT OF TITLE-SALVAGE TITLE,"6,783 A",ACTUAL,SIDE,60 USD,0 USD,0,AL - MONTGOMERY,0,N/A,N/A
https://www.copart.com/lot/69398785/salvage-2020-chevrolet-silverado-c1500-lt-al-montgomery,69398785,"21,267 USD",11/06/2025 12:00 pm CST,2020,CHEV,SILVERADO C1500 LT,5.3L  8,8,3GCPWCED3LG******,CERT OF TITLE-SALVAGE TITLE,"142,678 A",ACTUAL,FRONT END,0 USD,0 USD,0,AL - MONTGOMERY,0,N/A,N/A
https://www.copart.com/lot/69364055/salvage-2017-nissan-altima-2-5-al-montgomery,69364055,"8,901 USD",11/06/2025 12:00 pm CST,2017,NISS,ALTIMA 2.5,2.5L  4,4,1N4AL3APXHC******,CERT OF TITLE-SALVAGE TITLE,"120,888 A",ACTUAL,FRONT END,0 USD,0 USD,0,AL - MONTGOMERY,0,N/A,N/A
https://www.copart.com/lot/69357575/salvage-2016-subaru-legacy-2-5i-limited-al-montgomery,69357575,"6,176 USD",11/06/2025 12:00 pm CST,2016,SUBA,LEGACY 2.5I LIMITED,2.5L  4,4,4S3BNBN66G3******,CERT OF TITLE-SALVAGE TITLE,"184,929 A",ACTUAL,FRONT END,0 USD,0 USD,0,AL - MONTGOMERY,0,N/A,N/A
https://www.copart.com/lot/69327755/salvage-2019-gmc-sierra-k1500-denali-al-montgomery,69327755,"45,494 USD",11/06/2025 12:00 pm CST,2019,GMC,SIERRA K1500 DENALI,6.2L  8,8,1GTU9FEL5KZ******,CERT OF TITLE-SALVAGE TITLE,"44,264 A",ACTUAL,FRONT END,"2,600 USD",0 USD,0,AL - MONTGOMERY,0,N/A,N/A
https://www.copart.com/lot/69298515/salvage-2021-nissan-sentra-s-al-montgomery,69298515,"12,471 USD",11/06/2025 12:00 pm CST,2021,NISS,SENTRA S,2.0L  4,4,3N1AB8BV1MY******,CERT OF TITLE-SALVAGE TITLE,"110,943 A",ACTUAL,FRONT END,0 USD,0 USD,0,AL - MONTGOMERY,0,N/A,N/A
https://www.copart.com/lot/69275625/salvage-2015-kia-sorento-sx-al-montgomery,69275625,"6,221 USD",11/06/2025 12:00 pm CST,2015,KIA,SORENTO SX,3.3L  6,6,5XYKW4A71FG******,CERT OF TITLE-SALVAGED,0 N,NOT ACTUAL,FRONT END,0 USD,0 USD,0,AL - MONTGOMERY,0,N/A,N/A
https://www.copart.com/lot/69043105/clean-title-2016-kia-soul-al-montgomery,69043105,"1,690 USD",11/06/2025 12:00 pm CST,2016,KIA,SOUL,1.6L  4,4,KNDJN2A26G7******,CERTIFICATE OF TITLE,"110,382 A",ACTUAL,MECHANICAL,0 USD,0 USD,0,AL - MONTGOMERY,0,N/A,N/A
https://www.copart.com/lot/69033835/salvage-2020-chevrolet-traverse-premier-al-montgomery,69033835,"14,728 USD",11/06/2025 12:00 pm CST,2020,CHEV,TRAVERSE P,3.6L  6,6,1GNERKKW7LJ******,CERT OF TITLE-SALVAGE TITLE,"201,594 A",ACTUAL,SIDE,0 USD,0 USD,0,AL - MONTGOMERY,0,N/A,N/A
https://www.copart.com/lot/68931485/salvage-2023-hyundai-sonata-hybrid-al-montgomery,68931485,"23,089 USD",11/06/2025 12:00 pm CST,2023,HYUN,SONATA HYBRID,2.0L  4,4,KMHL54JJ3PA******,CERT OF TITLE-SALVAGE TITLE,"59,764 A",ACTUAL,FRONT END,0 USD,0 USD,0,AL - MONTGOMERY,0,N/A,N/A
https://www.copart.com/lot/68877865/salvage-2015-chevrolet-suburban-k1500-ltz-al-montgomery,68877865,"17,476 USD",11/06/2025 12:00 pm CST,2015,CHEV,SUBURBAN K,5.3L  8,8,1GNSKKKC1FR******,CERT OF TITLE-SALVAGE TITLE,0 N,NOT ACTUAL,FRONT END,0 USD,0 USD,0,AL - MONTGOMERY,0,N/A,N/A
https://www.copart.com/lot/68316905/salvage-2018-honda-accord-sport-al-montgomery,68316905,"13,128 USD",11/06/2025 12:00 pm CST,2018,HOND,ACCORD SPO,1.5L  4,4,1HGCV1F35JA******,CERT OF TITLE-SALVAGE TITLE,"145,381 A",ACTUAL,FRONT END,0 USD,0 USD,0,AL - MONTGOMERY,0,N/A,N/A
https://www.copart.com/lot/67569545/salvage-2022-ford-f150-supercrew-al-montgomery,67569545,"49,948 USD",11/06/2025 12:00 pm CST,2022,FORD,F150 SUPERCREW,5.0L  8,8,1FTFW1E50NK******,CERT OF TITLE-SALVAGE TITLE,"23,708 A",ACTUAL,FRONT END,0 USD,0 USD,0,AL - MONTGOMERY,0,N/A,N/A
https://www.copart.com/lot/67371155/salvage-2022-toyota-corolla-se-al-dothan,67371155,"15,231 USD",11/06/2025 12:00 pm CST,2022,TOYT,COROLLA SE,2.0L  4,4,5YFS4MCE5NP******,CERT OF TITLE-SALVAGE TITLE,"92,683 A",ACTUAL,FRONT END,0 USD,0 USD,0,AL - DOTHAN,0,N/A,N/A
https://www.copart.com/lot/67125195/salvage-2019-kia-optima-lx-al-dothan,67125195,"13,637 USD",11/06/2025 12:00 pm CST,2019,KIA,OPTIMA LX,2.4L  4,4,5XXGT4L30KG******,CERT OF TITLE-SALVAGE TITLE,"75,394 A",ACTUAL,FRONT END,0 USD,0 USD,0,AL - DOTHAN,0,N/A,N/A
https://www.copart.com/lot/66547575/salvage-2021-gmc-sierra-k1500-denali-al-montgomery,66547575,"45,757 USD",11/06/2025 12:00 pm CST,2021,GMC,SIERRA K15,5.3L  8,8,3GTU9FED4MG******,CERT OF TITLE-SALVAGE TITLE,"34,719 A",ACTUAL,FRONT END,"2,600 USD",0 USD,0,AL - MONTGOMERY,0,N/A,N/A
https://www.copart.com/lot/66398305/salvage-2022-toyota-4runner-sr5-al-montgomery,66398305,"34,026 USD",11/06/2025 12:00 pm CST,2022,TOYT,4RUNNER SR5,4.0L  6,6,JTEEU5JR5N5******,CERT OF TITLE-SALVAGE TITLE,"64,205 A",ACTUAL,ALL OVER,0 USD,0 USD,0,AL - MONTGOMERY,0,N/A,N/A
https://www.copart.com/lot/66369705/salvage-2019-chevrolet-silverado-k1500-lt-al-montgomery,66369705,"32,511 USD",11/06/2025 12:00 pm CST,2019,CHEV,SILVERADO K1500 LT,5.3L  8,8,3GCUYDED6KG******,CERT OF TITLE-SALVAGE TITLE,"56,237 N",NOT ACTUAL,ALL OVER,0 USD,0 USD,0,AL - MONTGOMERY,0,N/A,N/A
https://www.copart.com/lot/66041235/salvage-2020-hyundai-kona-sel-al-montgomery,66041235,"13,633 USD",11/06/2025 12:00 pm CST,2020,HYUN,KONA SEL,2.0L  4,4,KM8K22AA8LU******,CERT OF TITLE-SALVAGE TITLE,"80,885 A",ACTUAL,FRONT END,0 USD,0 USD,0,AL - MONTGOMERY,0,N/A,N/A
https://www.copart.com/lot/65963505/salvage-2018-hyundai-elantra-se-al-montgomery,65963505,"6,523 USD",11/06/2025 12:00 pm CST,2018,HYUN,ELANTRA SE,2.0L  4,4,5NPD74LF3JH******,CERT OF TITLE-SALVAGE TITLE,"124,719 A",ACTUAL,SIDE,0 USD,0 USD,0,AL - MONTGOMERY,0,N/A,N/A
https://www.copart.com/lot/65936945/salvage-2021-kia-soul-lx-al-montgomery,65936945,"14,925 USD",11/06/2025 12:00 pm CST,2021,KIA,SOUL LX,2.0L  4,4,KNDJ23AU7M7******,CERT OF TITLE-SALVAGE TITLE,"47,034 A",ACTUAL,REAR END,0 USD,0 USD,0,AL - MONTGOMERY,0,N/A,N/A
https://www.copart.com/lot/65455615/salvage-2020-honda-odyssey-exl-al-montgomery,65455615,"26,102 USD",11/06/2025 12:00 pm CST,2020,HOND,ODYSSEY EX,3.5L  6,6,5FNRL6H7XLB******,CERT OF TITLE-SALVAGE TITLE,"75,817 A",ACTUAL,FRONT END,60 USD,0 USD,0,AL - MONTGOMERY,0,N/A,N/A
https://www.copart.com/lot/65338575/salvage-2015-chrysler-200-limited-al-montgomery,65338575,"9,543 USD",11/06/2025 12:00 pm CST,2015,CHRY,200 LIMITED,2.4L  4,4,1C3CCCAB1FN******,CERT OF TITLE-SALVAGE TITLE,"76,163 A",ACTUAL,FRONT END,0 USD,0 USD,0,AL - MONTGOMERY,0,N/A,N/A
https://www.copart.com/lot/65075715/salvage-2020-toyota-sienna-xle-al-montgomery,65075715,"24,100 USD",11/06/2025 12:00 pm CST,2020,TOYT,SIENNA XLE,3.5L  6,6,5TDYZ3DC3LS******,CERT OF TITLE-SALVAGE TITLE,"108,550 A",ACTUAL,FRONT END,0 USD,0 USD,0,AL - MONTGOMERY,0,N/A,N/A
https://www.copart.com/lot/64942725/salvage-2018-toyota-rav4-le-al-montgomery,64942725,"19,986 USD",11/06/2025 12:00 pm CST,2018,TOYT,RAV4 LE,2.5L  4,4,2T3BFREV0JW******,CERT OF TITLE-SALVAGE TITLE,"57,619 N",NOT ACTUAL,REAR END,0 USD,0 USD,0,AL - MONTGOMERY,0,N/A,N/A
https://www.copart.com/lot/64746385/salvage-2019-chrysler-300-s-al-montgomery,64746385,"16,359 USD",11/06/2025 12:00 pm CST,2019,CHRY,300 S,3.6L  6,6,2C3CCABGXKH******,CERT OF TITLE-SALVAGE TITLE,"73,809 A",ACTUAL,SIDE,300 USD,0 USD,0,AL - MONTGOMERY,0,N/A,N/A
https://www.copart.com/lot/64653595/salvage-2015-nissan-pathfinder-s-al-montgomery,64653595,"9,943 USD",11/06/2025 12:00 pm CST,2015,NISS,PATHFINDER,3.5L  6,6,5N1AR2MN3FC******,CERT OF TITLE-SALVAGE TITLE,"135,987 A",ACTUAL,ROLLOVER,0 USD,0 USD,0,AL - MONTGOMERY,0,N/A,N/A
https://www.copart.com/lot/62083045/salvage-2015-ram-2500-slt-al-montgomery,62083045,"32,904 USD",11/06/2025 12:00 pm CST,2015,RAM,2500 SLT,6.7L  6,6,3C6UR5DL5FG******,CERT OF TITLE-SALVAGE TITLE,"152,845 A",ACTUAL,FRONT END,0 USD,0 USD,0,AL - MONTGOMERY,0,N/A,N/A
https://www.copart.com/lot/59533175/2021-acura-ilx-premium-al-montgomery,59533175,"17,898 USD",11/06/2025 12:00 pm CST,2021,ACUR,ILX PREMIU,2.4L  4,4,19UDE2F78MA******,CERT OF TITLE-PARTS ONLY SALVG,0 N,NOT ACTUAL,ROLLOVER,0 USD,0 USD,0,AL - MONTGOMERY,0,N/A,N/A
https://www.copart.com/lot/57713265/clean-title-2015-nissan-altima-2-5-al-dothan,57713265,"9,500 USD",11/06/2025 12:00 pm CST,2015,NISS,ALTIMA 2.5,2.5L  4,4,1N4AL3AP4FC******,CERTIFICATE OF TITLE,"107,634 N",NOT ACTUAL,SIDE,0 USD,0 USD,0,AL - DOTHAN,0,N/A,N/A
https://www.copart.com/lot/57653374/salvage-2022-cadillac-xt5-premium-luxury-al-montgomery,57653374,"30,234 USD",11/06/2025 12:00 pm CST,2022,CADI,XT5 PREMIU,3.6L  6,6,1GYKNDRS4NZ******,CERT OF TITLE-SALVAGE TITLE,"48,407 A",ACTUAL,ALL OVER,0 USD,0 USD,0,AL - MONTGOMERY,0,N/A,N/A
https://www.copart.com/lot/57349905/salvage-2019-chevrolet-spark-ls-al-montgomery,57349905,"7,275 USD",11/06/2025 12:00 pm CST,2019,CHEV,SPARK LS,1.4L  4,4,KL8CB6SA3KC******,CERT OF TITLE-SALVAGE TITLE,0 N,NOT ACTUAL,SIDE,0 USD,0 USD,0,AL - MONTGOMERY,0,N/A,N/A
https://www.copart.com/lot/56180645/salvage-2015-hyundai-santa-fe-sport-al-montgomery,56180645,"7,375 USD",11/06/2025 12:00 pm CST,2015,HYUN,SANTA FE SPORT,2.0L  4,4,5XYZU3LA8FG******,CERT OF TITLE-SALVAGE TITLE,"181,723 A",ACTUAL,FRONT END,0 USD,0 USD,0,AL - MONTGOMERY,0,N/A,N/A
https://www.copart.com/lot/55895695/salvage-2017-ford-explorer-al-montgomery,55895695,"12,620 USD",11/06/2025 12:00 pm CST,2017,FORD,EXPLORER,3.5L  6,6,1FM5K7B81HG******,CERT OF TITLE-SALVAGE TITLE,"127,526 A",ACTUAL,FRONT END,0 USD,0 USD,0,AL - MONTGOMERY,0,N/A,N/A
https://www.copart.com/lot/50136105/clean-title-2024-kia-seltos-s-al-dothan,50136105,"20,834 USD",11/06/2025 12:00 pm CST,2024,KIA,SELTOS S,2.0L  4,4,KNDEU2AA1R7******,CERTIFICATE OF TITLE,"13,261 A",ACTUAL,FRONT END,0 USD,0 USD,0,AL - DOTHAN,0,N/A,N/A
https://www.copart.com/lot/49721525/salvage-2018-jeep-wrangler-unlimited-sahara-al-dothan,49721525,"14,316 USD",11/06/2025 12:00 pm CST,2018,JEP,WRANGLER U,2.0L  4,4,1C4HJXENXJW******,CERT OF TITLE-SALVAGE TITLE,"200,845 A",ACTUAL,REAR END,0 USD,0 USD,0,AL - DOTHAN,0,N/A,N/A
https://www.copart.com/lot/48582885/salvage-2020-bmw-x3-xdrive30i-al-dothan,48582885,"19,155 USD",11/06/2025 12:00 pm CST,2020,BMW,X3 XDRIVE3,2.0L  4,4,5UXTY5C09LL******,CERT OF TITLE SLVG REBUILDABLE,"75,957 N",NOT ACTUAL,FRONT END,0 USD,0 USD,0,AL - DOTHAN,0,N/A,N/A
https://www.copart.com/lot/45044845/salvage-2018-nissan-titan-sv-al-dothan,45044845,"22,278 USD",11/06/2025 12:00 pm CST,2018,NISS,TITAN SV,5.6L  8,8,1N6AA1E67JN******,CERT OF TITLE-SALVAGE TITLE,"82,350 A",ACTUAL,FRONT END,0 USD,0 USD,0,AL - DOTHAN,0,N/A,N/A
https://www.copart.com/lot/43739185/salvage-2019-honda-hr-v-lx-al-montgomery,43739185,"18,667 USD",11/06/2025 12:00 pm CST,2019,HOND,HR-V LX,1.8L  4,4,3CZRU5H39KG******,SALVAGE VEHICLE TITLE,"37,952 A",ACTUAL,SIDE,0 USD,0 USD,0,AL - MONTGOMERY,0,N/A,N/A
https://www.copart.com/lot/90927105/clean-title-2015-buick-lacrosse-al-mobile,90927105,$1 USD,11/10/2025 12:00 pm CST,2015,BUIC,LACROSSE,3.6L  6,6,1G4GB5G35FF******,CERTIFICATE OF TITLE,"150,166 A",ACTUAL,MINOR DENT/SCRATCHES,0 USD,0 USD,0,AL - MOBILE,0,N/A,N/A
https://www.copart.com/lot/90251425/salvage-2018-honda-cr-v-touring-al-mobile,90251425,"20,361 USD",11/10/2025 12:00 pm CST,2018,HOND,CR-V TOURI,1.5L  4,4,7FARW1H97JE******,CERT OF TITLE SLVG REBUILDABLE,"62,197 N",NOT ACTUAL,REAR END,0 USD,0 USD,0,AL - MOBILE,0,N/A,N/A
https://www.copart.com/lot/89468345/clean-title-2019-chevrolet-suburban-c1500-lt-al-mobile,89468345,"29,150 USD",11/10/2025 12:00 pm CST,2019,CHEV,SUBURBAN C,5.3L  8,8,1GNSCHKC2KR******,CERTIFICATE OF TITLE,"269,121 A",ACTUAL,MECHANICAL,0 USD,0 USD,0,AL - MOBILE,0,N/A,N/A
https://www.copart.com/lot/89456635/salvage-2015-chevrolet-impala-lt-al-mobile,89456635,"10,042 USD",11/10/2025 12:00 pm CST,2015,CHEV,IMPALA LT,3.6L  6,6,2G1125S3XF9******,CERT OF TITLE SLVG REBUILDABLE,"132,976 A",ACTUAL,FRONT END,0 USD,0 USD,0,AL - MOBILE,0,N/A,N/A
https://www.copart.com/lot/86408555/clean-title-2024-subaru-ascent-touring-al-mobile,86408555,"40,512 USD",11/10/2025 12:00 pm CST,2024,SUBA,ASCENT TOU,2.4L  4,4,4S4WMAWD1R3******,CERTIFICATE OF TITLE,"29,631 A",ACTUAL,FRONT END,0 USD,0 USD,0,AL - MOBILE,0,N/A,N/A
https://www.copart.com/lot/85783145/2020-jeep-cherokee-latitude-plus-al-mobile,85783145,"15,074 USD",11/10/2025 12:00 pm CST,2020,JEP,CHEROKEE L,2.4L  4,4,1C4PJLLB6LD******,CERTIFICATE OF DESTRUCTION,"80,819 A",ACTUAL,FRONT END,0 USD,0 USD,0,AL - MOBILE,0,N/A,N/A
https://www.copart.com/lot/85544145/salvage-2016-fiat-500x-easy-al-mobile,85544145,"8,465 USD",11/10/2025 12:00 pm CST,2016,FIAT,500X EASY,2.4L  4,4,ZFBCFXBT9GP******,CERT OF TITLE-SALVAGED,"92,338 N",NOT ACTUAL,FRONT END,0 USD,0 USD,0,AL - MOBILE,0,N/A,N/A
https://www.copart.com/lot/85172045/salvage-2021-toyota-rav4-le-al-mobile,85172045,"18,794 USD",11/10/2025 12:00 pm CST,2021,TOYT,RAV4 LE,2.5L  4,4,2T3H1RFV6MC******,CERT OF TITLE SLVG REBUILDABLE,"127,255 A",ACTUAL,SIDE,0 USD,0 USD,0,AL - MOBILE,0,N/A,N/A
https://www.copart.com/lot/85165775/salvage-2017-toyota-4runner-sr5-al-mobile,85165775,"20,309 USD",11/10/2025 12:00 pm CST,2017,TOYT,4RUNNER SR5,4.0L  6,6,JTEZU5JR1H5******,CERT OF TITLE-SALVAGE TITLE,"206,198 A",ACTUAL,SIDE,0 USD,0 USD,0,AL - MOBILE,0,N/A,N/A
https://www.copart.com/lot/84921915/salvage-2019-chevrolet-impala-lt-al-mobile,84921915,"14,029 USD",11/10/2025 12:00 pm CST,2019,CHEV,IMPALA LT,3.6L  6,6,2G11Z5S31K9******,CERT OF TITLE-SALVAGE TITLE,"113,210 A",ACTUAL,FRONT END,0 USD,0 USD,0,AL - MOBILE,0,N/A,N/A
https://www.copart.com/lot/84659535/salvage-2023-genesis-g80-sport-prestige-al-mobile,84659535,"38,047 USD",11/10/2025 12:00 pm CST,2023,GENS,G80 SPORT PRESTIGE,2.5L  4,4,KMTGA4SC1PU******,CERT OF TITLE-SALVAGED,"40,629 A",ACTUAL,FRONT END,0 USD,0 USD,0,AL - MOBILE,0,N/A,N/A
https://www.copart.com/lot/84462435/clean-title-2016-chevrolet-malibu-ls-al-mobile,84462435,$1 USD,11/10/2025 12:00 pm CST,2016,CHEV,MALIBU LS,1.5L  4,4,1G1ZB5ST7GF******,CERTIFICATE OF TITLE,"276,662 A",ACTUAL,MINOR DENT/SCRATCHES,0 USD,0 USD,0,AL - MOBILE,0,N/A,N/A
https://www.copart.com/lot/84041965/salvage-2024-subaru-crosstrek-limited-al-mobile,84041965,"28,398 USD",11/10/2025 12:00 pm CST,2024,SUBA,CROSSTREK,2.5L  4,4,4S4GUHM63R3******,CERT OF TITLE-SALVAGE TITLE,"15,814 A",ACTUAL,FRONT END,0 USD,0 USD,0,AL - MOBILE,0,N/A,N/A
https://www.copart.com/lot/83818945/salvage-2021-chevrolet-blazer-premier-al-mobile,83818945,"27,137 USD",11/10/2025 12:00 pm CST,2021,CHEV,BLAZER PRE,3.6L  6,6,3GNKBFRS8MS******,CERT OF TITLE-SALVAGE TITLE,"39,394 A",ACTUAL,FRONT END,0 USD,0 USD,0,AL - MOBILE,0,N/A,N/A
https://www.copart.com/lot/81754675/salvage-2015-ford-focus-se-al-mobile,81754675,"4,875 USD",11/10/2025 12:00 pm CST,2015,FORD,FOCUS SE,2.0L  4,4,1FADP3K22FL******,CERT OF TITLE SLVG REBUILDABLE,"80,115 A",ACTUAL,SIDE,0 USD,0 USD,0,AL - MOBILE,0,N/A,N/A
https://www.copart.com/lot/81613225/salvage-2022-toyota-corolla-le-al-mobile,81613225,"16,951 USD",11/10/2025 12:00 pm CST,2022,TOYT,COROLLA LE,1.8L  4,4,5YFEPMAE8NP******,CERT OF TITLE SLVG REBUILDABLE,"85,180 A",ACTUAL,FRONT END,0 USD,0 USD,0,AL - MOBILE,0,N/A,N/A
https://www.copart.com/lot/81547095/salvage-2021-honda-civic-sport-al-mobile,81547095,"15,365 USD",11/10/2025 12:00 pm CST,2021,HOND,CIVIC SPORT,1.5L  4,4,SHHFK7H40MU******,CERT OF TITLE-SALVAGED,0 N,NOT ACTUAL,MINOR DENT/SCRATCHES,250 USD,0 USD,0,AL - MOBILE,0,N/A,N/A
https://www.copart.com/lot/81272415/salvage-2025-kia-sorento-sx-al-mobile,81272415,"40,397 USD",11/10/2025 12:00 pm CST,2025,KIA,SORENTO SX,2.5L  4,4,5XYRK4JF2SG******,CERT OF TITLE SLVG REBUILDABLE,"14,678 A",ACTUAL,FRONT END,0 USD,0 USD,0,AL - MOBILE,0,N/A,N/A
https://www.copart.com/lot/80486605/salvage-2019-chevrolet-trax-1lt-al-mobile,80486605,"11,296 USD",11/10/2025 12:00 pm CST,2019,CHEV,TRAX 1LT,1.4L  4,4,3GNCJLSB6KL******,CERT OF TITLE-SALVAGE TITLE,"143,311 A",ACTUAL,FRONT END,0 USD,0 USD,0,AL - MOBILE,0,N/A,N/A
https://www.copart.com/lot/80186575/salvage-2015-bmw-x3-xdrive28i-al-mobile,80186575,"9,977 USD",11/10/2025 12:00 pm CST,2015,BMW,X3 XDRIVE2,2.0L  4,4,5UXWX9C56F0******,CERT OF TITLE SLVG REBUILDABLE,0 N,NOT ACTUAL,BURN - ENGINE,0 USD,0 USD,0,AL - MOBILE,0,N/A,N/A
https://www.copart.com/lot/80026765/salvage-2021-lexus-is-350-f-sport-al-mobile,80026765,"31,059 USD",11/10/2025 12:00 pm CST,2021,LEXS,IS 350 F S,3.5L  6,6,JTHGZ1B20M5******,CERT OF TITLE-SALVAGE TITLE,"81,925 A",ACTUAL,FRONT END,0 USD,0 USD,0,AL - MOBILE,0,N/A,N/A
https://www.copart.com/lot/78738424/salvage-2021-ford-f150-supercrew-al-mobile,78738424,"47,273 USD",11/10/2025 12:00 pm CST,2021,FORD,F150 SUPER,3.5L  6,6,1FTFW1E87MF******,CERT OF TITLE-SALVAGE TITLE,"107,760 A",ACTUAL,FRONT END,0 USD,0 USD,0,AL - MOBILE,0,N/A,N/A
https://www.copart.com/lot/71869935/salvage-2016-toyota-camry-le-al-mobile,71869935,"8,570 USD",11/10/2025 12:00 pm CST,2016,TOYT,CAMRY LE,2.5L  4,4,4T1BF1FK0GU******,CERT OF TITLE-SALVAGE TITLE,"276,858 A",ACTUAL,REAR END,0 USD,0 USD,0,AL - MOBILE,0,N/A,N/A
https://www.copart.com/lot/71865855/salvage-2018-hyundai-sonata-sport-al-mobile,71865855,"10,831 USD",11/10/2025 12:00 pm CST,2018,HYUN,SONATA SPORT,2.4L  4,4,5NPE34AFXJH******,CERT OF TITLE-SALVAGE TITLE,"236,553 A",ACTUAL,FRONT END,0 USD,0 USD,0,AL - MOBILE,0,N/A,N/A
https://www.copart.com/lot/71852255/salvage-2019-gmc-sierra-k1500-denali-al-mobile,71852255,"41,404 USD",11/10/2025 12:00 pm CST,2019,GMC,SIERRA K15,6.2L  8,8,1GTU9FEL1KZ******,CERT OF TITLE-SALVAGE TITLE,"123,445 A",ACTUAL,FRONT END,0 USD,0 USD,0,AL - MOBILE,0,N/A,N/A
https://www.copart.com/lot/71741235/salvage-2017-honda-civic-ex-al-mobile,71741235,"13,257 USD",11/10/2025 12:00 pm CST,2017,HOND,CIVIC EX,1.5L  4,4,19XFC1F3XHE******,CERT OF TITLE-SALVAGE TITLE,"151,987 A",ACTUAL,FRONT END,0 USD,0 USD,0,AL - MOBILE,0,N/A,N/A
https://www.copart.com/lot/71716985/salvage-2019-ford-expedition-platinum-al-mobile,71716985,"29,440 USD",11/10/2025 12:00 pm CST,2019,FORD,EXPEDITION PLATINUM,3.5L  6,6,1FMJU1LT6KE******,CERT OF TITLE-SALVAGE TITLE,"93,534 A",ACTUAL,FRONT END,0 USD,0 USD,0,AL - MOBILE,0,N/A,N/A
https://www.copart.com/lot/71551555/salvage-2017-honda-civic-lx-al-mobile,71551555,"9,003 USD",11/10/2025 12:00 pm CST,2017,HOND,CIVIC LX,2.0L  4,4,2HGFC4A57HH******,CERT OF TITLE-SALVAGE TITLE,"190,382 A",ACTUAL,FRONT END,0 USD,0 USD,0,AL - MOBILE,0,N/A,N/A
https://www.copart.com/lot/71370785/clean-title-2019-kia-sportage-lx-al-mobile,71370785,"13,700 USD",11/10/2025 12:00 pm CST,2019,KIA,SPORTAGE L,2.4L  4,4,KNDPMCAC4K7******,CERTIFICATE OF TITLE,"209,757 A",ACTUAL,MINOR DENT/SCRATCHES,0 USD,0 USD,0,AL - MOBILE,0,N/A,N/A
https://www.copart.com/lot/71326215/salvage-2020-toyota-sienna-xle-al-mobile,71326215,"26,216 USD",11/10/2025 12:00 pm CST,2020,TOYT,SIENNA XLE,3.5L  6,6,5TDYZ3DC3LS******,CERT OF TITLE-SALVAGED,"99,246 A",ACTUAL,FRONT END,0 USD,0 USD,0,AL - MOBILE,0,N/A,N/A
https://www.copart.com/lot/70961475/salvage-2015-honda-cr-v-ex-al-mobile,70961475,"11,905 USD",11/10/2025 12:00 pm CST,2015,HOND,CR-V EX,2.4L  4,4,2HKRM3H5XFH******,CERT OF TITLE-SALVAGE TITLE,"164,656 A",ACTUAL,FRONT END,0 USD,0 USD,0,AL - MOBILE,0,N/A,N/A
https://www.copart.com/lot/70853445/salvage-2018-toyota-corolla-l-al-mobile,70853445,"10,851 USD",11/10/2025 12:00 pm CST,2018,TOYT,COROLLA L,1.8L  4,4,2T1BURHE1JC******,CERT OF TITLE SLVG REBUILDABLE,0 N,NOT ACTUAL,SIDE,0 USD,0 USD,0,AL - MOBILE,0,N/A,N/A
https://www.copart.com/lot/70648405/salvage-2023-toyota-camry-se-night-shade-al-mobile,70648405,"20,064 USD",11/10/2025 12:00 pm CST,2023,TOYT,CAMRY SE NIGHT SHADE,2.5L  4,4,4T1G11AKXPU******,CERT OF TITLE-SALVAGE TITLE,"101,896 A",ACTUAL,FRONT END,0 USD,0 USD,0,AL - MOBILE,0,N/A,N/A
https://www.copart.com/lot/70451065/salvage-2018-nissan-rogue-sport-s-al-mobile,70451065,"14,409 USD",11/10/2025 12:00 pm CST,2018,NISS,ROGUE SPORT S,2.0L  4,4,JN1BJ1CPXJW******,CERT OF TITLE-SALVAGE TITLE,"91,129 A",ACTUAL,SIDE,0 USD,0 USD,0,AL - MOBILE,0,N/A,N/A
https://www.copart.com/lot/69829245/salvage-2021-chevrolet-malibu-ls-al-mobile,69829245,"16,188 USD",11/10/2025 12:00 pm CST,2021,CHEV,MALIBU LS,1.5L  4,4,1G1ZB5ST6MF******,CERT OF TITLE-SALVAGE TITLE,"51,609 A",ACTUAL,FRONT END,0 USD,0 USD,0,AL - MOBILE,0,N/A,N/A
https://www.copart.com/lot/69824805/salvage-2021-honda-civic-sport-al-mobile,69824805,"20,965 USD",11/10/2025 12:00 pm CST,2021,HOND,CIVIC SPORT,1.5L  4,4,SHHFK7H41MU******,CERT OF TITLE-SALVAGE TITLE,"64,255 A",ACTUAL,FRONT END,0 USD,0 USD,0,AL - MOBILE,0,N/A,N/A
https://www.copart.com/lot/69743895/salvage-2015-ford-f150-supercrew-al-mobile,69743895,"18,956 USD",11/10/2025 12:00 pm CST,2015,FORD,F150 SUPERCREW,3.5L  6,6,1FTEW1EG1FF******,CERT OF TITLE-SALVAGE TITLE,"173,458 A",ACTUAL,REAR END,0 USD,0 USD,0,AL - MOBILE,0,N/A,N/A
https://www.copart.com/lot/68852305/salvage-2022-chevrolet-colorado-lt-al-mobile,68852305,"25,621 USD",11/10/2025 12:00 pm CST,2022,CHEV,COLORADO LT,3.6L  6,6,1GCGSCEN1N1******,CERT OF TITLE-SALVAGED,"50,984 A",ACTUAL,REAR END,0 USD,0 USD,0,AL - MOBILE,0,N/A,N/A
https://www.copart.com/lot/68838005/salvage-2018-mitsubishi-mirage-es-al-mobile,68838005,"7,470 USD",11/10/2025 12:00 pm CST,2018,MITS,MIRAGE ES,1.2L  3,3,ML32A3HJ2JH******,CERT OF TITLE-SALVAGE,"75,766 A",ACTUAL,SIDE,0 USD,0 USD,0,AL - MOBILE,0,N/A,N/A
https://www.copart.com/lot/68478355/salvage-2016-ford-explorer-xlt-al-mobile,68478355,"11,905 USD",11/10/2025 12:00 pm CST,2016,FORD,EXPLORER XLT,3.5L  6,6,1FM5K8D82GG******,CERT OF TITLE-SALVAGE TITLE,"163,246 N",NOT ACTUAL,FRONT END,0 USD,0 USD,0,AL - MOBILE,0,N/A,N/A
https://www.copart.com/lot/68283115/salvage-2015-cadillac-srx-luxury-collection-al-mobile,68283115,"11,288 USD",11/10/2025 12:00 pm CST,2015,CADI,SRX LUXURY COLLECTION,3.6L  6,6,3GYFNBE30FS******,CERT OF TITLE-SALVAGED,"136,161 N",NOT ACTUAL,REAR END,0 USD,0 USD,0,AL - MOBILE,0,N/A,N/A
https://www.copart.com/lot/68205635/salvage-2023-kia-sportage-lx-al-mobile,68205635,"21,375 USD",11/10/2025 12:00 pm CST,2023,KIA,SPORTAGE LX,2.5L  4,4,KNDPU3AF0P7******,CERT OF TITLE-SALVAGE TITLE,"50,695 A",ACTUAL,FRONT END,0 USD,0 USD,0,AL - MOBILE,0,N/A,N/A
https://www.copart.com/lot/67601735/salvage-2022-chevrolet-equinox-lt-al-mobile,67601735,"18,127 USD",11/10/2025 12:00 pm CST,2022,CHEV,EQUINOX LT,1.5L  4,4,3GNAXKEV9NL******,CERT OF TITLE-SALVAGE TITLE,0 N,NOT ACTUAL,FRONT END,0 USD,0 USD,0,AL - MOBILE,0,N/A,N/A
https://www.copart.com/lot/67182945/clean-title-2015-nissan-pathfinder-s-al-mobile,67182945,$1 USD,11/10/2025 12:00 pm CST,2015,NISS,PATHFINDER,3.5L  6,6,5N1AR2MN0FC******,CERTIFICATE OF TITLE,"139,769 A",ACTUAL,MINOR DENT/SCRATCHES,0 USD,0 USD,0,AL - MOBILE,0,N/A,N/A
https://www.copart.com/lot/67133355/salvage-2022-toyota-4runner-sr5-al-mobile,67133355,"34,521 USD",11/10/2025 12:00 pm CST,2022,TOYT,4RUNNER SR5,4.0L  6,6,JTEFU5JR6N5******,CERT OF TITLE-SALVAGED,"88,594 A",ACTUAL,FRONT END,0 USD,0 USD,0,AL - MOBILE,0,N/A,N/A
https://www.copart.com/lot/66459055/clean-title-2023-cadillac-escalade-premium-luxury-al-mobile,66459055,"90,481 USD",11/10/2025 12:00 pm CST,2023,CADI,ESCALADE PREMIUM LUXURY,6.2L  8,8,1GYS3CKL6PR******,CERTIFICATE OF TITLE,"22,604 A",ACTUAL,MINOR DENT/SCRATCHES,"2,050 USD",0 USD,0,AL - MOBILE,0,N/A,N/A
https://www.copart.com/lot/65818935/salvage-2020-nissan-sentra-sv-al-mobile,65818935,"13,871 USD",11/10/2025 12:00 pm CST,2020,NISS,SENTRA SV,2.0L  4,4,3N1AB8CV6LY******,CERT OF TITLE-SALVAGED,"69,030 A",ACTUAL,FRONT END,0 USD,0 USD,0,AL - MOBILE,0,N/A,N/A
https://www.copart.com/lot/65735305/salvage-2023-honda-accord-hybrid-sport-l-al-mobile,65735305,"31,745 USD",11/10/2025 12:00 pm CST,2023,HOND,ACCORD HYBRID SPORT-L,2.0L  4,4,1HGCY2F79PA******,CERT OF TITLE-SALVAGE TITLE,"13,234 A",ACTUAL,REAR END,0 USD,0 USD,0,AL - MOBILE,0,N/A,N/A
https://www.copart.com/lot/65639205/salvage-2025-toyota-corolla-le-al-mobile,65639205,"23,300 USD",11/10/2025 12:00 pm CST,2025,TOYT,COROLLA LE,2.0L  4,4,5YFB4MDE9SP******,CERT OF TITLE-SALVAGE TITLE,"1,408 A",ACTUAL,FRONT END,0 USD,0 USD,0,AL - MOBILE,0,N/A,N/A
https://www.copart.com/lot/65214225/salvage-2021-nissan-frontier-s-al-mobile,65214225,"26,063 USD",11/10/2025 12:00 pm CST,2021,NISS,FRONTIER S,3.8L  6,6,1N6ED0EA8MN******,CERT OF TITLE-SALVAGED,"54,097 A",ACTUAL,FRONT END,0 USD,0 USD,0,AL - MOBILE,0,N/A,N/A
https://www.copart.com/lot/65045605/salvage-2018-chevrolet-cruze-limited-ls-al-mobile,65045605,"3,488 USD",11/10/2025 12:00 pm CST,2018,CHEV,CRUZE LT,1.8L  4,4,1G1PC5SH5G7******,CERT OF TITLE-SALVAGE TITLE,"187,739 A",ACTUAL,FRONT END,0 USD,0 USD,0,AL - MOBILE,0,N/A,N/A
https://www.copart.com/lot/64126435/salvage-2018-nissan-titan-xd-s-al-mobile,64126435,"19,388 USD",11/10/2025 12:00 pm CST,2018,NISS,TITAN XD S,5.6L  8,8,1N6AA1C32JN******,CERT OF TITLE-SALVAGED,"91,202 A",ACTUAL,FRONT END,0 USD,0 USD,0,AL - MOBILE,0,N/A,N/A
https://www.copart.com/lot/64114845/salvage-2019-ram-1500-classic-slt-al-mobile,64114845,"19,408 USD",11/10/2025 12:00 pm CST,2019,RAM,1500 CLASSIC SLT,5.7L  8,8,1C6RR7TT6KS******,CERT OF TITLE-SALVAGED,"184,371 A",ACTUAL,SIDE,0 USD,0 USD,0,AL - MOBILE,0,N/A,N/A
https://www.copart.com/lot/62413395/salvage-2021-kia-seltos-lx-al-mobile,62413395,"16,900 USD",11/10/2025 12:00 pm CST,2021,KIA,SELTOS LX,2.0L  4,4,KNDEPCAAXM7******,CERT OF TITLE-SALVAGE,"61,087 A",ACTUAL,FRONT END,0 USD,0 USD,0,AL - MOBILE,0,N/A,N/A
https://www.copart.com/lot/60687515/salvage-2018-chevrolet-impala-lt-al-mobile,60687515,"11,620 USD",11/10/2025 12:00 pm CST,2018,CHEV,IMPALA LT,3.6L  6,6,2G1105S30J9******,CERT OF TITLE-SALVAGED,"159,434 A",ACTUAL,REAR END,0 USD,0 USD,0,AL - MOBILE,0,N/A,N/A
https://www.copart.com/lot/58893275/salvage-2019-acura-tlx-al-mobile,58893275,"16,810 USD",11/10/2025 12:00 pm CST,2019,ACUR,TLX,2.4L  4,4,19UUB1F36KA******,CERT OF TITLE-SALVAGE TITLE,"121,546 A",ACTUAL,SIDE,0 USD,0 USD,0,AL - MOBILE,0,N/A,N/A
https://www.copart.com/lot/53802195/salvage-2021-tesla-model-3-al-mobile,53802195,"29,017 USD",11/10/2025 12:00 pm CST,2021,TESL,MODEL 3,,,5YJ3E1EB4MF******,CERT OF TITLE-SALVAGE,"54,113 A",ACTUAL,SIDE,0 USD,0 USD,0,AL - MOBILE,0,N/A,N/A
https://www.copart.com/lot/53342225/salvage-2024-kia-sportage-ex-al-mobile,53342225,"26,202 USD",11/10/2025 12:00 pm CST,2024,KIA,SPORTAGE EX,2.5L  4,4,5XYK33DF8RG******,CERT OF TITLE-SALVAGE TITLE,"24,223 N",NOT ACTUAL,NORMAL WEAR,0 USD,0 USD,0,AL - MOBILE,0,N/A,N/A